<?xml version="1.0" encoding="UTF-8"?>
<!DOCTYPE isys [
	<!ELEMENT isys (info|queries)*>
	<!ELEMENT info (title|version|requirement|directory|revision|release)*>
	<!ELEMENT title (#PCDATA)>
	<!ELEMENT version (#PCDATA)>
	<!ELEMENT requirement (revision|version)*>
	<!ELEMENT revision (#PCDATA)>
	<!ELEMENT directory (#PCDATA)>
	<!ELEMENT release (#PCDATA)>
	<!ELEMENT queries (query)*>
	<!ELEMENT query (id|title|check|errmsg|sql)*>
	<!ELEMENT id (#PCDATA)>
	<!ELEMENT check (#PCDATA)>
	<!ATTLIST check ident CDATA #REQUIRED>
	<!ELEMENT errmsg (#PCDATA)>
	<!ELEMENT sql (exec)*>
	<!ELEMENT exec (#PCDATA)>
	<!ATTLIST exec ident CDATA #REQUIRED>
	]>
<isys>
	<info>
		<title>Maintenance</title>
		<version>1.0</version>
		<release>2015-04-01</release>
	</info>
	<queries>
		<query>
			<id>1</id>
			<title>Creating table "isys_maintenance_type"</title>
			<check ident="C_CREATE_TABLE">isys_maintenance_type</check>
			<errmsg></errmsg>
			<sql>
				<exec ident="false">
					CREATE TABLE IF NOT EXISTS `isys_maintenance_type` (
					`isys_maintenance_type__id` int(10) unsigned NOT NULL AUTO_INCREMENT,
					`isys_maintenance_type__title` varchar(255) COLLATE utf8_unicode_ci DEFAULT NULL,
					`isys_maintenance_type__description` text COLLATE utf8_unicode_ci,
					`isys_maintenance_type__sort` int(11) DEFAULT '5',
					`isys_maintenance_type__property` int(10) unsigned DEFAULT '0',
					`isys_maintenance_type__const` varchar(255) COLLATE utf8_unicode_ci DEFAULT NULL,
					`isys_maintenance_type__status` int(10) unsigned DEFAULT '2',
					PRIMARY KEY (`isys_maintenance_type__id`)
					) ENGINE=InnoDB DEFAULT CHARSET=utf8 COLLATE=utf8_unicode_ci;

					INSERT INTO `isys_maintenance_type` (`isys_maintenance_type__title`, `isys_maintenance_type__description`, `isys_maintenance_type__const`, `isys_maintenance_type__status`) VALUES
					('LC__MAINTENANCE__TYPE__CLIENT_MAINTENANCE', 'Standard client maintenance', 'C__MAINTENANCE__TYPE__CLIENT_MAINTENANCE', 2);
				</exec>
			</sql>
		</query>

		<query>
			<id>2</id>
			<title>Creating table "isys_maintenance_mailtemplate"</title>
			<check ident="C_CREATE_TABLE">isys_maintenance_mailtemplate</check>
			<errmsg></errmsg>
			<sql>
				<exec ident="false">
					CREATE TABLE IF NOT EXISTS `isys_maintenance_mailtemplate` (
					`isys_maintenance_mailtemplate__id` int(10) unsigned NOT NULL AUTO_INCREMENT,
					`isys_maintenance_mailtemplate__title` varchar(255) COLLATE utf8_unicode_ci DEFAULT NULL,
					`isys_maintenance_mailtemplate__text` text COLLATE utf8_unicode_ci,
					`isys_maintenance_mailtemplate__status` int(10) unsigned DEFAULT '2',
					PRIMARY KEY (`isys_maintenance_mailtemplate__id`)
					) ENGINE=InnoDB DEFAULT CHARSET=utf8 COLLATE=utf8_unicode_ci;
				</exec>
			</sql>
		</query>

		<query>
			<id>3</id>
			<title>Creating table "isys_maintenance"</title>
			<check ident="C_CREATE_TABLE">isys_maintenance</check>
			<errmsg></errmsg>
			<sql>
				<exec ident="false">
					CREATE TABLE IF NOT EXISTS `isys_maintenance` (
					`isys_maintenance__id` int(10) unsigned NOT NULL AUTO_INCREMENT,
					`isys_maintenance__isys_maintenance_type__id` int(10) unsigned NULL,
					`isys_maintenance__date_from` date DEFAULT NULL,
					`isys_maintenance__date_to` date DEFAULT NULL,
					`isys_maintenance__comment` text COLLATE utf8_unicode_ci,
					`isys_maintenance__finished` datetime DEFAULT NULL,
					`isys_maintenance__mail_dispatched` datetime DEFAULT NULL,
					`isys_maintenance__isys_maintenance_mailtemplate__id` int(10) unsigned NULL,
					`isys_maintenance__isys_contact_tag__id` int(10) unsigned NULL,
					`isys_maintenance__status` int(10) unsigned DEFAULT '2',
					PRIMARY KEY (`isys_maintenance__id`),
					KEY (`isys_maintenance__isys_maintenance_type__id`),
					KEY (`isys_maintenance__isys_maintenance_mailtemplate__id`),
					KEY (`isys_maintenance__isys_contact_tag__id`)
					) ENGINE=InnoDB DEFAULT CHARSET=utf8 COLLATE=utf8_unicode_ci;

					ALTER TABLE `isys_maintenance`
					ADD CONSTRAINT `isys_maintenance__isys_maintenance_type__id` FOREIGN KEY (`isys_maintenance__isys_maintenance_type__id`) REFERENCES `isys_maintenance_type` (`isys_maintenance_type__id`) ON DELETE SET NULL ON UPDATE CASCADE,
					ADD CONSTRAINT `isys_maintenance__isys_maintenance_mailtemplate__id` FOREIGN KEY (`isys_maintenance__isys_maintenance_mailtemplate__id`) REFERENCES `isys_maintenance_mailtemplate` (`isys_maintenance_mailtemplate__id`) ON DELETE SET NULL ON UPDATE CASCADE,
					ADD CONSTRAINT `isys_maintenance__isys_contact_tag__id` FOREIGN KEY (`isys_maintenance__isys_contact_tag__id`) REFERENCES `isys_contact_tag` (`isys_contact_tag__id`) ON DELETE SET NULL ON UPDATE CASCADE;
				</exec>
			</sql>
		</query>

		<query>
			<id>4</id>
			<title>Creating table "isys_maintenance_2_contact"</title>
			<check ident="C_CREATE_TABLE">isys_maintenance_2_contact</check>
			<errmsg></errmsg>
			<sql>
				<exec ident="false">
					CREATE TABLE IF NOT EXISTS `isys_maintenance_2_contact` (
					`isys_maintenance_2_contact__id` int(10) unsigned NOT NULL AUTO_INCREMENT,
					`isys_maintenance_2_contact__isys_maintenance__id` int(10) unsigned NOT NULL,
					`isys_maintenance_2_contact__isys_obj__id` int(10) unsigned NOT NULL,
					PRIMARY KEY (`isys_maintenance_2_contact__id`),
					CONSTRAINT `isys_maintenance_2_contact__isys_maintenance__id` FOREIGN KEY (`isys_maintenance_2_contact__isys_maintenance__id`) REFERENCES `isys_maintenance` (`isys_maintenance__id`) ON DELETE CASCADE ON UPDATE CASCADE,
					CONSTRAINT `isys_maintenance_2_contact__isys_obj__id` FOREIGN KEY (`isys_maintenance_2_contact__isys_obj__id`) REFERENCES `isys_obj` (`isys_obj__id`) ON DELETE CASCADE ON UPDATE CASCADE
					) ENGINE=InnoDB DEFAULT CHARSET=utf8 COLLATE=utf8_unicode_ci;
				</exec>
			</sql>
		</query>

		<query>
			<id>5</id>
			<title>Creating table "isys_maintenance_2_object"</title>
			<check ident="C_CREATE_TABLE">isys_maintenance_2_object</check>
			<errmsg></errmsg>
			<sql>
				<exec ident="false">
					CREATE TABLE IF NOT EXISTS `isys_maintenance_2_object` (
					`isys_maintenance_2_object__id` int(10) unsigned NOT NULL AUTO_INCREMENT,
					`isys_maintenance_2_object__isys_maintenance__id` int(10) unsigned NOT NULL,
					`isys_maintenance_2_object__isys_obj__id` int(10) unsigned NOT NULL,
					PRIMARY KEY (`isys_maintenance_2_object__id`),
					CONSTRAINT `isys_maintenance_2_object__isys_maintenance__id` FOREIGN KEY (`isys_maintenance_2_object__isys_maintenance__id`) REFERENCES `isys_maintenance` (`isys_maintenance__id`) ON DELETE CASCADE ON UPDATE CASCADE,
					CONSTRAINT `isys_maintenance_2_object__isys_obj__id` FOREIGN KEY (`isys_maintenance_2_object__isys_obj__id`) REFERENCES `isys_obj` (`isys_obj__id`) ON DELETE CASCADE ON UPDATE CASCADE
					) ENGINE=InnoDB DEFAULT CHARSET=utf8 COLLATE=utf8_unicode_ci;
				</exec>
			</sql>
		</query>

		<query>
			<id>6</id>
			<title>Creating a new logbook source "C__LOGBOOK_SOURCE__MAINTENANCE"</title>
			<check ident="C_VALUE_EXISTS">SELECT isys_logbook_source__id FROM isys_logbook_source WHERE isys_logbook_source__const LIKE 'C__LOGBOOK_SOURCE__MAINTENANCE'</check>
			<sql>
				<exec ident="false">
					INSERT INTO isys_logbook_source (`isys_logbook_source__title`, `isys_logbook_source__description`, `isys_logbook_source__const`, `isys_logbook_source__property`, `isys_logbook_source__status`)
					VALUES ('LC__LOGBOOK_SOURCE__MAINTENANCE', 'Will be used, when a object gets maintained by "maintenance" module', 'C__LOGBOOK_SOURCE__MAINTENANCE', '0', '1');
				</exec>
			</sql>
		</query>

		<query>
			<id>7</id>
			<title>Creating a new logbook source "C__LOGBOOK_SOURCE__MAINTENANCE"</title>
			<check ident="C_VALUE_EXISTS">SELECT isysgui_catg__id FROM isysgui_catg WHERE isysgui_catg__const LIKE 'C__CATG__VIRTUAL_MAINTENANCE'</check>
			<sql>
				<exec ident="false">
					INSERT INTO `isysgui_catg` (`isysgui_catg__type`, `isysgui_catg__title`, `isysgui_catg__const`, `isysgui_catg__source_table`, `isysgui_catg__class_name`, `isysgui_catg__list_multi_value`, `isysgui_catg__search`, `isysgui_catg__status`, `isysgui_catg__standard`, `isysgui_catg__overview`) VALUES
					(1, 'LC__CATG__VIRTUAL_MAINTENANCE', 'C__CATG__VIRTUAL_MAINTENANCE', 'isys_catg_virtual', 'isys_cmdb_dao_category_g_virtual_maintenance', 0, 0, 2, 0, 0);
				</exec>
			</sql>
		</query>

        <!-- WARTUNG-2 -->
        <query>
            <id>8</id>
            <title>Change field "from" from datetime to date</title>
            <check ident="C_CHANGE_FIELD">
                isys_maintenance, isys_maintenance__date_from
            </check>
            <sql>
                <exec ident="true">
                    ALTER TABLE `isys_maintenance` CHANGE `isys_maintenance__date_from` `isys_maintenance__date_from` DATETIME NULL;
                </exec>
            </sql>
        </query>

        <query>
            <id>9</id>
            <title>Change field "to" from datetime to date</title>
            <check ident="C_CHANGE_FIELD">
                isys_maintenance, isys_maintenance__date_to
            </check>
            <sql>
                <exec ident="true">
                    ALTER TABLE `isys_maintenance` CHANGE `isys_maintenance__date_to` `isys_maintenance__date_to` DATETIME NULL;
                </exec>
            </sql>
        </query>

        <!-- WARTUNG-3 -->
        <query>
            <id>10</id>
            <title>Adding field for recurring maintenances</title>
            <check ident="C_ADD_FIELD">isys_maintenance, isys_maintenance__interval</check>
            <errmsg></errmsg>
            <sql>
                <exec ident="false">
                    ALTER TABLE `isys_maintenance` ADD isys_maintenance__interval text COLLATE utf8_unicode_ci;
                </exec>
            </sql>
        </query>

        <!-- WARTUNG-5 -->
        <query>
            <id>11</id>
            <title>Adding field for the comment, when finishing a maintenance</title>
            <check ident="C_ADD_FIELD">isys_maintenance, isys_maintenance__finish_comment</check>
            <errmsg></errmsg>
            <sql>
                <exec ident="false">
                    ALTER TABLE `isys_maintenance` ADD isys_maintenance__finish_comment text COLLATE utf8_unicode_ci;
                </exec>
            </sql>
        </query>

        <query>
            <id>12</id>
            <title>Adding field for which person finished a maintenances</title>
            <check ident="C_ADD_FIELD">isys_maintenance, isys_maintenance__finish_person</check>
            <errmsg></errmsg>
            <sql>
                <exec ident="false">
                    ALTER TABLE `isys_maintenance` ADD isys_maintenance__finish_person VARCHAR(255) COLLATE utf8_unicode_ci;
                </exec>
            </sql>
        </query>

        <query>
            <title>Set correct unit reference</title>
            <check ident="C_VALUE_EXISTS">
                SELECT isys_module__id
                FROM isys_module
                WHERE isys_module__const = 'C__MODULE__MAINTENANCE'
                LIMIT 1;
            </check>
            <sql>
                <exec ident="true">
                    UPDATE isys_module
                    SET isys_module__icon = 'src/classes/modules/maintenance/assets/add-on-icon.svg'
                    WHERE isys_module__const = 'C__MODULE__MAINTENANCE'
                    LIMIT 1;
                </exec>
            </sql>
        </query>
	</queries>
</isys>
