<?xml version="1.0" encoding="UTF-8"?>
<!--suppress ALL -->
<isys>
	<queries>

        <query>
            <title>Set new add-on icon</title>
            <check ident="C_VALUE_EXISTS">
                SELECT isys_module__id
                FROM isys_module
                WHERE isys_module__const = 'C__MODULE__API'
                LIMIT 1;
            </check>
            <sql>
                <exec ident="true">
                    UPDATE isys_module
                    SET isys_module__icon = 'src/classes/modules/api/assets/add-on-icon.svg'
                    WHERE isys_module__const = 'C__MODULE__API'
                    LIMIT 1;
                </exec>
            </sql>
        </query>
        <query>
            <title>Create table: isys_push_identifier</title>
            <check ident="C_CREATE_TABLE">isys_push_identifier</check>
            <sql>
                <exec ident="false">
                    CREATE TABLE IF NOT EXISTS `isys_push_identifier`
                    (
                    `isys_push_identifier__id`             int(10) unsigned                     NOT NULL AUTO_INCREMENT UNIQUE,
                    `isys_push_identifier__external_type`  VARCHAR(255) COLLATE utf8_unicode_ci         NOT NULL,
                    `isys_push_identifier__external_id`    VARCHAR(255) COLLATE utf8_unicode_ci         NOT NULL,
                    `isys_push_identifier__reference_type` VARCHAR(255) COLLATE utf8_unicode_ci NOT NULL,
                    `isys_push_identifier__reference_id`   int(10)                              NOT NULL,
                    `isys_push_identifier__created`        datetime                             NOT NULL,
                    `isys_push_identifier__created_by`     VARCHAR(255) COLLATE utf8_unicode_ci NOT NULL,
                    `isys_push_identifier__updated`        datetime DEFAULT CURRENT_TIMESTAMP   NOT NULL,
                    `isys_push_identifier__updated_by`     VARCHAR(255) COLLATE utf8_unicode_ci NOT NULL,
                    KEY (isys_push_identifier__id),
                    PRIMARY KEY (`isys_push_identifier__external_type`(255), `isys_push_identifier__external_id`(255))
                    ) ENGINE = InnoDB
                    DEFAULT CHARSET = utf8
                    COLLATE = utf8_unicode_ci;
                </exec>
            </sql>
        </query>
        <query>
            <title></title>
            <check ident="C_VALUE_EXISTS">SELECT isys_logbook_source__id FROM isys_logbook_source WHERE isys_logbook_source__const = 'C__LOGBOOK_SOURCE__API_PUSH'</check>
            <sql>
                <exec ident="false">
                    INSERT INTO isys_logbook_source SET
                    isys_logbook_source__title = 'API: Push',
                    isys_logbook_source__description = 'Identifier for the Push Endpoint.',
                    isys_logbook_source__const = 'C__LOGBOOK_SOURCE__API_PUSH',
                    isys_logbook_source__property = 0,
                    isys_logbook_source__status = 2;
                </exec>
            </sql>
        </query>
    </queries>
</isys>
