<?xml version="1.0" encoding="UTF-8"?>
<!--suppress ALL -->
<isys>
    <delete>
        <file>src/classes/modules/api/model/cmdb/isys_api_model_cmdb_workflow.class.php</file>

        <!-- Remove custom LineFormatter -->
        <file>src/classes/modules/api/src/Logging/ApiLogger.php</file>
        <file>src/classes/modules/api/src/Logging/LineFormatter.php</file>
        <dir>src/classes/modules/api/src/Logging</dir>

        <file>src/classes/modules/api/isys_module_api_autoload.class.php</file>

        <!-- Remove unused class that causes issues (readonly is a reserved word starting with PHP 8.1) -->
        <file>src/classes/modules/api/src/Validation/Logical/ReadOnly.php</file>
    </delete>
</isys>
