<?xml version="1.0" encoding="UTF-8"?>
<!DOCTYPE isys [
        <!ELEMENT isys (info|queries)*>
        <!ELEMENT info (title|version|requirement|directory|revision|release)*>
        <!ELEMENT title (#PCDATA)>
        <!ELEMENT version (#PCDATA)>
        <!ELEMENT requirement (revision|version)*>
        <!ELEMENT revision (#PCDATA)>
        <!ELEMENT directory (#PCDATA)>
        <!ELEMENT release (#PCDATA)>
        <!ELEMENT queries (query)*>
        <!ELEMENT query (id|title|check|errmsg|sql)*>
        <!ELEMENT id (#PCDATA)>
        <!ELEMENT check (#PCDATA)>
        <!ATTLIST check ident CDATA #REQUIRED>
        <!ELEMENT errmsg (#PCDATA)>
        <!ELEMENT sql (exec)*>
        <!ELEMENT exec (#PCDATA)>
        <!ATTLIST exec ident CDATA #REQUIRED>
        ]>
<isys>
    <info>
        <title>Analytics</title>
        <version>1.0</version>
        <release>2014-06-01</release>
    </info>
    <queries>

        <query>
            <id>1</id>
            <title>Creating table "isys_analytics_dataquality_profiles"</title>
            <check ident="C_CREATE_TABLE">isys_analytics_dataquality_profiles</check>
            <errmsg></errmsg>
            <sql>
                <exec ident="false">
                    CREATE TABLE IF NOT EXISTS `isys_analytics_dataquality_profiles` (
                    `isys_analytics_dataquality_profiles__id` int(10) unsigned NOT NULL AUTO_INCREMENT,
                    `isys_analytics_dataquality_profiles__title` varchar(255) CHARACTER SET utf8 COLLATE utf8_unicode_ci DEFAULT NULL,
                    `isys_analytics_dataquality_profiles__data` text CHARACTER SET utf8 COLLATE utf8_unicode_ci,
                    `isys_analytics_dataquality_profiles__isys_obj__id` int(10) unsigned DEFAULT NULL,
                    PRIMARY KEY (`isys_analytics_dataquality_profiles__id`),
                    KEY `isys_analytics_dataquality_profiles__isys_obj__id` (`isys_analytics_dataquality_profiles__isys_obj__id`)
                    ) ENGINE=InnoDB DEFAULT CHARSET=utf8 COLLATE=utf8_unicode_ci;

                    ALTER TABLE `isys_analytics_dataquality_profiles`
                    ADD CONSTRAINT `isys_analytics_dataquality_profiles__isys_obj__id` FOREIGN KEY (`isys_analytics_dataquality_profiles__isys_obj__id`) REFERENCES `isys_obj` (`isys_obj__id`) ON DELETE CASCADE ON UPDATE CASCADE;
                </exec>
            </sql>
        </query>

        <query>
            <title>Set correct unit reference</title>
            <check ident="C_VALUE_EXISTS">
                SELECT isys_module__id
                FROM isys_module
                WHERE isys_module__const = 'C__MODULE__ANALYTICS'
                LIMIT 1;
            </check>
            <sql>
                <exec ident="true">
                    UPDATE isys_module
                    SET isys_module__icon = 'src/classes/modules/analytics/assets/add-on-icon.svg'
                    WHERE isys_module__const = 'C__MODULE__ANALYTICS'
                    LIMIT 1;
                </exec>
            </sql>
        </query>

    </queries>
</isys>
