[{"type":"2","title":"DNS Records","configuration":"a:5:{s:15:\"c_1579591005583\";a:4:{s:4:\"type\";s:6:\"f_text\";s:5:\"title\";s:4:\"Name\";s:10:\"visibility\";s:7:\"visible\";s:12:\"show_in_list\";i:1;}s:15:\"c_1579591018368\";a:4:{s:4:\"type\";s:6:\"f_text\";s:5:\"title\";s:3:\"TTL\";s:10:\"visibility\";s:7:\"visible\";s:12:\"show_in_list\";i:1;}s:15:\"c_1579591038612\";a:6:{s:4:\"type\";s:7:\"f_popup\";s:5:\"popup\";s:11:\"dialog_plus\";s:5:\"title\";s:5:\"CLASS\";s:10:\"identifier\";s:12:\"Record_Class\";s:10:\"visibility\";s:7:\"visible\";s:12:\"show_in_list\";i:1;}s:15:\"c_1579591225540\";a:6:{s:4:\"type\";s:7:\"f_popup\";s:5:\"popup\";s:11:\"dialog_plus\";s:5:\"title\";s:4:\"TYPE\";s:10:\"identifier\";s:11:\"Record_Type\";s:10:\"visibility\";s:7:\"visible\";s:12:\"show_in_list\";i:1;}s:15:\"c_1579591396094\";a:4:{s:4:\"type\";s:6:\"f_text\";s:5:\"title\";s:4:\"DATA\";s:10:\"visibility\";s:7:\"visible\";s:12:\"show_in_list\";i:1;}}","parent":"0","sort":"0","constant":"C__CATG__CUSTOM_FIELDS_DNS_RECORDS","sourceTable":"isys_catg_custom_fields_list","className":"isys_cmdb_dao_category_g_custom_fields","listMultiValue":"1","status":"2","objectTypeAssignment":["C__DNS_ZONE","C__OBJTYPE__GENERIC_TEMPLATE"]},{"type":"2","title":"Authoritative Nameservers","configuration":"a:2:{s:15:\"c_1579764519338\";a:6:{s:4:\"type\";s:7:\"f_popup\";s:5:\"popup\";s:14:\"browser_object\";s:5:\"title\";s:17:\"DNS Server Objekt\";s:10:\"identifier\";s:2:\"18\";s:10:\"visibility\";s:7:\"visible\";s:12:\"show_in_list\";i:1;}s:15:\"c_1579764501769\";a:6:{s:4:\"type\";s:7:\"f_popup\";s:5:\"popup\";s:11:\"dialog_plus\";s:5:\"title\";s:5:\"Rolle\";s:10:\"identifier\";s:9:\"Zone_Role\";s:10:\"visibility\";s:7:\"visible\";s:12:\"show_in_list\";i:1;}}","parent":"0","sort":"0","constant":"C__CATG__CUSTOM_FIELDS_AUTHORITATIVE_NAMESERVERS","sourceTable":"isys_catg_custom_fields_list","className":"isys_cmdb_dao_category_g_custom_fields","listMultiValue":"1","status":"2","objectTypeAssignment":["C__DNS_ZONE","C__OBJTYPE__GENERIC_TEMPLATE"]},{"type":"2","title":"DNS Zones","configuration":"a:1:{s:15:\"c_1579764798848\";a:6:{s:4:\"type\";s:7:\"f_popup\";s:5:\"popup\";s:14:\"report_browser\";s:5:\"title\";s:0:\"\";s:10:\"identifier\";s:24:\"C__ZONENMITGLIEDSCHAFTEN\";s:10:\"visibility\";s:7:\"visible\";s:12:\"show_in_list\";i:1;}}","parent":"0","sort":"0","constant":"C__CATG__CUSTOM_FIELDS_DNS_ZONES","sourceTable":"isys_catg_custom_fields_list","className":"isys_cmdb_dao_category_g_custom_fields","listMultiValue":"0","status":"2","objectTypeAssignment":["C__DNS_SERVER","C__OBJTYPE__GENERIC_TEMPLATE"]},{"type":"2","title":"SOA Record","configuration":"a:9:{s:15:\"c_1584606018785\";a:4:{s:4:\"type\";s:6:\"f_text\";s:5:\"title\";s:3:\"TTL\";s:10:\"visibility\";s:7:\"visible\";s:12:\"show_in_list\";i:1;}s:15:\"c_1584606024280\";a:6:{s:4:\"type\";s:7:\"f_popup\";s:5:\"popup\";s:11:\"dialog_plus\";s:5:\"title\";s:5:\"CLASS\";s:10:\"identifier\";s:9:\"SOA_Class\";s:10:\"visibility\";s:7:\"visible\";s:12:\"show_in_list\";i:1;}s:15:\"c_1584606137520\";a:4:{s:4:\"type\";s:6:\"f_text\";s:5:\"title\";s:18:\"Primary Nameserver\";s:10:\"visibility\";s:7:\"visible\";s:12:\"show_in_list\";i:1;}s:15:\"c_1584607330416\";a:4:{s:4:\"type\";s:6:\"f_text\";s:5:\"title\";s:27:\"Administrator E-Mailadresse\";s:10:\"visibility\";s:7:\"visible\";s:12:\"show_in_list\";i:1;}s:15:\"c_1584606916199\";a:4:{s:4:\"type\";s:6:\"f_text\";s:5:\"title\";s:6:\"SERIAL\";s:10:\"visibility\";s:7:\"visible\";s:12:\"show_in_list\";i:1;}s:15:\"c_1584607140717\";a:4:{s:4:\"type\";s:6:\"f_text\";s:5:\"title\";s:7:\"REFRESH\";s:10:\"visibility\";s:7:\"visible\";s:12:\"show_in_list\";i:1;}s:15:\"c_1584607172563\";a:4:{s:4:\"type\";s:6:\"f_text\";s:5:\"title\";s:5:\"RETRY\";s:10:\"visibility\";s:7:\"visible\";s:12:\"show_in_list\";i:1;}s:15:\"c_1584607182117\";a:4:{s:4:\"type\";s:6:\"f_text\";s:5:\"title\";s:6:\"EXPIRE\";s:10:\"visibility\";s:7:\"visible\";s:12:\"show_in_list\";i:1;}s:15:\"c_1584607187024\";a:4:{s:4:\"type\";s:6:\"f_text\";s:5:\"title\";s:7:\"MINIMUM\";s:10:\"visibility\";s:7:\"visible\";s:12:\"show_in_list\";i:1;}}","parent":"0","sort":"0","constant":"C__CATG__CUSTOM_FIELDS_SOA_RECORD","sourceTable":"isys_catg_custom_fields_list","className":"isys_cmdb_dao_category_g_custom_fields","listMultiValue":"0","status":"2","objectTypeAssignment":["C__DNS_ZONE","C__OBJTYPE__GENERIC_TEMPLATE"]}]