{"isys_dialog_plus_custom:Zone_Role":[{"title":"Primary","constant":"C__ROLE__PRIMARY","sort":0},{"title":"Secondary","constant":"C__ROLE__SECONDARY","sort":0}],"isys_dialog_plus_custom:Record_Type":[{"title":"A","constant":"C__TYPE_A","sort":0},{"title":"AAAA","constant":"C__TYPE__AAAA","sort":0},{"title":"NS","constant":"C__TYPE__NS","sort":0},{"title":"CNAME","constant":"C__TYPE__CNAME","sort":0},{"title":"MX","constant":"C__TYPE__MX","sort":0},{"title":"PTR","constant":"C__TYPE__PTR","sort":0},{"title":"TXT","constant":"C__TYPE__TXT","sort":0},{"title":"SRV","constant":"C__TYPE__SRV","sort":0},{"title":"SOA","constant":"C__TYPE__SOA","sort":0}],"isys_dialog_plus_custom:SOA_Class":[{"title":"IN (Internet)","constant":"C__SOA_CLASS__IN","sort":0},{"title":"CH (Chaosnet)","constant":"C__SOA_CLASS__CH","sort":0},{"title":"HS (Hesiod)","constant":"C__SOA_CLASS__HS","sort":0}],"isys_dialog_plus_custom:Record_Class":[{"title":"IN (Internet)","constant":"C__RECORD_CLASS__IN","sort":0},{"title":"CH (Chaosnet)","constant":"C__RECORD_CLASS__CH","sort":0},{"title":"HS (Hesiod)","constant":"C__RECORD_CLASS__HS","sort":0}]}