[{"constant":"C__DNS_SERVER","global":["C__CATG__ACCESS","C__CATG__VIRTUAL_AUTH","C__CATG__VIRTUAL_TICKETS","C__CATG__CABLING","C__CATG__CLUSTER_MEMBERSHIPS","C__CATG__FORMFACTOR","C__CATG__GLOBAL","C__CATG__IP","C__CATG__MULTIEDIT","C__CATG__LOGBOOK","C__CATG__NET_ZONE","C__CATG__NETWORK","C__CATG__NET_CONNECTIONS_FOLDER","C__CATG__RELATION","C__CATG__PLANNING"],"specific":null,"custom":["C__CATG__CUSTOM_FIELDS_DNS_ZONES"]},{"constant":"C__DNS_ZONE","global":["C__CATG__VIRTUAL_TICKETS","C__CATG__GLOBAL","C__CATG__RELATION","C__CATG__MULTIEDIT","C__CATG__LOGBOOK","C__CATG__VIRTUAL_AUTH","C__CATG__PLANNING"],"specific":null,"custom":["C__CATG__CUSTOM_FIELDS_AUTHORITATIVE_NAMESERVERS","C__CATG__CUSTOM_FIELDS_DNS_RECORDS","C__CATG__CUSTOM_FIELDS_SOA_RECORD"]}]