[{"title":"DNS Mitgliedschaften","description":"","query":"SELECT \nobj_main.isys_obj__id AS '__id__', \nobj_main.isys_obj__title AS 'LC__UNIVERSAL__TITLE###1', \nj5.isys_catg_ip_list__hostname AS 'LC__CATP__IP__HOSTNAME###47', \nj2.isys_cats_net_ip_addresses_list__title AS 'LC__CATG__IP_ADDRESS###47' \n\n FROM isys_obj AS obj_main \nINNER JOIN isys_cmdb_status AS obj_main_status ON obj_main_status.isys_cmdb_status__id = obj_main.isys_obj__isys_cmdb_status__id \nLEFT JOIN isys_catg_ip_list AS j5 ON j5.isys_catg_ip_list__isys_obj__id = obj_main.isys_obj__id  \nLEFT JOIN isys_cats_net_ip_addresses_list AS j2 ON j2.isys_cats_net_ip_addresses_list__id = j5.isys_catg_ip_list__isys_cats_net_ip_addresses_list__id \nLEFT JOIN isys_obj AS j4 ON j4.isys_obj__id = j2.isys_cats_net_ip_addresses_list__isys_obj__id \nLEFT JOIN isys_obj_type AS j7 ON j7.isys_obj_type__id = obj_main.isys_obj__isys_obj_type__id \nLEFT JOIN isys_catg_custom_fields_list AS ROOT_C__CATG__CUSTOM_FIELDS_AUTHORITATIVE_NAMESERVERS ON obj_main.isys_obj__id = ROOT_C__CATG__CUSTOM_FIELDS_AUTHORITATIVE_NAMESERVERS.isys_catg_custom_fields_list__isys_obj__id\n                                AND ROOT_C__CATG__CUSTOM_FIELDS_AUTHORITATIVE_NAMESERVERS.isys_catg_custom_fields_list__isysgui_catg_custom__id = (SELECT isysgui_catg_custom__id FROM isysgui_catg_custom WHERE isysgui_catg_custom__const = 'C__CATG__CUSTOM_FIELDS_AUTHORITATIVE_NAMESERVERS')\n                                AND ROOT_C__CATG__CUSTOM_FIELDS_AUTHORITATIVE_NAMESERVERS.isys_catg_custom_fields_list__field_type = 'commentary'  LEFT JOIN isys_catg_custom_fields_list AS j9 ON obj_main.isys_obj__id = j9.isys_catg_custom_fields_list__isys_obj__id AND j9.isys_catg_custom_fields_list__field_key = 'c_1579764519338' \n                                AND j9.isys_catg_custom_fields_list__data__id = ROOT_C__CATG__CUSTOM_FIELDS_AUTHORITATIVE_NAMESERVERS.isys_catg_custom_fields_list__data__id  \n LEFT JOIN isys_obj AS j10 ON j9.isys_catg_custom_fields_list__field_content = j10.isys_obj__id  \n\nWHERE TRUE \n AND  ( (j7.isys_obj_type__id != '60' ) AND (j7.isys_obj_type__id != '63' ) ) AND (  (j10.isys_obj__id PLACEHOLDER.2 'object-id')  )\n ORDER BY obj_main.isys_obj__title ASC","queryRow":"","datetime":"2020-01-23 08:12:44","type":"c","userSpecific":"0","querybuilderData":"{\"main_object\":[{\"g\":{\"C__CATG__GLOBAL\":[\"title\"]}},{\"g\":{\"C__CATG__IP\":[\"hostname\"]}},{\"g\":{\"C__CATG__IP\":[\"hostaddress\"]}}],\"lvls\":null,\"conditions\":{\"2\":[{\"category\":\"C__CATG__CUSTOM_FIELDS_AUTHORITATIVE_NAMESERVERS\",\"property\":\"C__CATG__CUSTOM_FIELDS_AUTHORITATIVE_NAMESERVERS-f_popup_c_1579764519338\",\"comparison\":\"PLACEHOLDER\",\"value\":\"object-id\",\"user_input\":\"\"}]},\"default_sorting\":null,\"sorting_direction\":\"ASC\",\"statusFilter\":\"0\"}","categoryId":"1","emptyValues":"1","displayRelations":"0","categoryReport":"1","constant":"C__DNS_MITGLIEDSCHAFTEN","compressedMultivalueResults":"0","showHtml":"0"},{"title":"Zonenmitgliedschaften","description":"","query":"SELECT \nobj_main.isys_obj__id AS '__id__', \nobj_main.isys_obj__title AS 'LC__UNIVERSAL__TITLE###1', \nj3.isys_obj__title AS 'DNS Server Objekt###9', \nj5.isys_dialog_plus_custom__title AS 'Rolle###9' \n\n FROM isys_obj AS obj_main \nINNER JOIN isys_cmdb_status AS obj_main_status ON obj_main_status.isys_cmdb_status__id = obj_main.isys_obj__isys_cmdb_status__id \nLEFT JOIN isys_catg_custom_fields_list AS ROOT_C__CATG__CUSTOM_FIELDS_AUTHORITATIVE_NAMESERVERS ON obj_main.isys_obj__id = ROOT_C__CATG__CUSTOM_FIELDS_AUTHORITATIVE_NAMESERVERS.isys_catg_custom_fields_list__isys_obj__id\n                                AND ROOT_C__CATG__CUSTOM_FIELDS_AUTHORITATIVE_NAMESERVERS.isys_catg_custom_fields_list__isysgui_catg_custom__id = (SELECT isysgui_catg_custom__id FROM isysgui_catg_custom WHERE isysgui_catg_custom__const = 'C__CATG__CUSTOM_FIELDS_AUTHORITATIVE_NAMESERVERS')\n                                AND ROOT_C__CATG__CUSTOM_FIELDS_AUTHORITATIVE_NAMESERVERS.isys_catg_custom_fields_list__field_type = 'commentary'  LEFT JOIN isys_catg_custom_fields_list AS j2 ON obj_main.isys_obj__id = j2.isys_catg_custom_fields_list__isys_obj__id AND j2.isys_catg_custom_fields_list__field_key = 'c_1579764519338' \n                                AND j2.isys_catg_custom_fields_list__data__id = ROOT_C__CATG__CUSTOM_FIELDS_AUTHORITATIVE_NAMESERVERS.isys_catg_custom_fields_list__data__id  \n LEFT JOIN isys_obj AS j3 ON j2.isys_catg_custom_fields_list__field_content = j3.isys_obj__id  \n LEFT JOIN isys_catg_custom_fields_list AS j4 ON obj_main.isys_obj__id = j4.isys_catg_custom_fields_list__isys_obj__id AND j4.isys_catg_custom_fields_list__field_key = 'c_1579764501769'  AND j4.isys_catg_custom_fields_list__data__id = ROOT_C__CATG__CUSTOM_FIELDS_AUTHORITATIVE_NAMESERVERS.isys_catg_custom_fields_list__data__id  \n LEFT JOIN isys_dialog_plus_custom AS j5 ON j4.isys_catg_custom_fields_list__field_content = j5.isys_dialog_plus_custom__id  \nLEFT JOIN isys_obj_type AS j6 ON j6.isys_obj_type__id = obj_main.isys_obj__isys_obj_type__id \n\nWHERE TRUE \n AND  ( (j6.isys_obj_type__id != '60' ) AND (j6.isys_obj_type__id != '63' ) ) AND (  (j3.isys_obj__id PLACEHOLDER.2 'object-id')  )\n ORDER BY obj_main.isys_obj__title ASC","queryRow":"","datetime":"2020-01-23 08:42:02","type":"c","userSpecific":"0","querybuilderData":"{\"main_object\":[{\"g\":{\"C__CATG__GLOBAL\":[\"title\"]}},{\"g_custom\":{\"C__CATG__CUSTOM_FIELDS_AUTHORITATIVE_NAMESERVERS\":[\"f_popup_c_1579764519338\"]}},{\"g_custom\":{\"C__CATG__CUSTOM_FIELDS_AUTHORITATIVE_NAMESERVERS\":[\"f_popup_c_1579764501769\"]}}],\"lvls\":null,\"conditions\":{\"2\":[{\"category\":\"C__CATG__CUSTOM_FIELDS_AUTHORITATIVE_NAMESERVERS\",\"property\":\"C__CATG__CUSTOM_FIELDS_AUTHORITATIVE_NAMESERVERS-f_popup_c_1579764519338\",\"comparison\":\"PLACEHOLDER\",\"value\":\"object-id\",\"user_input\":\"\"}]},\"default_sorting\":null,\"sorting_direction\":\"ASC\",\"statusFilter\":\"0\"}","categoryId":"1","emptyValues":"1","displayRelations":"0","categoryReport":"1","constant":"C__ZONENMITGLIEDSCHAFTEN","compressedMultivalueResults":"0","showHtml":"0"}]