[{"type":"2","title":"Mobile Terms & Conditions","configuration":"a:4:{s:15:\"c_1587295118309\";a:6:{s:4:\"type\";s:7:\"f_popup\";s:5:\"popup\";s:11:\"dialog_plus\";s:5:\"title\";s:34:\"Telefon Flatrate \/ Inklusivminuten\";s:10:\"identifier\";s:26:\"Telephone_Flatrate_Minutes\";s:10:\"visibility\";s:7:\"visible\";s:12:\"show_in_list\";i:1;}s:15:\"c_1587295118820\";a:6:{s:4:\"type\";s:7:\"f_popup\";s:5:\"popup\";s:11:\"dialog_plus\";s:5:\"title\";s:23:\"SMS Flatrate \/ Frei-SMS\";s:10:\"identifier\";s:14:\"SMS_Flat_Texts\";s:10:\"visibility\";s:7:\"visible\";s:12:\"show_in_list\";i:1;}s:15:\"c_1587295119384\";a:6:{s:4:\"type\";s:7:\"f_popup\";s:5:\"popup\";s:11:\"dialog_plus\";s:5:\"title\";s:11:\"EU-Flatrate\";s:10:\"identifier\";s:7:\"EU_Flat\";s:10:\"visibility\";s:7:\"visible\";s:12:\"show_in_list\";i:1;}s:15:\"c_1561211617652\";a:6:{s:4:\"type\";s:7:\"f_popup\";s:5:\"popup\";s:11:\"dialog_plus\";s:5:\"title\";s:20:\"Mobiles Datenvolumen\";s:10:\"identifier\";s:11:\"Data_volume\";s:10:\"visibility\";s:7:\"visible\";s:12:\"show_in_list\";i:1;}}","parent":"0","sort":"0","constant":"C__CATG__CUSTOM_FIELDS_MOBILE_CONDITIONS","sourceTable":"isys_catg_custom_fields_list","className":"isys_cmdb_dao_category_g_custom_fields","listMultiValue":"0","status":"2","objectTypeAssignment":["C__OBJTYPE__OTHER__DEVICES","C__HOMEOFFICE__ADDON___MOBILECONTRACT","C__OBJTYPE__CELL_PHONE_CONTRACT","C__OBJTYPE__GENERIC_TEMPLATE"]},{"type":"2","title":"Homeoffice-VPN","configuration":"a:5:{s:15:\"c_1584551928479\";a:6:{s:4:\"type\";s:7:\"f_popup\";s:5:\"popup\";s:11:\"dialog_plus\";s:5:\"title\";s:3:\"VPN\";s:10:\"identifier\";s:3:\"VPN\";s:10:\"visibility\";s:7:\"visible\";s:12:\"show_in_list\";i:1;}s:15:\"c_1584634590640\";a:7:{s:4:\"type\";s:7:\"f_popup\";s:5:\"popup\";s:14:\"browser_object\";s:5:\"title\";s:10:\"VPN Server\";s:10:\"identifier\";s:2:\"18\";s:14:\"multiselection\";i:1;s:10:\"visibility\";s:7:\"visible\";s:12:\"show_in_list\";i:1;}s:15:\"c_1584634602408\";a:6:{s:4:\"type\";s:7:\"f_popup\";s:5:\"popup\";s:14:\"browser_object\";s:5:\"title\";s:12:\"VPN-Netzwerk\";s:10:\"identifier\";s:2:\"18\";s:10:\"visibility\";s:7:\"visible\";s:12:\"show_in_list\";i:1;}s:15:\"c_1584638969335\";a:6:{s:4:\"type\";s:7:\"f_popup\";s:5:\"popup\";s:11:\"dialog_plus\";s:5:\"title\";s:21:\"VPN-Authentifizierung\";s:10:\"identifier\";s:21:\"VPN_Authentifizierung\";s:10:\"visibility\";s:7:\"visible\";s:12:\"show_in_list\";i:1;}s:15:\"c_1584649316242\";a:5:{s:4:\"type\";s:7:\"f_popup\";s:5:\"popup\";s:4:\"file\";s:5:\"title\";s:10:\"Zertifikat\";s:10:\"visibility\";s:7:\"visible\";s:12:\"show_in_list\";i:1;}}","parent":"0","sort":"0","constant":"C__CATG__CUSTOM_FIELDS_HOMEOFFICE_VPN","sourceTable":"isys_catg_custom_fields_list","className":"isys_cmdb_dao_category_g_custom_fields","listMultiValue":"0","status":"2","objectTypeAssignment":["C__OBJTYPE__CLIENT","C__OBJTYPE__PERSON","C__OBJTYPE__GENERIC_TEMPLATE"]},{"type":"2","title":"Applikationszugriff","configuration":"a:4:{s:15:\"c_1584639404646\";a:6:{s:4:\"type\";s:7:\"f_popup\";s:5:\"popup\";s:11:\"dialog_plus\";s:5:\"title\";s:13:\"Zugriff \u00fcber\";s:10:\"identifier\";s:12:\"Zugriff_uber\";s:10:\"visibility\";s:7:\"visible\";s:12:\"show_in_list\";i:1;}s:15:\"c_1584639419469\";a:7:{s:4:\"type\";s:7:\"f_popup\";s:5:\"popup\";s:14:\"browser_object\";s:5:\"title\";s:6:\"Server\";s:10:\"identifier\";s:2:\"18\";s:14:\"multiselection\";i:1;s:10:\"visibility\";s:7:\"visible\";s:12:\"show_in_list\";i:1;}s:15:\"c_1584639828084\";a:3:{s:4:\"type\";s:6:\"f_link\";s:5:\"title\";s:10:\"URL-Intern\";s:12:\"show_in_list\";i:1;}s:15:\"c_1584721109659\";a:3:{s:4:\"type\";s:6:\"f_link\";s:5:\"title\";s:10:\"URL-Extern\";s:12:\"show_in_list\";i:1;}}","parent":"0","sort":"0","constant":"C__CATG__CUSTOM_FIELDS_APPLIKATIONSZUGRIFF","sourceTable":"isys_catg_custom_fields_list","className":"isys_cmdb_dao_category_g_custom_fields","listMultiValue":"0","status":"2","objectTypeAssignment":["C__OBJTYPE__APPLICATION","C__OBJTYPE__GENERIC_TEMPLATE"]},{"type":"2","title":"Homeoffice","configuration":"a:9:{s:15:\"c_1584637083304\";a:6:{s:4:\"type\";s:7:\"f_popup\";s:5:\"popup\";s:11:\"dialog_plus\";s:5:\"title\";s:5:\"Dauer\";s:10:\"identifier\";s:8:\"Zeitraum\";s:10:\"visibility\";s:7:\"visible\";s:12:\"show_in_list\";i:1;}s:15:\"c_1584636999843\";a:5:{s:4:\"type\";s:7:\"f_popup\";s:5:\"popup\";s:8:\"calendar\";s:5:\"title\";s:12:\"Zeitraum von\";s:10:\"visibility\";s:7:\"visible\";s:12:\"show_in_list\";i:1;}s:15:\"c_1584637013723\";a:5:{s:4:\"type\";s:7:\"f_popup\";s:5:\"popup\";s:8:\"calendar\";s:5:\"title\";s:12:\"Zeitraum bis\";s:10:\"visibility\";s:7:\"visible\";s:12:\"show_in_list\";i:1;}s:15:\"c_1587291961021\";a:7:{s:4:\"type\";s:7:\"f_popup\";s:5:\"popup\";s:14:\"browser_object\";s:5:\"title\";s:11:\"Diensthandy\";s:10:\"identifier\";s:2:\"18\";s:14:\"multiselection\";i:1;s:10:\"visibility\";s:7:\"visible\";s:12:\"show_in_list\";i:1;}s:15:\"c_1584636865495\";a:4:{s:4:\"type\";s:6:\"f_text\";s:5:\"title\";s:14:\"Erreichbarkeit\";s:10:\"visibility\";s:7:\"visible\";s:12:\"show_in_list\";i:1;}s:15:\"c_1584636865963\";a:5:{s:4:\"type\";s:8:\"f_dialog\";s:5:\"extra\";s:6:\"yes-no\";s:5:\"title\";s:33:\"Homeoffice Regelung unterzeichnet\";s:7:\"default\";s:2:\"-1\";s:12:\"show_in_list\";i:1;}s:15:\"c_1584636996791\";a:3:{s:4:\"type\";s:2:\"hr\";s:5:\"title\";s:19:\"Homeoffice Zeitraum\";s:12:\"show_in_list\";i:0;}s:15:\"c_1584636866405\";a:7:{s:4:\"type\";s:7:\"f_popup\";s:5:\"popup\";s:11:\"dialog_plus\";s:5:\"title\";s:14:\"Internetzugang\";s:10:\"identifier\";s:14:\"Internetzugang\";s:14:\"multiselection\";i:1;s:10:\"visibility\";s:7:\"visible\";s:12:\"show_in_list\";i:1;}s:15:\"c_1584637406191\";a:7:{s:4:\"type\";s:7:\"f_popup\";s:5:\"popup\";s:11:\"dialog_plus\";s:5:\"title\";s:22:\"Ausstattung \/ Zubeh\u00f6r\";s:10:\"identifier\";s:11:\"Ausstattung\";s:14:\"multiselection\";i:1;s:10:\"visibility\";s:7:\"visible\";s:12:\"show_in_list\";i:1;}}","parent":"0","sort":"0","constant":"C__CATG__CUSTOM_FIELDS_HOMEOFFICE","sourceTable":"isys_catg_custom_fields_list","className":"isys_cmdb_dao_category_g_custom_fields","listMultiValue":"0","status":"2","objectTypeAssignment":["C__OBJTYPE__PERSON","C__OBJTYPE__GENERIC_TEMPLATE"]}]