{"isys_dialog_plus_custom:VPN":[{"title":"Ja","constant":"","sort":0},{"title":"Nein","constant":"","sort":0}],"isys_dialog_plus_custom:VPN_Authentifizierung":[{"title":"statischer Schl\u00fcssel","constant":"","sort":0},{"title":"Pre-Shared Key","constant":"","sort":0},{"title":"Zertifikat","constant":"","sort":0},{"title":"Public-Key","constant":"","sort":0},{"title":"Einmalpasswort","constant":"","sort":0},{"title":"Challenge-Response","constant":"","sort":0}],"isys_dialog_plus_custom:Ausstattung":[{"title":"Headset","constant":"","sort":0},{"title":"Webcam","constant":"","sort":0},{"title":"Keine","constant":"","sort":0},{"title":"Tastatur","constant":"","sort":0},{"title":"Maus","constant":"","sort":0}],"isys_dialog_plus_custom:Zeitraum":[{"title":"Befristet","constant":"","sort":0},{"title":"Unbefristet","constant":"","sort":0}],"isys_dialog_plus_custom:Internetzugang":[{"title":"Nicht vorhanden","constant":"","sort":0},{"title":"Festnetz","constant":"","sort":0},{"title":"Mobil","constant":"","sort":0}],"isys_dialog_plus_custom:Zugriff_uber":[{"title":"Terminal","constant":"","sort":0},{"title":"Internet","constant":"","sort":0},{"title":"VPN","constant":"","sort":0},{"title":"Nur Intern \/ B\u00fcro","constant":"","sort":0}],"isys_dialog_plus_custom:Telephone_Flatrate_Minutes":[{"title":"50 Minuten","constant":"","sort":0},{"title":"1000 Minuten","constant":"","sort":0},{"title":"Flatrate","constant":"","sort":0},{"title":"100 Minuten","constant":"","sort":0},{"title":"200 Minuten","constant":"","sort":0},{"title":"500 Minuten","constant":"","sort":0}],"isys_dialog_plus_custom:SMS_Flat_Texts":[{"title":"Flatrate","constant":"","sort":0},{"title":"50 SMS","constant":"","sort":0},{"title":"100 SMS","constant":"","sort":0}],"isys_dialog_plus_custom:Data_volume":[{"title":"5 GB","constant":"","sort":0},{"title":"10 GB","constant":"","sort":0},{"title":"unlimited","constant":"","sort":0},{"title":"15 GB","constant":"","sort":0},{"title":"25 GB","constant":"","sort":0}],"isys_dialog_plus_custom:EU_Flat":[{"title":"Flatrate","constant":"","sort":0},{"title":"50 Minuten \/ 100 SMS \/ 2 GB","constant":"","sort":0},{"title":"100 Minuten \/ 500 SMS","constant":"","sort":0},{"title":"50 Minuten \/ 150 SMS \/ 1 GB","constant":"","sort":0}],"isys_contract_type":[{"title":"Mobile phone contract","constant":"","sort":0},{"title":"LC__CMDB__CATS__MAINTENANCE_CONTRACT_TYPE_AGREEMENT_GUARANTEE","constant":"","sort":1},{"title":"LC__CMDB__CATS__MAINTENANCE_CONTRACT_TYPE_MAINTENANCE","constant":"","sort":2},{"title":"LC__CMDB__CATS__MAINTENANCE_CONTRACT_TYPE_LEASING","constant":"","sort":3},{"title":"LC__CMDB__CATS__MAINTENANCE_CONTRACT_TYPE_LEASING_WITH_MAINTENANCE","constant":"","sort":4},{"title":"LC__CMDB__CATS__MAINTENANCE_CONTRACT_TYPE_LICENSE","constant":"","sort":5}]}