[{"constant":"C__HOMEOFFICE__ADDON___MOBILECONTRACT","global":["C__CATG__VIRTUAL_TICKETS","C__CATG__GLOBAL","C__CATG__RELATION","C__CATG__ACCOUNTING","C__CATG__FILE","C__CATG__CONTACT","C__CATG__MULTIEDIT","C__CATG__LOGBOOK","C__CATG__VIRTUAL_AUTH","C__CATG__PLANNING","C__CATG__ASSIGNED_CARDS"],"specific":"C__CATS__CONTRACT","custom":["C__CATG__CUSTOM_FIELDS_MOBILE_CONDITIONS"]},{"constant":"C__OBJTYPE__OTHER__DEVICES","global":["C__CATG__VIRTUAL_TICKETS","C__CATG__GLOBAL","C__CATG__RELATION","C__CATG__CONTACT","C__CATG__MULTIEDIT","C__CATG__LOGBOOK","C__CATG__MODEL","C__CATG__VIRTUAL_AUTH","C__CATG__APPLICATION","C__CATG__LOCATION","C__CATG__PLANNING","C__CATG__CONTRACT_ASSIGNMENT","C__CATG__ASSIGNED_WORKSTATION"],"specific":null,"custom":["C__CATG__CUSTOM_FIELDS_MOBILE_CONDITIONS"]}]