[{"title":"Applikationszugriff","description":"","query":"SELECT \nobj_main.isys_obj__id AS '__id__', \nobj_main.isys_obj__title AS 'LC__UNIVERSAL__TITLE###1', \nj3.isys_dialog_plus_custom__title AS 'Zugriff \u00fcber###24', \nj5.isys_obj__title AS 'Server###24', \nj6.isys_catg_custom_fields_list__field_content AS 'URL-Intern###24', \nj7.isys_catg_custom_fields_list__field_content AS 'URL-Extern###24' \n\n FROM isys_obj AS obj_main \nINNER JOIN isys_cmdb_status AS obj_main_status ON obj_main_status.isys_cmdb_status__id = obj_main.isys_obj__isys_cmdb_status__id \nLEFT JOIN isys_catg_custom_fields_list AS ROOT_C__CATG__CUSTOM_FIELDS_APPLIKATIONSZUGRIFF ON obj_main.isys_obj__id = ROOT_C__CATG__CUSTOM_FIELDS_APPLIKATIONSZUGRIFF.isys_catg_custom_fields_list__isys_obj__id\n                                AND ROOT_C__CATG__CUSTOM_FIELDS_APPLIKATIONSZUGRIFF.isys_catg_custom_fields_list__isysgui_catg_custom__id = (SELECT isysgui_catg_custom__id FROM isysgui_catg_custom WHERE isysgui_catg_custom__const = 'C__CATG__CUSTOM_FIELDS_APPLIKATIONSZUGRIFF')\n                                AND ROOT_C__CATG__CUSTOM_FIELDS_APPLIKATIONSZUGRIFF.isys_catg_custom_fields_list__field_type = 'commentary'  LEFT JOIN isys_catg_custom_fields_list AS j2 ON obj_main.isys_obj__id = j2.isys_catg_custom_fields_list__isys_obj__id AND j2.isys_catg_custom_fields_list__field_key = 'c_1584639404646' \n                                AND j2.isys_catg_custom_fields_list__data__id = ROOT_C__CATG__CUSTOM_FIELDS_APPLIKATIONSZUGRIFF.isys_catg_custom_fields_list__data__id  \n LEFT JOIN isys_dialog_plus_custom AS j3 ON j2.isys_catg_custom_fields_list__field_content = j3.isys_dialog_plus_custom__id  \n LEFT JOIN isys_catg_custom_fields_list AS j4 ON obj_main.isys_obj__id = j4.isys_catg_custom_fields_list__isys_obj__id AND j4.isys_catg_custom_fields_list__field_key = 'c_1584639419469'  AND j4.isys_catg_custom_fields_list__data__id = ROOT_C__CATG__CUSTOM_FIELDS_APPLIKATIONSZUGRIFF.isys_catg_custom_fields_list__data__id  \n LEFT JOIN isys_obj AS j5 ON j4.isys_catg_custom_fields_list__field_content = j5.isys_obj__id  \n LEFT JOIN isys_catg_custom_fields_list AS j6 ON obj_main.isys_obj__id = j6.isys_catg_custom_fields_list__isys_obj__id AND j6.isys_catg_custom_fields_list__field_key = 'c_1584639828084'  AND j6.isys_catg_custom_fields_list__data__id = ROOT_C__CATG__CUSTOM_FIELDS_APPLIKATIONSZUGRIFF.isys_catg_custom_fields_list__data__id  \n LEFT JOIN isys_catg_custom_fields_list AS j7 ON obj_main.isys_obj__id = j7.isys_catg_custom_fields_list__isys_obj__id AND j7.isys_catg_custom_fields_list__field_key = 'c_1584721109659'  AND j7.isys_catg_custom_fields_list__data__id = ROOT_C__CATG__CUSTOM_FIELDS_APPLIKATIONSZUGRIFF.isys_catg_custom_fields_list__data__id  \nLEFT JOIN isys_obj_type AS j8 ON j8.isys_obj_type__id = obj_main.isys_obj__isys_obj_type__id \n\nWHERE TRUE \n AND  ( (j8.isys_obj_type__id != '60' ) AND (j8.isys_obj_type__id != '63' ) ) AND ( (j8.isys_obj_type__id = '2' ) )\n ORDER BY obj_main.isys_obj__title DESC","queryRow":"","datetime":"2020-03-20 08:52:41","type":"c","userSpecific":"0","querybuilderData":"{\"main_object\":[{\"g\":{\"C__CATG__GLOBAL\":[\"title\"]}},{\"g_custom\":{\"C__CATG__CUSTOM_FIELDS_APPLIKATIONSZUGRIFF\":[\"f_popup_c_1584639404646\"]}},{\"g_custom\":{\"C__CATG__CUSTOM_FIELDS_APPLIKATIONSZUGRIFF\":[\"f_popup_c_1584639419469\"]}},{\"g_custom\":{\"C__CATG__CUSTOM_FIELDS_APPLIKATIONSZUGRIFF\":[\"f_link_c_1584639828084\"]}},{\"g_custom\":{\"C__CATG__CUSTOM_FIELDS_APPLIKATIONSZUGRIFF\":[\"f_link_c_1584721109659\"]}}],\"lvls\":null,\"conditions\":{\"2\":[{\"category\":\"C__CATG__GLOBAL\",\"property\":\"C__CATG__GLOBAL-type\",\"comparison\":\"=\",\"value\":\"2\"}]},\"default_sorting\":null,\"sorting_direction\":\"DESC\",\"statusFilter\":\"0\"}","categoryId":null,"emptyValues":"1","displayRelations":"0","categoryReport":"0","constant":"C__APPLIKATIONSZUGRIFF","compressedMultivalueResults":"0","showHtml":"0"},{"title":"Homeoffice - Diensthandys und Mobilfunkvertr\u00e4ge","description":"","query":"SELECT \nobj_main.isys_obj__id AS '__id__', \nobj_main.isys_obj__title AS 'LC__UNIVERSAL__TITLE###1', \nj4.isys_catg_custom_fields_list__field_content AS 'Erreichbarkeit###25', \nj9.isys_obj__title AS 'LC__UNIVERSAL__TITLE#LC__CMDB__CATG__CONTRACT_ASSIGNMENT__CONNECTED_CONTRACT#Diensthandy###1', \nj18.isys_cats_contract_list__start_date AS 'isys_cmdb_dao_category_s_contract::dynamic_property_callback_start::isys_cats_contract_list__start_date::LC__CMDB__CATS__CONTRACT__START_DATE#LC__CMDB__CATG__CONTRACT_ASSIGNMENT__CONNECTED_CONTRACT#Diensthandy###81', \nj18.isys_cats_contract_list__end_date AS 'isys_cmdb_dao_category_s_contract::dynamic_property_callback_end::isys_cats_contract_list__end_date::LC__CMDB__CATS__CONTRACT__END_DATE#LC__CMDB__CATG__CONTRACT_ASSIGNMENT__CONNECTED_CONTRACT#Diensthandy###81', \nj11.isys_dialog_plus_custom__title AS 'Telephone Flatrate \/ Minutes#LC__CMDB__CATG__CONTRACT_ASSIGNMENT__CONNECTED_CONTRACT#Diensthandy###5', \nj13.isys_dialog_plus_custom__title AS 'SMS Flat \/ Texts#LC__CMDB__CATG__CONTRACT_ASSIGNMENT__CONNECTED_CONTRACT#Diensthandy###5', \nj15.isys_dialog_plus_custom__title AS 'EU-Flat#LC__CMDB__CATG__CONTRACT_ASSIGNMENT__CONNECTED_CONTRACT#Diensthandy###5', \nj17.isys_dialog_plus_custom__title AS 'Data volume#LC__CMDB__CATG__CONTRACT_ASSIGNMENT__CONNECTED_CONTRACT#Diensthandy###5' \n\n FROM isys_obj AS obj_main \nINNER JOIN isys_cmdb_status AS obj_main_status ON obj_main_status.isys_cmdb_status__id = obj_main.isys_obj__isys_cmdb_status__id \nLEFT JOIN isys_catg_custom_fields_list AS ROOT_C__CATG__CUSTOM_FIELDS_HOMEOFFICE ON obj_main.isys_obj__id = ROOT_C__CATG__CUSTOM_FIELDS_HOMEOFFICE.isys_catg_custom_fields_list__isys_obj__id\n                                AND ROOT_C__CATG__CUSTOM_FIELDS_HOMEOFFICE.isys_catg_custom_fields_list__isysgui_catg_custom__id = (SELECT isysgui_catg_custom__id FROM isysgui_catg_custom WHERE isysgui_catg_custom__const = 'C__CATG__CUSTOM_FIELDS_HOMEOFFICE')\n                                AND ROOT_C__CATG__CUSTOM_FIELDS_HOMEOFFICE.isys_catg_custom_fields_list__field_type = 'commentary'  LEFT JOIN isys_catg_custom_fields_list AS j2 ON obj_main.isys_obj__id = j2.isys_catg_custom_fields_list__isys_obj__id AND j2.isys_catg_custom_fields_list__field_key = 'c_1587291961021' \n                                AND j2.isys_catg_custom_fields_list__data__id = ROOT_C__CATG__CUSTOM_FIELDS_HOMEOFFICE.isys_catg_custom_fields_list__data__id  \n LEFT JOIN isys_obj AS j3 ON j2.isys_catg_custom_fields_list__field_content = j3.isys_obj__id  \n LEFT JOIN isys_catg_custom_fields_list AS j4 ON obj_main.isys_obj__id = j4.isys_catg_custom_fields_list__isys_obj__id AND j4.isys_catg_custom_fields_list__field_key = 'c_1584636865495'  AND j4.isys_catg_custom_fields_list__data__id = ROOT_C__CATG__CUSTOM_FIELDS_HOMEOFFICE.isys_catg_custom_fields_list__data__id  \nLEFT JOIN isys_catg_contract_assignment_list AS j7 ON j7.isys_catg_contract_assignment_list__isys_obj__id = j3.isys_obj__id  \nLEFT JOIN isys_connection AS j5 ON j5.isys_connection__id = j7.isys_catg_contract_assignment_list__isys_connection__id \nLEFT JOIN isys_obj AS job5 ON j5.isys_connection__isys_obj__id = job5.isys_obj__id \nLEFT JOIN isys_obj AS j9 ON j9.isys_obj__id = job5.isys_obj__id \nLEFT JOIN isys_catg_custom_fields_list AS 1492__601__C__CATG__CUSTOM_FIELDS_MOBILE_CONDITIONS ON job5.isys_obj__id = 1492__601__C__CATG__CUSTOM_FIELDS_MOBILE_CONDITIONS.isys_catg_custom_fields_list__isys_obj__id\n                                AND 1492__601__C__CATG__CUSTOM_FIELDS_MOBILE_CONDITIONS.isys_catg_custom_fields_list__isysgui_catg_custom__id = (SELECT isysgui_catg_custom__id FROM isysgui_catg_custom WHERE isysgui_catg_custom__const = 'C__CATG__CUSTOM_FIELDS_MOBILE_CONDITIONS')\n                                AND 1492__601__C__CATG__CUSTOM_FIELDS_MOBILE_CONDITIONS.isys_catg_custom_fields_list__field_type = 'commentary'  LEFT JOIN isys_catg_custom_fields_list AS j10 ON job5.isys_obj__id = j10.isys_catg_custom_fields_list__isys_obj__id AND j10.isys_catg_custom_fields_list__field_key = 'c_1587295118309' \n                                AND j10.isys_catg_custom_fields_list__data__id = 1492__601__C__CATG__CUSTOM_FIELDS_MOBILE_CONDITIONS.isys_catg_custom_fields_list__data__id   \nLEFT JOIN isys_dialog_plus_custom AS j11 ON j10.isys_catg_custom_fields_list__field_content = j11.isys_dialog_plus_custom__id  \n LEFT JOIN isys_catg_custom_fields_list AS j12 ON job5.isys_obj__id = j12.isys_catg_custom_fields_list__isys_obj__id AND j12.isys_catg_custom_fields_list__field_key = 'c_1587295118820'  AND j12.isys_catg_custom_fields_list__data__id = 1492__601__C__CATG__CUSTOM_FIELDS_MOBILE_CONDITIONS.isys_catg_custom_fields_list__data__id   \nLEFT JOIN isys_dialog_plus_custom AS j13 ON j12.isys_catg_custom_fields_list__field_content = j13.isys_dialog_plus_custom__id  \n LEFT JOIN isys_catg_custom_fields_list AS j14 ON job5.isys_obj__id = j14.isys_catg_custom_fields_list__isys_obj__id AND j14.isys_catg_custom_fields_list__field_key = 'c_1587295119384'  AND j14.isys_catg_custom_fields_list__data__id = 1492__601__C__CATG__CUSTOM_FIELDS_MOBILE_CONDITIONS.isys_catg_custom_fields_list__data__id   \nLEFT JOIN isys_dialog_plus_custom AS j15 ON j14.isys_catg_custom_fields_list__field_content = j15.isys_dialog_plus_custom__id  \n LEFT JOIN isys_catg_custom_fields_list AS j16 ON job5.isys_obj__id = j16.isys_catg_custom_fields_list__isys_obj__id AND j16.isys_catg_custom_fields_list__field_key = 'c_1561211617652'  AND j16.isys_catg_custom_fields_list__data__id = 1492__601__C__CATG__CUSTOM_FIELDS_MOBILE_CONDITIONS.isys_catg_custom_fields_list__data__id   \nLEFT JOIN isys_dialog_plus_custom AS j17 ON j16.isys_catg_custom_fields_list__field_content = j17.isys_dialog_plus_custom__id  \nLEFT JOIN isys_cats_contract_list AS j18 ON j18.isys_cats_contract_list__isys_obj__id = job5.isys_obj__id  \nLEFT JOIN isys_obj AS j19 ON j19.isys_obj__id = job5.isys_obj__id \nLEFT JOIN isys_obj_type AS j20 ON j20.isys_obj_type__id = obj_main.isys_obj__isys_obj_type__id \n\nWHERE TRUE \n AND  ( (j20.isys_obj_type__id != '60' ) AND (j20.isys_obj_type__id != '63' ) ) AND ( (j20.isys_obj_type__id = '53' ) )\n ORDER BY obj_main.isys_obj__title DESC","queryRow":"","datetime":"2020-04-19 13:09:04","type":"c","userSpecific":"0","querybuilderData":"{\"main_object\":[{\"g\":{\"C__CATG__GLOBAL\":[\"title\"]}},{\"g_custom\":{\"C__CATG__CUSTOM_FIELDS_HOMEOFFICE\":[\"f_text_c_1584636865495\"]}},{\"g_custom\":{\"C__CATG__CUSTOM_FIELDS_HOMEOFFICE\":[\"f_popup_c_1587291961021\"]}}],\"lvls\":{\"1\":{\"C__CATG__CUSTOM_FIELDS_HOMEOFFICE-f_popup_c_1587291961021\":[{\"g\":{\"C__CATG__CONTRACT_ASSIGNMENT\":[\"connected_contract\"]}}]},\"2\":{\"C__CATG__CUSTOM_FIELDS_HOMEOFFICE-f_popup_c_1587291961021--C__CATG__CONTRACT_ASSIGNMENT-connected_contract\":[{\"g\":{\"C__CATG__GLOBAL\":[\"title\"]}},{\"s\":{\"C__CATS__CONTRACT\":[\"_start_date\"]}},{\"s\":{\"C__CATS__CONTRACT\":[\"_end_date\"]}},{\"g_custom\":{\"C__CATG__CUSTOM_FIELDS_MOBILE_CONDITIONS\":[\"f_popup_c_1587295118309\"]}},{\"g_custom\":{\"C__CATG__CUSTOM_FIELDS_MOBILE_CONDITIONS\":[\"f_popup_c_1587295118820\"]}},{\"g_custom\":{\"C__CATG__CUSTOM_FIELDS_MOBILE_CONDITIONS\":[\"f_popup_c_1587295119384\"]}},{\"g_custom\":{\"C__CATG__CUSTOM_FIELDS_MOBILE_CONDITIONS\":[\"f_popup_c_1561211617652\"]}}]}},\"conditions\":{\"2\":[{\"category\":\"C__CATG__GLOBAL\",\"property\":\"C__CATG__GLOBAL-type\",\"comparison\":\"=\",\"value\":\"53\"}]},\"default_sorting\":null,\"sorting_direction\":\"DESC\",\"statusFilter\":\"0\"}","categoryId":null,"emptyValues":"1","displayRelations":"0","categoryReport":"0","constant":"C__HOMEOFFICE_DIENSTHANDYS","compressedMultivalueResults":"0","showHtml":"0"},{"title":"Homeoffice - VPN","description":"","query":"SELECT \nobj_main.isys_obj__id AS '__id__', \nobj_main.isys_obj__title AS 'LC__UNIVERSAL__TITLE###1', \nj3.isys_dialog_plus_custom__title AS 'VPN###22', \nj5.isys_obj__title AS 'VPN Server###22', \nj7.isys_obj__title AS 'VPN-Netzwerk###22', \nj9.isys_dialog_plus_custom__title AS 'VPN-Authentifizierung###22', \nj11.isys_obj__title AS 'Zertifikat###22' \n\n FROM isys_obj AS obj_main \nINNER JOIN isys_cmdb_status AS obj_main_status ON obj_main_status.isys_cmdb_status__id = obj_main.isys_obj__isys_cmdb_status__id \nLEFT JOIN isys_catg_custom_fields_list AS ROOT_C__CATG__CUSTOM_FIELDS_HOMEOFFICE_VPN ON obj_main.isys_obj__id = ROOT_C__CATG__CUSTOM_FIELDS_HOMEOFFICE_VPN.isys_catg_custom_fields_list__isys_obj__id\n                                AND ROOT_C__CATG__CUSTOM_FIELDS_HOMEOFFICE_VPN.isys_catg_custom_fields_list__isysgui_catg_custom__id = (SELECT isysgui_catg_custom__id FROM isysgui_catg_custom WHERE isysgui_catg_custom__const = 'C__CATG__CUSTOM_FIELDS_HOMEOFFICE_VPN')\n                                AND ROOT_C__CATG__CUSTOM_FIELDS_HOMEOFFICE_VPN.isys_catg_custom_fields_list__field_type = 'commentary'  LEFT JOIN isys_catg_custom_fields_list AS j2 ON obj_main.isys_obj__id = j2.isys_catg_custom_fields_list__isys_obj__id AND j2.isys_catg_custom_fields_list__field_key = 'c_1584551928479' \n                                AND j2.isys_catg_custom_fields_list__data__id = ROOT_C__CATG__CUSTOM_FIELDS_HOMEOFFICE_VPN.isys_catg_custom_fields_list__data__id  \n LEFT JOIN isys_dialog_plus_custom AS j3 ON j2.isys_catg_custom_fields_list__field_content = j3.isys_dialog_plus_custom__id  \n LEFT JOIN isys_catg_custom_fields_list AS j4 ON obj_main.isys_obj__id = j4.isys_catg_custom_fields_list__isys_obj__id AND j4.isys_catg_custom_fields_list__field_key = 'c_1584634590640'  AND j4.isys_catg_custom_fields_list__data__id = ROOT_C__CATG__CUSTOM_FIELDS_HOMEOFFICE_VPN.isys_catg_custom_fields_list__data__id  \n LEFT JOIN isys_obj AS j5 ON j4.isys_catg_custom_fields_list__field_content = j5.isys_obj__id  \n LEFT JOIN isys_catg_custom_fields_list AS j6 ON obj_main.isys_obj__id = j6.isys_catg_custom_fields_list__isys_obj__id AND j6.isys_catg_custom_fields_list__field_key = 'c_1584634602408'  AND j6.isys_catg_custom_fields_list__data__id = ROOT_C__CATG__CUSTOM_FIELDS_HOMEOFFICE_VPN.isys_catg_custom_fields_list__data__id  \n LEFT JOIN isys_obj AS j7 ON j6.isys_catg_custom_fields_list__field_content = j7.isys_obj__id  \n LEFT JOIN isys_catg_custom_fields_list AS j8 ON obj_main.isys_obj__id = j8.isys_catg_custom_fields_list__isys_obj__id AND j8.isys_catg_custom_fields_list__field_key = 'c_1584638969335'  AND j8.isys_catg_custom_fields_list__data__id = ROOT_C__CATG__CUSTOM_FIELDS_HOMEOFFICE_VPN.isys_catg_custom_fields_list__data__id  \n LEFT JOIN isys_dialog_plus_custom AS j9 ON j8.isys_catg_custom_fields_list__field_content = j9.isys_dialog_plus_custom__id  \n LEFT JOIN isys_catg_custom_fields_list AS j10 ON obj_main.isys_obj__id = j10.isys_catg_custom_fields_list__isys_obj__id AND j10.isys_catg_custom_fields_list__field_key = 'c_1584649316242'  AND j10.isys_catg_custom_fields_list__data__id = ROOT_C__CATG__CUSTOM_FIELDS_HOMEOFFICE_VPN.isys_catg_custom_fields_list__data__id  \n LEFT JOIN isys_obj AS j11 ON j10.isys_catg_custom_fields_list__field_content = j11.isys_obj__id  \nLEFT JOIN isys_obj_type AS j12 ON j12.isys_obj_type__id = obj_main.isys_obj__isys_obj_type__id \n\nWHERE TRUE \n AND  ( (j12.isys_obj_type__id != '60' ) AND (j12.isys_obj_type__id != '63' ) ) AND ( (j12.isys_obj_type__id = '53' ) )\n ORDER BY obj_main.isys_obj__title DESC","queryRow":"","datetime":"2020-03-19 20:38:36","type":"c","userSpecific":"0","querybuilderData":"{\"main_object\":[{\"g\":{\"C__CATG__GLOBAL\":[\"title\"]}},{\"g_custom\":{\"C__CATG__CUSTOM_FIELDS_HOMEOFFICE_VPN\":[\"f_popup_c_1584551928479\"]}},{\"g_custom\":{\"C__CATG__CUSTOM_FIELDS_HOMEOFFICE_VPN\":[\"f_popup_c_1584634590640\"]}},{\"g_custom\":{\"C__CATG__CUSTOM_FIELDS_HOMEOFFICE_VPN\":[\"f_popup_c_1584634602408\"]}},{\"g_custom\":{\"C__CATG__CUSTOM_FIELDS_HOMEOFFICE_VPN\":[\"f_popup_c_1584638969335\"]}},{\"g_custom\":{\"C__CATG__CUSTOM_FIELDS_HOMEOFFICE_VPN\":[\"f_popup_c_1584649316242\"]}}],\"lvls\":null,\"conditions\":{\"2\":[{\"category\":\"C__CATG__GLOBAL\",\"property\":\"C__CATG__GLOBAL-type\",\"comparison\":\"=\",\"value\":\"53\"}]},\"default_sorting\":null,\"sorting_direction\":\"DESC\",\"statusFilter\":\"0\"}","categoryId":null,"emptyValues":"1","displayRelations":"0","categoryReport":"0","constant":"C__HOMEOFFICE_GERATE","compressedMultivalueResults":"0","showHtml":"0"},{"title":"Homeoffice - Mitarbeiter","description":"","query":"SELECT \nobj_main.isys_obj__id AS '__id__', \nobj_main.isys_obj__title AS 'LC__UNIVERSAL__TITLE###1', \nj3.isys_dialog_plus_custom__title AS 'Dauer###25', \nj4.isys_catg_custom_fields_list__field_content AS 'locales::fmt_date::Zeitraum von###25', \nj5.isys_catg_custom_fields_list__field_content AS 'locales::fmt_date::Zeitraum bis###25', \nj7.isys_obj__title AS 'Diensthandy###25', \nj8.isys_catg_custom_fields_list__field_content AS 'Erreichbarkeit###25', \nj9.isys_catg_custom_fields_list__field_content AS 'Homeoffice Regelung unterzeichnet###25' \n\n FROM isys_obj AS obj_main \nINNER JOIN isys_cmdb_status AS obj_main_status ON obj_main_status.isys_cmdb_status__id = obj_main.isys_obj__isys_cmdb_status__id \nLEFT JOIN isys_catg_custom_fields_list AS ROOT_C__CATG__CUSTOM_FIELDS_HOMEOFFICE ON obj_main.isys_obj__id = ROOT_C__CATG__CUSTOM_FIELDS_HOMEOFFICE.isys_catg_custom_fields_list__isys_obj__id\n                                AND ROOT_C__CATG__CUSTOM_FIELDS_HOMEOFFICE.isys_catg_custom_fields_list__isysgui_catg_custom__id = (SELECT isysgui_catg_custom__id FROM isysgui_catg_custom WHERE isysgui_catg_custom__const = 'C__CATG__CUSTOM_FIELDS_HOMEOFFICE')\n                                AND ROOT_C__CATG__CUSTOM_FIELDS_HOMEOFFICE.isys_catg_custom_fields_list__field_type = 'commentary'  LEFT JOIN isys_catg_custom_fields_list AS j2 ON obj_main.isys_obj__id = j2.isys_catg_custom_fields_list__isys_obj__id AND j2.isys_catg_custom_fields_list__field_key = 'c_1584637083304' \n                                AND j2.isys_catg_custom_fields_list__data__id = ROOT_C__CATG__CUSTOM_FIELDS_HOMEOFFICE.isys_catg_custom_fields_list__data__id  \n LEFT JOIN isys_dialog_plus_custom AS j3 ON j2.isys_catg_custom_fields_list__field_content = j3.isys_dialog_plus_custom__id  \n LEFT JOIN isys_catg_custom_fields_list AS j4 ON obj_main.isys_obj__id = j4.isys_catg_custom_fields_list__isys_obj__id AND j4.isys_catg_custom_fields_list__field_key = 'c_1584636999843'  AND j4.isys_catg_custom_fields_list__data__id = ROOT_C__CATG__CUSTOM_FIELDS_HOMEOFFICE.isys_catg_custom_fields_list__data__id  \n LEFT JOIN isys_catg_custom_fields_list AS j5 ON obj_main.isys_obj__id = j5.isys_catg_custom_fields_list__isys_obj__id AND j5.isys_catg_custom_fields_list__field_key = 'c_1584637013723'  AND j5.isys_catg_custom_fields_list__data__id = ROOT_C__CATG__CUSTOM_FIELDS_HOMEOFFICE.isys_catg_custom_fields_list__data__id  \n LEFT JOIN isys_catg_custom_fields_list AS j6 ON obj_main.isys_obj__id = j6.isys_catg_custom_fields_list__isys_obj__id AND j6.isys_catg_custom_fields_list__field_key = 'c_1587291961021'  AND j6.isys_catg_custom_fields_list__data__id = ROOT_C__CATG__CUSTOM_FIELDS_HOMEOFFICE.isys_catg_custom_fields_list__data__id  \n LEFT JOIN isys_obj AS j7 ON j6.isys_catg_custom_fields_list__field_content = j7.isys_obj__id  \n LEFT JOIN isys_catg_custom_fields_list AS j8 ON obj_main.isys_obj__id = j8.isys_catg_custom_fields_list__isys_obj__id AND j8.isys_catg_custom_fields_list__field_key = 'c_1584636865495'  AND j8.isys_catg_custom_fields_list__data__id = ROOT_C__CATG__CUSTOM_FIELDS_HOMEOFFICE.isys_catg_custom_fields_list__data__id  \n LEFT JOIN isys_catg_custom_fields_list AS j9 ON obj_main.isys_obj__id = j9.isys_catg_custom_fields_list__isys_obj__id AND j9.isys_catg_custom_fields_list__field_key = 'c_1584636865963'  AND j9.isys_catg_custom_fields_list__data__id = ROOT_C__CATG__CUSTOM_FIELDS_HOMEOFFICE.isys_catg_custom_fields_list__data__id  \nLEFT JOIN isys_obj_type AS j10 ON j10.isys_obj_type__id = obj_main.isys_obj__isys_obj_type__id \n\nWHERE TRUE \n AND  ( (j10.isys_obj_type__id != '60' ) AND (j10.isys_obj_type__id != '63' ) ) AND ( (j3.isys_dialog_plus_custom__id != '-1'  AND j3.isys_dialog_plus_custom__id  IS NOT  NULL ) )\n ORDER BY obj_main.isys_obj__title DESC","queryRow":"","datetime":"2020-03-19 20:34:12","type":"c","userSpecific":"0","querybuilderData":"{\"main_object\":[{\"g\":{\"C__CATG__GLOBAL\":[\"title\"]}},{\"g_custom\":{\"C__CATG__CUSTOM_FIELDS_HOMEOFFICE\":[\"f_popup_c_1584637083304\"]}},{\"g_custom\":{\"C__CATG__CUSTOM_FIELDS_HOMEOFFICE\":[\"f_popup_c_1584636999843\"]}},{\"g_custom\":{\"C__CATG__CUSTOM_FIELDS_HOMEOFFICE\":[\"f_popup_c_1584637013723\"]}},{\"g_custom\":{\"C__CATG__CUSTOM_FIELDS_HOMEOFFICE\":[\"f_popup_c_1587291961021\"]}},{\"g_custom\":{\"C__CATG__CUSTOM_FIELDS_HOMEOFFICE\":[\"f_text_c_1584636865495\"]}},{\"g_custom\":{\"C__CATG__CUSTOM_FIELDS_HOMEOFFICE\":[\"f_dialog_c_1584636865963\"]}}],\"lvls\":{\"1\":{\"C__CATG__CUSTOM_FIELDS_HOMEOFFICE-f_popup_c_1587291961021\":[]}},\"conditions\":{\"2\":[{\"category\":\"C__CATG__CUSTOM_FIELDS_HOMEOFFICE\",\"property\":\"C__CATG__CUSTOM_FIELDS_HOMEOFFICE-f_popup_c_1584637083304\",\"comparison\":\"!=\",\"value\":\"-1\"}]},\"default_sorting\":null,\"sorting_direction\":\"DESC\",\"statusFilter\":\"0\"}","categoryId":null,"emptyValues":"1","displayRelations":"0","categoryReport":"0","constant":"C__HOMEOFFICE1","compressedMultivalueResults":"0","showHtml":"0"}]