<?xml version="1.0" encoding="UTF-8"?>
<!DOCTYPE isys [
        <!ELEMENT isys (info|queries)*>
        <!ELEMENT info (title|version|requirement|directory|revision|release)*>
        <!ELEMENT title (#PCDATA)>
        <!ELEMENT version (#PCDATA)>
        <!ELEMENT requirement (revision|version)*>
        <!ELEMENT revision (#PCDATA)>
        <!ELEMENT directory (#PCDATA)>
        <!ELEMENT release (#PCDATA)>
        <!ELEMENT queries (query)*>
        <!ELEMENT query (id|title|check|errmsg|sql)*>
        <!ELEMENT id (#PCDATA)>
        <!ELEMENT check (#PCDATA)>
        <!ATTLIST check ident CDATA #REQUIRED>
        <!ELEMENT errmsg (#PCDATA)>
        <!ELEMENT sql (exec)*>
        <!ELEMENT exec (#PCDATA)>
        <!ATTLIST exec ident CDATA #REQUIRED>
        ]>
<isys>
    <info>
        <title>i-doit v1.10</title>
        <version>1.10</version>
        <requirement>
            <revision>21900</revision>
            <version>1.9</version>
        </requirement>
        <directory>v1.10</directory>
        <!--
        LF: Changed this to: <year>1<major><minor> with major and minor beeing a two digit number:
        201711000 => 2017 1.10.00
        201811221 => 2018 1.12.21
        ...
        -->
        <revision>201711000</revision>
        <release>2017-12-18</release>
    </info>
    <queries>
        <query>
            <id>1</id>
            <title>Setting the "currency" status if no status is set yet.</title>
            <check ident="C_VALUE_EXISTS">
                SELECT isys_settings__value FROM isys_settings WHERE isys_settings__key = 'session.sso.language';
            </check>
            <sql>
                <exec ident="true">
                    DELETE FROM isys_settings WHERE isys_settings__key = 'session.sso.language';
                </exec>
            </sql>
        </query>

        <query>
            <id>2</id>
            <title>Change system email domain</title>
            <check ident="C_VALUE_EXISTS">
                SELECT isys_settings__value FROM isys_settings WHERE isys_settings__key = 'system.email.from' AND isys_settings__value = 'i-doit@i-doit.com';
            </check>
            <sql>
                <exec ident="true">
                    UPDATE isys_settings SET isys_settings__value = 'i-doit@example-domain.int'
                    WHERE isys_settings__key = 'system.email.from' AND isys_settings__value = 'i-doit@i-doit.com';
                </exec>
            </sql>
        </query>

        <query>
            <id>3</id>
            <title>Change system email name</title>
            <check ident="C_VALUE_EXISTS">
                SELECT isys_settings__value FROM isys_settings WHERE isys_settings__key = 'system.email.name' AND isys_settings__value = 'i-doit';
            </check>
            <sql>
                <exec ident="true">
                    UPDATE isys_settings SET isys_settings__value = ''
                    WHERE isys_settings__key = 'system.email.name' AND isys_settings__value = 'i-doit';
                </exec>
            </sql>
        </query>

        <query>
            <id>4</id>
            <title>Adding field: isys_report__category_report</title>
            <check ident="C_ADD_FIELD">isys_report, isys_report__category_report</check>
            <errmsg></errmsg>
            <sql>
                <exec ident="false">
                    ALTER TABLE `isys_report` ADD isys_report__category_report tinyint(1) NOT NULL DEFAULT '0';
                </exec>
            </sql>
        </query>

        <query>
            <id>5</id>
            <title>Adding field: isys_report__const</title>
            <check ident="C_ADD_FIELD">isys_report, isys_report__const</check>
            <sql>
                <exec ident="false">
                    ALTER TABLE `isys_report` ADD isys_report__const VARCHAR(255) UNIQUE DEFAULT NULL;
                </exec>
            </sql>
        </query>
    </queries>
</isys>
