<?xml version="1.0" encoding="UTF-8"?>
<!DOCTYPE isys [
        <!ELEMENT isys (info|delete)*>
        <!ELEMENT info (title|version|requirement|directory|revision|release)*>
        <!ELEMENT title (#PCDATA)>
        <!ELEMENT version (#PCDATA)>
        <!ELEMENT requirement (revision|version)*>
        <!ELEMENT revision (#PCDATA)>
        <!ELEMENT directory (#PCDATA)>
        <!ELEMENT release (#PCDATA)>
        <!ELEMENT delete (file|dir)*>
        <!ELEMENT file (#PCDATA)>
        <!ELEMENT dir (#PCDATA)>
        ]>
<isys>
    <info>
        <title>i-doit v1.10</title>
        <version>1.10</version>
        <requirement>
            <revision>21900</revision>
            <version>1.9</version>
        </requirement>
        <directory>v1.10</directory>
        <!--
        LF: Changed this to: <year>1<major><minor> with major and minor beeing a two digit number:
        201711000 => 2017 1.10.00
        201811221 => 2018 1.12.21
        ...
        -->
        <revision>201711000</revision>
        <release>2017-12-18</release>
    </info>
    <delete>
        <!-- Removing old "contact" templates -->
        <file>src/themes/default/smarty/templates/contact/detail_person.tpl</file>

        <!-- Removing old JS files -->
        <file>src/tools/js/d3/d3-v4.7.1-min.js</file>
        <file>src/tools/js/prototype/carousel.js</file>

        <!-- Removing old stylesheets -->
        <file>src/themes/default/css/carousel.css</file>

        <!-- Removing old "manual" files -->
        <file>src/classes/modules/manual/lang/de.inc.php</file>
        <dir>src/classes/modules/manual/lang</dir>
        <dir>src/classes/modules/manual</dir>

        <!-- Removing old "help.css" file -->
        <file>src/themes/default/css/help.css</file>
        <file>src/themes/default/print/print.css</file>

        <!-- Removing old images / icons -->
        <file>images/asc.png</file>
        <file>images/collapse.gif</file>
        <file>images/clusterdienst_aktiv.png</file>
        <file>images/clusterdienst_hpc.png</file>
        <file>images/clusterdienst_passiv.png</file>
        <file>images/clusterdienst_virtualmachine.png</file>
        <file>images/desc.png</file>
        <file>images/down.png</file>
        <file>images/expand.gif</file>
        <file>images/login_gradient.png</file>
        <file>images/multiselect.gif</file>
        <file>images/verlauf1.png</file>
        <file>images/alert/maskBG.png</file>
        <file>images/alert/tp.png</file>
        <file>images/carousel/cable.png</file>
        <file>images/carousel/left.png</file>
        <file>images/carousel/right.png</file>
        <file>images/task/task__accept.png</file>
        <file>images/task/task__decline.png</file>
        <file>images/task/task__start.png</file>
        <dir>images/alert</dir>
        <dir>images/carousel</dir>

        <!-- Removing old category templates -->
        <file>src/themes/default/smarty/templates/content/bottom/content/catg__cabling.tpl</file>
        <file>src/themes/default/smarty/templates/content/bottom/content/catg__maintenance.tpl</file>
        <file>src/themes/default/smarty/templates/content/bottom/content/cats__maintenance.tpl</file>

        <!-- Removing old INSTALL and UPDATE files -->
        <file>INSTALL</file>
        <file>UPDATE</file>

        <!-- Removing old "wiring" files and directories -->
        <file>src/classes/modules/wiring/auth/isys_auth_wiring.class.php</file>
        <file>src/classes/modules/wiring/lang/de.inc.php</file>
        <file>src/classes/modules/wiring/lang/en.inc.php</file>
        <file>src/classes/modules/wiring/src/Controller/CsvExport.php</file>
        <file>src/classes/modules/wiring/src/Controller/Object.php</file>
        <file>src/classes/modules/wiring/src/Controller/Main.php</file>
        <file>src/classes/modules/wiring/src/Controller/WiringController.php</file>
        <file>src/classes/modules/wiring/src/Model/Wiring.php</file>
        <file>src/classes/modules/wiring/src/View/Ajax/ConnectorUpdate.php</file>
        <file>src/classes/modules/wiring/src/View/Ajax/WiringAjaxView.php</file>
        <file>src/classes/modules/wiring/src/View/Ajax/Object.php</file>
        <file>src/classes/modules/wiring/src/View/WiringView.php</file>
        <file>src/classes/modules/wiring/src/View/Object.php</file>
        <file>src/classes/modules/wiring/templates/views/wiring-object.tpl</file>
        <file>src/classes/modules/wiring/templates/views/wiring-object-connections.tpl</file>
        <file>src/classes/modules/wiring/templates/views/wiring-object-connections-recursion.tpl</file>
        <file>src/classes/modules/wiring/init.php</file>
        <file>src/classes/modules/wiring/isys_module_wiring.class.php</file>
        <file>src/classes/modules/wiring/isys_module_wiring_autoload.class.php</file>
        <file>src/classes/modules/wiring/Makefile</file>
        <file>src/classes/modules/wiring/package.json</file>
        <file>src/classes/modules/wiring/VERSION</file>

        <!-- Removing old Check_MK export class -->
        <file>src/classes/modules/check_mk/export/isys_check_mk_export.class.php</file>

        <!-- ID-4286 Removing old rollbar JS file -->
        <file>src/classes/modules/error_tracker/error_trackers/rollbar/rollbar.js</file>

        <dir>src/themes/default/print</dir>
        <dir>src/classes/modules/wiring/auth</dir>
        <dir>src/classes/modules/wiring/lang</dir>
        <dir>src/classes/modules/wiring/src/Controller</dir>
        <dir>src/classes/modules/wiring/src/Model</dir>
        <dir>src/classes/modules/wiring/src/View/Ajax</dir>
        <dir>src/classes/modules/wiring/src/View</dir>
        <dir>src/classes/modules/wiring/src</dir>
        <dir>src/classes/modules/wiring/templates/views</dir>
        <dir>src/classes/modules/wiring/templates</dir>
        <dir>src/classes/modules/wiring</dir>
        <dir>src/classes/modules/check_mk/export</dir>
    </delete>
</isys>
