<?xml version="1.0" encoding="UTF-8"?>
<!DOCTYPE isys [
        <!ELEMENT isys (info|queries)*>
        <!ELEMENT info (title|version|requirement|directory|revision|release)*>
        <!ELEMENT title (#PCDATA)>
        <!ELEMENT version (#PCDATA)>
        <!ELEMENT requirement (revision|version)*>
        <!ELEMENT revision (#PCDATA)>
        <!ELEMENT directory (#PCDATA)>
        <!ELEMENT release (#PCDATA)>
        <!ELEMENT queries (query)*>
        <!ELEMENT query (id|title|check|errmsg|sql)*>
        <!ELEMENT id (#PCDATA)>
        <!ELEMENT check (#PCDATA)>
        <!ATTLIST check ident CDATA #REQUIRED>
        <!ELEMENT errmsg (#PCDATA)>
        <!ELEMENT sql (exec)*>
        <!ELEMENT exec (#PCDATA)>
        <!ATTLIST exec ident CDATA #REQUIRED>
        ]>
<isys>
    <info>
        <title>Check_MK</title>
        <version>1.0</version>
        <release>2018-12-17</release>
    </info>
    <queries>

        <query>
            <id>1</id>
            <title>Create table: isys_check_mk_dynamic_tags</title>
            <check ident="C_CREATE_TABLE">isys_check_mk_dynamic_tags</check>
            <sql>
                <exec ident="false">
                    CREATE TABLE `isys_check_mk_dynamic_tags` (
                    `isys_check_mk_dynamic_tags__id` int(10) unsigned NOT NULL AUTO_INCREMENT,
                    `isys_check_mk_dynamic_tags__condition` int(10) unsigned NOT NULL,
                    `isys_check_mk_dynamic_tags__param` text COLLATE utf8_unicode_ci,
                    `isys_check_mk_dynamic_tags__tags` text COLLATE utf8_unicode_ci,
                    PRIMARY KEY (`isys_check_mk_dynamic_tags__id`)
                    ) ENGINE=InnoDB DEFAULT CHARSET=utf8 COLLATE=utf8_unicode_ci;
                </exec>
            </sql>
        </query>

        <query>
            <id>2</id>
            <title>Create table: isys_check_mk_exported_tags</title>
            <check ident="C_CREATE_TABLE">isys_check_mk_exported_tags</check>
            <sql>
                <exec ident="false">
                    CREATE TABLE `isys_check_mk_exported_tags` (
                    `isys_check_mk_exported_tags__id` int(10) unsigned NOT NULL AUTO_INCREMENT,
                    `isys_check_mk_exported_tags__group` varchar(255) COLLATE utf8_unicode_ci DEFAULT NULL,
                    `isys_check_mk_exported_tags__tags` text COLLATE utf8_unicode_ci,
                    `isys_check_mk_exported_tags__language` tinyint(1) unsigned DEFAULT NULL,
                    PRIMARY KEY (`isys_check_mk_exported_tags__id`)
                    ) ENGINE=InnoDB DEFAULT CHARSET=utf8 COLLATE=utf8_unicode_ci;
                </exec>
            </sql>
        </query>

        <query>
            <id>3</id>
            <title>Create table: isys_check_mk_generic_tag_config</title>
            <check ident="C_CREATE_TABLE">isys_check_mk_generic_tag_config</check>
            <sql>
                <exec ident="false">
                    CREATE TABLE `isys_check_mk_generic_tag_config` (
                    `isys_check_mk_generic_tag_config__id` int(10) unsigned NOT NULL AUTO_INCREMENT,
                    `isys_check_mk_generic_tag_config__isys_obj_type__id` int(10) unsigned DEFAULT NULL,
                    `isys_check_mk_generic_tag_config__config` text COLLATE utf8_unicode_ci,
                    PRIMARY KEY (`isys_check_mk_generic_tag_config__id`),
                    KEY `isys_check_mk_generic_tag_config__isys_obj_type__id` (`isys_check_mk_generic_tag_config__isys_obj_type__id`),
                    CONSTRAINT `isys_check_mk_generic_tag_config__isys_obj_type__id` FOREIGN KEY (`isys_check_mk_generic_tag_config__isys_obj_type__id`) REFERENCES `isys_obj_type` (`isys_obj_type__id`) ON DELETE CASCADE ON UPDATE CASCADE
                    ) ENGINE=InnoDB DEFAULT CHARSET=utf8 COLLATE=utf8_unicode_ci;
                </exec>
            </sql>
        </query>

        <query>
            <id>4</id>
            <title>Create table: isys_check_mk_tag_groups</title>
            <check ident="C_CREATE_TABLE">isys_check_mk_tag_groups</check>
            <sql>
                <exec ident="false">
                    CREATE TABLE `isys_check_mk_tag_groups` (
                    `isys_check_mk_tag_groups__id` int(11) unsigned NOT NULL AUTO_INCREMENT,
                    `isys_check_mk_tag_groups__title` varchar(255) COLLATE utf8_unicode_ci DEFAULT NULL,
                    `isys_check_mk_tag_groups__description` text COLLATE utf8_unicode_ci,
                    `isys_check_mk_tag_groups__const` varchar(255) COLLATE utf8_unicode_ci DEFAULT NULL,
                    `isys_check_mk_tag_groups__sort` int(11) DEFAULT NULL,
                    `isys_check_mk_tag_groups__status` int(11) NOT NULL DEFAULT '2',
                    PRIMARY KEY (`isys_check_mk_tag_groups__id`)
                    ) ENGINE=InnoDB DEFAULT CHARSET=utf8 COLLATE=utf8_unicode_ci;


                    INSERT INTO `isys_check_mk_tag_groups` VALUES (1,'LC__MODULE__CHECK_MK__TAG_GROUP__AGENT_TYPE','The default \"Agent type\" tag group. Tags inside this category will not be exported','C__MODULE__CHECK_MK__TAG_GROUP__AGENT_TYPE',NULL,2);
                </exec>
            </sql>
        </query>

        <query>
            <id>5</id>
            <title>Create table: isys_check_mk_tags</title>
            <check ident="C_CREATE_TABLE">isys_check_mk_tags</check>
            <sql>
                <exec ident="false">
                    CREATE TABLE `isys_check_mk_tags` (
                    `isys_check_mk_tags__id` int(10) unsigned NOT NULL AUTO_INCREMENT,
                    `isys_check_mk_tags__unique_name` varchar(255) COLLATE utf8_unicode_ci DEFAULT NULL,
                    `isys_check_mk_tags__display_name` varchar(255) COLLATE utf8_unicode_ci DEFAULT NULL,
                    `isys_check_mk_tags__isys_check_mk_tag_groups__id` int(10) unsigned DEFAULT NULL,
                    `isys_check_mk_tags__exportable` tinyint(1) unsigned DEFAULT '1',
                    `isys_check_mk_tags__description` text COLLATE utf8_unicode_ci,
                    `isys_check_mk_tags__status` int(10) unsigned DEFAULT '2',
                    PRIMARY KEY (`isys_check_mk_tags__id`),
                    KEY `isys_check_mk_tags__isys_check_mk_tag_groups__id` (`isys_check_mk_tags__isys_check_mk_tag_groups__id`),
                    CONSTRAINT `isys_check_mk_tags__isys_check_mk_tag_groups__id` FOREIGN KEY (`isys_check_mk_tags__isys_check_mk_tag_groups__id`) REFERENCES `isys_check_mk_tag_groups` (`isys_check_mk_tag_groups__id`) ON DELETE SET NULL ON UPDATE CASCADE
                    ) ENGINE=InnoDB AUTO_INCREMENT=6 DEFAULT CHARSET=utf8 COLLATE=utf8_unicode_ci;


                    INSERT INTO `isys_check_mk_tags` VALUES (1,'cmk-agent|tcp','Check_MK Agent (Server)',1,0,NULL,2);
                    INSERT INTO `isys_check_mk_tags` VALUES (2,'snmp-only|snmp','SNMP (Networking device, Appliance)',1,0,NULL,2);
                    INSERT INTO `isys_check_mk_tags` VALUES (3,'snmp-v1|snmp','Legacy SNMP device (using V1)',1,0,NULL,2);
                    INSERT INTO `isys_check_mk_tags` VALUES (4,'snmp-tcp|snmp|tcp','Dual: Check_MK Agent + SNMP',1,0,NULL,2);
                    INSERT INTO `isys_check_mk_tags` VALUES (5,'ping','No Agent',1,0,NULL,2);
                </exec>
            </sql>
        </query>

        <query>
            <id>6</id>
            <title>Add new logbook source for Check_MK</title>
            <check ident="C_VALUE_EXISTS">
                SELECT isys_logbook_source__id
                FROM isys_logbook_source
                WHERE isys_logbook_source__const = 'C__LOGBOOK_SOURCE__CMK';
            </check>
            <sql>
                <exec ident="false">
                    INSERT INTO `isys_logbook_source` SET
                    isys_logbook_source__title = 'Check_MK Module',
                    isys_logbook_source__description = 'Will appear when the Check_MK Status changes.',
                    isys_logbook_source__const = 'C__LOGBOOK_SOURCE__CMK',
                    isys_logbook_source__property = 0,
                    isys_logbook_source__status = 1;
                </exec>
            </sql>
        </query>

        <query>
            <id>7</id>
            <title>Add category Check_MK</title>
            <check ident="C_VALUE_EXISTS">
                SELECT isysgui_catg__id
                FROM isysgui_catg
                WHERE isysgui_catg__const = 'C__CATG__CMK';
            </check>
            <sql>
                <exec ident="false">
                    INSERT INTO `isysgui_catg` SET
                    isysgui_catg__type = 10,
                    isysgui_catg__title = 'LC__CATG__CMK_FOLDER',
                    isysgui_catg__description = 'Check_MK folder category',
                    isysgui_catg__const = 'C__CATG__CMK',
                    isysgui_catg__source_table = 'isys_catg_cmk',
                    isysgui_catg__class_name = 'isys_cmdb_dao_category_g_cmk',
                    isysgui_catg__sort = NULL,
                    isysgui_catg__parent = NULL,
                    isysgui_catg__list_multi_value = 0,
                    isysgui_catg__property = NULL,
                    isysgui_catg__search = 1,
                    isysgui_catg__status = 2,
                    isysgui_catg__standard = 0,
                    isysgui_catg__overview = 0;
                </exec>
            </sql>
        </query>

        <query>
            <id>8</id>
            <title>Add category Check_MK</title>
            <check ident="C_VALUE_EXISTS">
                SELECT isysgui_catg__id
                FROM isysgui_catg
                WHERE isysgui_catg__const = 'C__CATG__CMK_TAG';
            </check>
            <sql>
                <exec ident="false">
                    SET @cmk = (SELECT isysgui_catg__id FROM isysgui_catg WHERE isysgui_catg__const = 'C__CATG__CMK' LIMIT 1);

                    INSERT INTO `isysgui_catg` SET
                    isysgui_catg__type = 2,
                    isysgui_catg__title = 'LC__CATG__CMK_TAG',
                    isysgui_catg__description = 'Check_MK tag category',
                    isysgui_catg__const = 'C__CATG__CMK_TAG',
                    isysgui_catg__source_table = 'isys_catg_cmk_tag',
                    isysgui_catg__class_name = 'isys_cmdb_dao_category_g_cmk_tag',
                    isysgui_catg__sort = NULL,
                    isysgui_catg__parent = @cmk,
                    isysgui_catg__list_multi_value = 0,
                    isysgui_catg__property = NULL,
                    isysgui_catg__search = 1,
                    isysgui_catg__status = 2,
                    isysgui_catg__standard = 0,
                    isysgui_catg__overview = 0;
                </exec>
            </sql>
        </query>

        <query>
            <id>9</id>
            <title>Add category Check_MK</title>
            <check ident="C_VALUE_EXISTS">
                SELECT isysgui_catg__id
                FROM isysgui_catg
                WHERE isysgui_catg__const = 'C__CATG__CMK_HOST_SERVICE';
            </check>
            <sql>
                <exec ident="false">
                    SET @cmk = (SELECT isysgui_catg__id FROM isysgui_catg WHERE isysgui_catg__const = 'C__CATG__CMK' LIMIT 1);

                    INSERT INTO `isysgui_catg` SET
                    isysgui_catg__type = 2,
                    isysgui_catg__title = 'LC__CATG__CMK_HOST_SERVICE',
                    isysgui_catg__description = 'Check_MK services category',
                    isysgui_catg__const = 'C__CATG__CMK_HOST_SERVICE',
                    isysgui_catg__source_table = 'isys_catg_cmk_host_service',
                    isysgui_catg__class_name = 'isys_cmdb_dao_category_g_cmk_host_service',
                    isysgui_catg__sort = NULL,
                    isysgui_catg__parent = @cmk,
                    isysgui_catg__list_multi_value = 1,
                    isysgui_catg__property = NULL,
                    isysgui_catg__search = 1,
                    isysgui_catg__status = 2,
                    isysgui_catg__standard = 0,
                    isysgui_catg__overview = 0;
                </exec>
            </sql>
        </query>

        <query>
            <id>10</id>
            <title>Add category Check_MK</title>
            <check ident="C_VALUE_EXISTS">
                SELECT isysgui_catg__id
                FROM isysgui_catg
                WHERE isysgui_catg__const = 'C__CATG__CMK_SERVICE';
            </check>
            <sql>
                <exec ident="false">
                    INSERT INTO `isysgui_catg` SET
                    isysgui_catg__type = 2,
                    isysgui_catg__title = 'LC__CATG__CMK_SERVICE',
                    isysgui_catg__description = 'Check_MK service folder category',
                    isysgui_catg__const = 'C__CATG__CMK_SERVICE',
                    isysgui_catg__source_table = 'isys_catg_cmk_service',
                    isysgui_catg__class_name = 'isys_cmdb_dao_category_g_cmk_service',
                    isysgui_catg__sort = NULL,
                    isysgui_catg__parent = NULL,
                    isysgui_catg__list_multi_value = 1,
                    isysgui_catg__property = NULL,
                    isysgui_catg__search = 1,
                    isysgui_catg__status = 2,
                    isysgui_catg__standard = 0,
                    isysgui_catg__overview = 0;
                </exec>
            </sql>
        </query>

        <query>
            <id>11</id>
            <title>Add category Check_MK</title>
            <check ident="C_VALUE_EXISTS">
                SELECT isysgui_catg__id
                FROM isysgui_catg
                WHERE isysgui_catg__const = 'C__CATG__CMK_DEF';
            </check>
            <sql>
                <exec ident="false">
                    SET @cmk = (SELECT isysgui_catg__id FROM isysgui_catg WHERE isysgui_catg__const = 'C__CATG__CMK' LIMIT 1);

                    INSERT INTO `isysgui_catg` SET
                    isysgui_catg__type = 2,
                    isysgui_catg__title = 'LC__CATG__CMK_DEF',
                    isysgui_catg__description = 'Check_MK definition category',
                    isysgui_catg__const = 'C__CATG__CMK_DEF',
                    isysgui_catg__source_table = 'isys_catg_cmk',
                    isysgui_catg__class_name = 'isys_cmdb_dao_category_g_cmk',
                    isysgui_catg__sort = NULL,
                    isysgui_catg__parent = @cmk,
                    isysgui_catg__list_multi_value = 0,
                    isysgui_catg__property = NULL,
                    isysgui_catg__search = 1,
                    isysgui_catg__status = 2,
                    isysgui_catg__standard = 0,
                    isysgui_catg__overview = 0;
                </exec>
            </sql>
        </query>

        <query>
            <id>12</id>
            <title>Create table: isys_catg_cmk_host_service_list</title>
            <check ident="C_CREATE_TABLE">isys_catg_cmk_host_service_list</check>
            <sql>
                <exec ident="false">
                    CREATE TABLE `isys_catg_cmk_host_service_list` (
                    `isys_catg_cmk_host_service_list__id` int(10) unsigned NOT NULL AUTO_INCREMENT,
                    `isys_catg_cmk_host_service_list__isys_obj__id` int(10) unsigned DEFAULT NULL,
                    `isys_catg_cmk_host_service_list__service` varchar(255) COLLATE utf8_unicode_ci DEFAULT NULL,
                    `isys_catg_cmk_host_service_list__application__id` int(10) unsigned DEFAULT NULL,
                    `isys_catg_cmk_host_service_list__description` text COLLATE utf8_unicode_ci,
                    `isys_catg_cmk_host_service_list__status` int(10) unsigned DEFAULT '2',
                    PRIMARY KEY (`isys_catg_cmk_host_service_list__id`),
                    KEY `isys_catg_cmk_host_service_list__isys_obj__id` (`isys_catg_cmk_host_service_list__isys_obj__id`),
                    KEY `isys_catg_cmk_host_service_list__application__id` (`isys_catg_cmk_host_service_list__application__id`),
                    KEY `isys_catg_cmk_host_service_list__status` (`isys_catg_cmk_host_service_list__status`),
                    CONSTRAINT `isys_catg_cmk_host_service_list_ibfk_1` FOREIGN KEY (`isys_catg_cmk_host_service_list__isys_obj__id`) REFERENCES `isys_obj` (`isys_obj__id`) ON DELETE CASCADE ON UPDATE CASCADE,
                    CONSTRAINT `isys_catg_cmk_host_service_list_ibfk_2` FOREIGN KEY (`isys_catg_cmk_host_service_list__application__id`) REFERENCES `isys_catg_application_list` (`isys_catg_application_list__id`) ON DELETE CASCADE ON UPDATE CASCADE
                    ) ENGINE=InnoDB DEFAULT CHARSET=utf8 COLLATE=utf8_unicode_ci;
                </exec>
            </sql>
        </query>

        <query>
            <id>13</id>
            <title>Create table: isys_catg_cmk_list</title>
            <check ident="C_CREATE_TABLE">isys_catg_cmk_list</check>
            <sql>
                <exec ident="false">
                    CREATE TABLE `isys_catg_cmk_list` (
                    `isys_catg_cmk_list__id` int(10) unsigned NOT NULL AUTO_INCREMENT,
                    `isys_catg_cmk_list__isys_obj__id` int(10) unsigned DEFAULT NULL,
                    `isys_catg_cmk_list__isys_catg_ip_list__id` int(10) unsigned DEFAULT NULL COMMENT 'Kein FK, weil "0" ein valider Wert sein kann.',
                    `isys_catg_cmk_list__export_ip` tinyint(1) unsigned NOT NULL DEFAULT '1',
                    `isys_catg_cmk_list__host_name` varchar(255) COLLATE utf8_unicode_ci DEFAULT NULL,
                    `isys_catg_cmk_list__host_name_selection` tinyint(1) unsigned DEFAULT '0',
                    `isys_catg_cmk_list__exportable` tinyint(1) unsigned DEFAULT '1',
                    `isys_catg_cmk_list__isys_monitoring_export_config__id` int(10) unsigned DEFAULT NULL,
                    `isys_catg_cmk_list__title` varchar(255) COLLATE utf8_unicode_ci DEFAULT NULL,
                    `isys_catg_cmk_list__description` text COLLATE utf8_unicode_ci,
                    `isys_catg_cmk_list__status` int(10) unsigned DEFAULT '2',
                    PRIMARY KEY (`isys_catg_cmk_list__id`),
                    KEY `isys_catg_cmk_list__isys_obj__id` (`isys_catg_cmk_list__isys_obj__id`),
                    KEY `isys_catg_cmk_list__isys_monitoring_export_config__id` (`isys_catg_cmk_list__isys_monitoring_export_config__id`),
                    KEY `isys_catg_cmk_list__isys_catg_ip_list__id` (`isys_catg_cmk_list__isys_catg_ip_list__id`),
                    CONSTRAINT `isys_catg_cmk_list__isys_monitoring_export_config__id` FOREIGN KEY (`isys_catg_cmk_list__isys_monitoring_export_config__id`) REFERENCES `isys_monitoring_export_config` (`isys_monitoring_export_config__id`) ON DELETE CASCADE ON UPDATE CASCADE,
                    CONSTRAINT `isys_catg_cmk_list__isys_obj__id` FOREIGN KEY (`isys_catg_cmk_list__isys_obj__id`) REFERENCES `isys_obj` (`isys_obj__id`) ON DELETE CASCADE ON UPDATE CASCADE
                    ) ENGINE=InnoDB DEFAULT CHARSET=utf8 COLLATE=utf8_unicode_ci;
                </exec>
            </sql>
        </query>

        <query>
            <id>14</id>
            <title>Create table: isys_catg_cmk_list_2_isys_obj</title>
            <check ident="C_CREATE_TABLE">isys_catg_cmk_list_2_isys_obj</check>
            <sql>
                <exec ident="false">
                    CREATE TABLE `isys_catg_cmk_list_2_isys_obj` (
                    `isys_catg_cmk_list__id` int(10) unsigned NOT NULL,
                    `isys_obj__id` int(10) unsigned NOT NULL,
                    PRIMARY KEY (`isys_catg_cmk_list__id`,`isys_obj__id`),
                    KEY `isys_catg_cmk_list__id` (`isys_catg_cmk_list__id`),
                    KEY `isys_obj__id` (`isys_obj__id`),
                    CONSTRAINT `isys_catg_cmk_list_2_isys_obj_ibfk_1` FOREIGN KEY (`isys_catg_cmk_list__id`) REFERENCES `isys_catg_cmk_list` (`isys_catg_cmk_list__id`) ON DELETE CASCADE ON UPDATE CASCADE,
                    CONSTRAINT `isys_catg_cmk_list_2_isys_obj_ibfk_2` FOREIGN KEY (`isys_obj__id`) REFERENCES `isys_obj` (`isys_obj__id`) ON DELETE CASCADE ON UPDATE CASCADE
                    ) ENGINE=InnoDB DEFAULT CHARSET=utf8 COLLATE=utf8_unicode_ci;
                </exec>
            </sql>
        </query>

        <query>
            <id>15</id>
            <title>Create table: isys_catg_cmk_service_list</title>
            <check ident="C_CREATE_TABLE">isys_catg_cmk_service_list</check>
            <sql>
                <exec ident="false">
                    CREATE TABLE `isys_catg_cmk_service_list` (
                    `isys_catg_cmk_service_list__id` int(10) unsigned NOT NULL AUTO_INCREMENT,
                    `isys_catg_cmk_service_list__isys_obj__id` int(10) unsigned DEFAULT NULL,
                    `isys_catg_cmk_service_list__host` int(10) unsigned DEFAULT NULL,
                    `isys_catg_cmk_service_list__service` varchar(255) COLLATE utf8_unicode_ci DEFAULT NULL,
                    `isys_catg_cmk_service_list__description` text COLLATE utf8_unicode_ci,
                    `isys_catg_cmk_service_list__status` int(10) unsigned DEFAULT '2',
                    PRIMARY KEY (`isys_catg_cmk_service_list__id`),
                    KEY `isys_catg_cmk_service_list__isys_obj__id` (`isys_catg_cmk_service_list__isys_obj__id`),
                    KEY `isys_catg_cmk_service_list__host` (`isys_catg_cmk_service_list__host`),
                    KEY `isys_catg_cmk_service_list__status` (`isys_catg_cmk_service_list__status`),
                    CONSTRAINT `isys_catg_cmk_service_list__host` FOREIGN KEY (`isys_catg_cmk_service_list__host`) REFERENCES `isys_monitoring_hosts` (`isys_monitoring_hosts__id`) ON DELETE CASCADE ON UPDATE CASCADE,
                    CONSTRAINT `isys_catg_cmk_service_list__isys_obj__id` FOREIGN KEY (`isys_catg_cmk_service_list__isys_obj__id`) REFERENCES `isys_obj` (`isys_obj__id`) ON DELETE CASCADE ON UPDATE CASCADE
                    ) ENGINE=InnoDB DEFAULT CHARSET=utf8 COLLATE=utf8_unicode_ci;
                </exec>
            </sql>
        </query>

        <query>
            <id>16</id>
            <title>Create table: isys_catg_cmk_tag_list</title>
            <check ident="C_CREATE_TABLE">isys_catg_cmk_tag_list</check>
            <sql>
                <exec ident="false">
                    CREATE TABLE `isys_catg_cmk_tag_list` (
                    `isys_catg_cmk_tag_list__id` int(10) unsigned NOT NULL AUTO_INCREMENT,
                    `isys_catg_cmk_tag_list__isys_obj__id` int(10) unsigned DEFAULT NULL,
                    `isys_catg_cmk_tag_list__tags` text COLLATE utf8_unicode_ci,
                    `isys_catg_cmk_tag_list__description` text COLLATE utf8_unicode_ci,
                    `isys_catg_cmk_tag_list__status` int(10) unsigned DEFAULT '2',
                    PRIMARY KEY (`isys_catg_cmk_tag_list__id`),
                    KEY `isys_catg_cmk_tag_list__isys_obj__id` (`isys_catg_cmk_tag_list__isys_obj__id`),
                    CONSTRAINT `isys_catg_cmk_tag_list_ibfk_1` FOREIGN KEY (`isys_catg_cmk_tag_list__isys_obj__id`) REFERENCES `isys_obj` (`isys_obj__id`) ON DELETE CASCADE ON UPDATE CASCADE
                    ) ENGINE=InnoDB DEFAULT CHARSET=utf8 COLLATE=utf8_unicode_ci;
                </exec>
            </sql>
        </query>

    </queries>
</isys>
