[{"type":"2","title":"Eingelagerte Schl\u00fcssel","configuration":"a:1:{s:15:\"c_1648221449001\";a:7:{s:4:\"type\";s:7:\"f_popup\";s:5:\"popup\";s:14:\"report_browser\";s:5:\"title\";s:23:\"Eingelagerte Schl\u00fcssel\";s:10:\"identifier\";s:29:\"C__VAR_EINGELAGERTE_SCHLUSSEL\";s:10:\"visibility\";s:7:\"visible\";s:12:\"show_in_list\";i:1;s:11:\"show_inline\";i:0;}}","parent":"0","sort":"0","constant":"C__CATG__CUSTOM_FIELDS_EINGELAGERTE_SCHLUESSEL","sourceTable":"isys_catg_custom_fields_list","className":"isys_cmdb_dao_category_g_custom_fields","listMultiValue":"0","status":"2","objectTypeAssignment":["C__OBJTYPE__GENERIC_TEMPLATE","C__KEY_BOX","C__OBJTYPE__CELL_PHONE_CONTRACT"]},{"type":"2","title":"Schl\u00fcssel (im Besitz)","configuration":"a:1:{s:15:\"c_1647951597478\";a:7:{s:4:\"type\";s:7:\"f_popup\";s:5:\"popup\";s:14:\"report_browser\";s:5:\"title\";s:13:\"Received keys\";s:10:\"identifier\";s:22:\"C__ERHALTENE_SCHLUSSEL\";s:10:\"visibility\";s:7:\"visible\";s:12:\"show_in_list\";i:1;s:11:\"show_inline\";i:0;}}","parent":"0","sort":"0","constant":"C__CATG__CUSTOM_FIELDS_RECEIVED_KEYS","sourceTable":"isys_catg_custom_fields_list","className":"isys_cmdb_dao_category_g_custom_fields","listMultiValue":"0","status":"2","objectTypeAssignment":["C__OBJTYPE__PERSON","C__OBJTYPE__GENERIC_TEMPLATE","C__OBJTYPE__CELL_PHONE_CONTRACT"]},{"type":"2","title":"Schl\u00fcssel","configuration":"a:5:{s:15:\"c_1647943721736\";a:8:{s:4:\"type\";s:7:\"f_popup\";s:5:\"popup\";s:8:\"calendar\";s:5:\"extra\";s:13:\"date-datetime\";s:5:\"title\";s:20:\"Schl\u00fcsselausgabe am\";s:7:\"default\";s:2:\"-1\";s:10:\"visibility\";s:7:\"visible\";s:12:\"show_in_list\";i:1;s:11:\"show_inline\";i:0;}s:15:\"c_1647943721735\";a:5:{s:4:\"type\";s:6:\"f_text\";s:5:\"title\";s:16:\"Schl\u00fcsselnummer\";s:10:\"visibility\";s:7:\"visible\";s:12:\"show_in_list\";i:1;s:11:\"show_inline\";i:0;}s:15:\"c_1647948399443\";a:7:{s:4:\"type\";s:7:\"f_popup\";s:5:\"popup\";s:14:\"browser_object\";s:5:\"title\";s:20:\"Schl\u00fcsselausgabe an\";s:10:\"identifier\";s:2:\"18\";s:10:\"visibility\";s:7:\"visible\";s:12:\"show_in_list\";i:1;s:11:\"show_inline\";i:0;}s:15:\"c_1647947023519\";a:7:{s:4:\"type\";s:7:\"f_popup\";s:5:\"popup\";s:14:\"browser_object\";s:5:\"title\";s:23:\"Schl\u00fcsselausgabe durch\";s:10:\"identifier\";s:2:\"18\";s:10:\"visibility\";s:7:\"visible\";s:12:\"show_in_list\";i:1;s:11:\"show_inline\";i:0;}s:15:\"c_1648220841059\";a:7:{s:4:\"type\";s:7:\"f_popup\";s:5:\"popup\";s:14:\"browser_object\";s:5:\"title\";s:11:\"Gelagert in\";s:10:\"identifier\";s:2:\"18\";s:10:\"visibility\";s:7:\"visible\";s:12:\"show_in_list\";i:1;s:11:\"show_inline\";i:0;}}","parent":"0","sort":"0","constant":"C__CATG__CUSTOM_FIELDS_SCHLUESSELAUSGABE","sourceTable":"isys_catg_custom_fields_list","className":"isys_cmdb_dao_category_g_custom_fields","listMultiValue":"1","status":"2","objectTypeAssignment":["C__KEYS","C__OBJTYPE__GENERIC_TEMPLATE","C__OBJTYPE__CELL_PHONE_CONTRACT"]},{"type":"2","title":"Zutritt (Schl\u00fcssel)","configuration":"a:1:{s:15:\"c_1648219168330\";a:7:{s:4:\"type\";s:7:\"f_popup\";s:5:\"popup\";s:14:\"report_browser\";s:5:\"title\";s:13:\"Neues Feld #1\";s:10:\"identifier\";s:31:\"C__VAR_ZUTRITT_ZU_INFRASTRUKTUR\";s:10:\"visibility\";s:7:\"visible\";s:12:\"show_in_list\";i:1;s:11:\"show_inline\";i:0;}}","parent":"0","sort":"0","constant":"C__CATG__CUSTOM_FIELDS_ZUTRITT_DURCH","sourceTable":"isys_catg_custom_fields_list","className":"isys_cmdb_dao_category_g_custom_fields","listMultiValue":"0","status":"2","objectTypeAssignment":["C__OBJTYPE__BUILDING","C__OBJTYPE__ROOM","C__OBJTYPE__GENERIC_TEMPLATE","C__OBJTYPE__CELL_PHONE_CONTRACT"]},{"type":"2","title":"Zutritt","configuration":"a:1:{s:15:\"c_1657613085964\";a:8:{s:4:\"type\";s:7:\"f_popup\";s:5:\"popup\";s:14:\"browser_object\";s:5:\"title\";s:32:\"Zutritt zu Geb\u00e4uden und R\u00e4umen\";s:10:\"identifier\";s:2:\"18\";s:14:\"multiselection\";b:1;s:10:\"visibility\";s:7:\"visible\";s:12:\"show_in_list\";b:0;s:11:\"show_inline\";b:0;}}","parent":"0","sort":"0","constant":"C__CATG__CUSTOM_FIELDS_ZUTRITTZU","sourceTable":"isys_catg_custom_fields_list","className":"isys_cmdb_dao_category_g_custom_fields","listMultiValue":"0","status":"2","objectTypeAssignment":["C__KEYS","C__OBJTYPE__GENERIC_TEMPLATE"]}]