[{"constant":"C__KEY_BOX","global":["C__CATG__VIRTUAL_TICKETS","C__CATG__GLOBAL","C__CATG__RELATION","C__CATG__MULTIEDIT","C__CATG__LOGBOOK","C__CATG__VIRTUAL_AUTH","C__CATG__LOCATION","C__CATG__PLANNING","C__CATG__ISO27001_ISMS"],"specific":null,"custom":["C__CATG__CUSTOM_FIELDS_EINGELAGERTE_SCHLUESSEL"]},{"constant":"C__KEYS","global":["C__CATG__VIRTUAL_TICKETS","C__CATG__GLOBAL","C__CATG__RELATION","C__CATG__CONTACT","C__CATG__MULTIEDIT","C__CATG__LOGBOOK","C__CATG__VIRTUAL_AUTH","C__CATG__PLANNING","C__CATG__ISO27001_ISMS"],"specific":null,"custom":["C__CATG__CUSTOM_FIELDS_SCHLUESSELAUSGABE","C__CATG__CUSTOM_FIELDS_ZUTRITTZU"]}]