[{"title":"Ausgegebene Schl\u00fcssel","description":"","query":"SELECT \nobj_main.isys_obj__id AS '__id__', \nobj_main.isys_obj__title AS 'LC__UNIVERSAL__TITLE###0_1', \nj5.isys_obj__title AS 'Ausgegeben an###4_84', \nj7.isys_obj__title AS 'Ausgegeben durch###4_84', \nj2.isys_catg_custom_fields_list__field_content AS 'locales::fmt_date::Schl\u00fcsselausgabe am###4_84', \nj3.isys_catg_custom_fields_list__field_content AS 'Schl\u00fcsselnummer###4_84' \n\n FROM isys_obj AS obj_main \nINNER JOIN isys_cmdb_status AS obj_main_status ON obj_main_status.isys_cmdb_status__id = obj_main.isys_obj__isys_cmdb_status__id \nLEFT JOIN isys_catg_custom_fields_list AS ROOT_C__CATG__CUSTOM_FIELDS_SCHLUESSELAUSGABE ON obj_main.isys_obj__id = ROOT_C__CATG__CUSTOM_FIELDS_SCHLUESSELAUSGABE.isys_catg_custom_fields_list__isys_obj__id\n                                AND ROOT_C__CATG__CUSTOM_FIELDS_SCHLUESSELAUSGABE.isys_catg_custom_fields_list__isysgui_catg_custom__id = (SELECT isysgui_catg_custom__id FROM isysgui_catg_custom WHERE isysgui_catg_custom__const = 'C__CATG__CUSTOM_FIELDS_SCHLUESSELAUSGABE')\n                                AND ROOT_C__CATG__CUSTOM_FIELDS_SCHLUESSELAUSGABE.isys_catg_custom_fields_list__field_type = 'commentary'  LEFT JOIN isys_catg_custom_fields_list AS j2 ON obj_main.isys_obj__id = j2.isys_catg_custom_fields_list__isys_obj__id AND j2.isys_catg_custom_fields_list__field_key = 'c_1647943721736' \n                                AND j2.isys_catg_custom_fields_list__data__id = ROOT_C__CATG__CUSTOM_FIELDS_SCHLUESSELAUSGABE.isys_catg_custom_fields_list__data__id  \n LEFT JOIN isys_catg_custom_fields_list AS j3 ON obj_main.isys_obj__id = j3.isys_catg_custom_fields_list__isys_obj__id AND j3.isys_catg_custom_fields_list__field_key = 'c_1647943721735'  AND j3.isys_catg_custom_fields_list__data__id = ROOT_C__CATG__CUSTOM_FIELDS_SCHLUESSELAUSGABE.isys_catg_custom_fields_list__data__id  \n LEFT JOIN isys_catg_custom_fields_list AS j4 ON obj_main.isys_obj__id = j4.isys_catg_custom_fields_list__isys_obj__id AND j4.isys_catg_custom_fields_list__field_key = 'c_1647948399443'  AND j4.isys_catg_custom_fields_list__data__id = ROOT_C__CATG__CUSTOM_FIELDS_SCHLUESSELAUSGABE.isys_catg_custom_fields_list__data__id  \n LEFT JOIN isys_obj AS j5 ON j4.isys_catg_custom_fields_list__field_content = j5.isys_obj__id  \n LEFT JOIN isys_catg_custom_fields_list AS j6 ON obj_main.isys_obj__id = j6.isys_catg_custom_fields_list__isys_obj__id AND j6.isys_catg_custom_fields_list__field_key = 'c_1647947023519'  AND j6.isys_catg_custom_fields_list__data__id = ROOT_C__CATG__CUSTOM_FIELDS_SCHLUESSELAUSGABE.isys_catg_custom_fields_list__data__id  \n LEFT JOIN isys_obj AS j7 ON j6.isys_catg_custom_fields_list__field_content = j7.isys_obj__id  \nLEFT JOIN isys_obj_type AS j8 ON j8.isys_obj_type__id = obj_main.isys_obj__isys_obj_type__id \n\nWHERE TRUE \n AND  ( (j8.isys_obj_type__id != '60' ) AND (j8.isys_obj_type__id != '63' ) ) AND ( (j5.isys_obj__id PLACEHOLDER.2 'object-id' ) )\n ORDER BY obj_main.isys_obj__title DESC","queryRow":null,"datetime":"2022-03-22 13:01:45","type":"0","userSpecific":"0","querybuilderData":"{\"main_object\":[{\"g\":{\"C__CATG__GLOBAL\":[\"title\"]}},{\"g_custom\":{\"C__CATG__CUSTOM_FIELDS_SCHLUESSELAUSGABE\":[\"f_popup_c_1647948399443\"]}},{\"g_custom\":{\"C__CATG__CUSTOM_FIELDS_SCHLUESSELAUSGABE\":[\"f_popup_c_1647947023519\"]}},{\"g_custom\":{\"C__CATG__CUSTOM_FIELDS_SCHLUESSELAUSGABE\":[\"f_popup_c_1647943721736\"]}},{\"g_custom\":{\"C__CATG__CUSTOM_FIELDS_SCHLUESSELAUSGABE\":[\"f_text_c_1647943721735\"]}}],\"lvls\":null,\"conditions\":{\"1\":[{\"category\":\"C__CATG__CUSTOM_FIELDS_SCHLUESSELAUSGABE\",\"property\":\"C__CATG__CUSTOM_FIELDS_SCHLUESSELAUSGABE-f_popup_c_1647948399443\",\"comparison\":\"PLACEHOLDER\",\"value\":\"object-id\",\"user_input\":\"\"}]},\"default_sorting\":null,\"sorting_direction\":\"DESC\",\"statusFilter\":\"0\"}","emptyValues":"1","displayRelations":"0","categoryReport":"1","constant":"C__AUSGEGEBENE_SCHLUSSEL","compressedMultivalueResults":"0","showHtml":"0","categoryId":"5","categoryTitle":"Audit","categoryConstant":"C__REPORT_CATEGORY__AUDIT"},{"title":"Key book","description":"","query":"SELECT \nobj_main.isys_obj__id AS '__id__', \nobj_main.isys_obj__title AS 'LC__UNIVERSAL__TITLE###0_1', \nj3.isys_catg_custom_fields_list__field_content AS 'Schl\u00fcsselnummer###4_84', \nj2.isys_catg_custom_fields_list__field_content AS 'locales::fmt_date::Schl\u00fcsselausgabe am###4_84', \nj5.isys_obj__title AS 'Schl\u00fcsselausgabe an###4_84', \nj7.isys_obj__title AS 'Schl\u00fcsselausgabe durch###4_84', \nj9.isys_obj__title AS 'LC__UNIVERSAL__TITLE#Gelagert in###catg_1', \nj12.isys_obj__title AS 'LC__UNIVERSAL__TITLE#LC__CMDB__CATG__LOCATION#Gelagert in###catg_1' \n\n FROM isys_obj AS obj_main \nINNER JOIN isys_cmdb_status AS obj_main_status ON obj_main_status.isys_cmdb_status__id = obj_main.isys_obj__isys_cmdb_status__id \nLEFT JOIN isys_catg_custom_fields_list AS ROOT_C__CATG__CUSTOM_FIELDS_SCHLUESSELAUSGABE ON obj_main.isys_obj__id = ROOT_C__CATG__CUSTOM_FIELDS_SCHLUESSELAUSGABE.isys_catg_custom_fields_list__isys_obj__id\n                                AND ROOT_C__CATG__CUSTOM_FIELDS_SCHLUESSELAUSGABE.isys_catg_custom_fields_list__isysgui_catg_custom__id = (SELECT isysgui_catg_custom__id FROM isysgui_catg_custom WHERE isysgui_catg_custom__const = 'C__CATG__CUSTOM_FIELDS_SCHLUESSELAUSGABE')\n                                AND ROOT_C__CATG__CUSTOM_FIELDS_SCHLUESSELAUSGABE.isys_catg_custom_fields_list__field_type = 'commentary'  LEFT JOIN isys_catg_custom_fields_list AS j2 ON obj_main.isys_obj__id = j2.isys_catg_custom_fields_list__isys_obj__id AND j2.isys_catg_custom_fields_list__field_key = 'c_1647943721736' \n                                AND j2.isys_catg_custom_fields_list__data__id = ROOT_C__CATG__CUSTOM_FIELDS_SCHLUESSELAUSGABE.isys_catg_custom_fields_list__data__id  \n LEFT JOIN isys_catg_custom_fields_list AS j3 ON obj_main.isys_obj__id = j3.isys_catg_custom_fields_list__isys_obj__id AND j3.isys_catg_custom_fields_list__field_key = 'c_1647943721735'  AND j3.isys_catg_custom_fields_list__data__id = ROOT_C__CATG__CUSTOM_FIELDS_SCHLUESSELAUSGABE.isys_catg_custom_fields_list__data__id  \n LEFT JOIN isys_catg_custom_fields_list AS j4 ON obj_main.isys_obj__id = j4.isys_catg_custom_fields_list__isys_obj__id AND j4.isys_catg_custom_fields_list__field_key = 'c_1647948399443'  AND j4.isys_catg_custom_fields_list__data__id = ROOT_C__CATG__CUSTOM_FIELDS_SCHLUESSELAUSGABE.isys_catg_custom_fields_list__data__id  \n LEFT JOIN isys_obj AS j5 ON j4.isys_catg_custom_fields_list__field_content = j5.isys_obj__id  \n LEFT JOIN isys_catg_custom_fields_list AS j6 ON obj_main.isys_obj__id = j6.isys_catg_custom_fields_list__isys_obj__id AND j6.isys_catg_custom_fields_list__field_key = 'c_1647947023519'  AND j6.isys_catg_custom_fields_list__data__id = ROOT_C__CATG__CUSTOM_FIELDS_SCHLUESSELAUSGABE.isys_catg_custom_fields_list__data__id  \n LEFT JOIN isys_obj AS j7 ON j6.isys_catg_custom_fields_list__field_content = j7.isys_obj__id  \n LEFT JOIN isys_catg_custom_fields_list AS j8 ON obj_main.isys_obj__id = j8.isys_catg_custom_fields_list__isys_obj__id AND j8.isys_catg_custom_fields_list__field_key = 'c_1648220841059'  AND j8.isys_catg_custom_fields_list__data__id = ROOT_C__CATG__CUSTOM_FIELDS_SCHLUESSELAUSGABE.isys_catg_custom_fields_list__data__id  \n LEFT JOIN isys_obj AS j9 ON j8.isys_catg_custom_fields_list__field_content = j9.isys_obj__id  \nLEFT JOIN isys_catg_location_list AS j11 ON j9.isys_obj__id = j11.isys_catg_location_list__isys_obj__id \nLEFT JOIN isys_obj AS j12 ON j11.isys_catg_location_list__parentid = j12.isys_obj__id \nLEFT JOIN isys_obj_type AS j14 ON j14.isys_obj_type__id = obj_main.isys_obj__isys_obj_type__id \n\nWHERE TRUE \n AND  ( (j14.isys_obj_type__id != '60' ) AND (j14.isys_obj_type__id != '63' ) ) AND ( (j14.isys_obj_type__id = '160' ) )\n ORDER BY obj_main.isys_obj__title DESC","queryRow":null,"datetime":"2022-03-22 13:53:03","type":"0","userSpecific":"0","querybuilderData":"{\"main_object\":[{\"g\":{\"C__CATG__GLOBAL\":[\"title\"]}},{\"g_custom\":{\"C__CATG__CUSTOM_FIELDS_SCHLUESSELAUSGABE\":[\"f_text_c_1647943721735\"]}},{\"g_custom\":{\"C__CATG__CUSTOM_FIELDS_SCHLUESSELAUSGABE\":[\"f_popup_c_1647943721736\"]}},{\"g_custom\":{\"C__CATG__CUSTOM_FIELDS_SCHLUESSELAUSGABE\":[\"f_popup_c_1647948399443\"]}},{\"g_custom\":{\"C__CATG__CUSTOM_FIELDS_SCHLUESSELAUSGABE\":[\"f_popup_c_1647947023519\"]}},{\"g_custom\":{\"C__CATG__CUSTOM_FIELDS_SCHLUESSELAUSGABE\":[\"f_popup_c_1648220841059\"]}}],\"lvls\":{\"1\":{\"C__CATG__CUSTOM_FIELDS_SCHLUESSELAUSGABE-f_popup_c_1648220841059\":[{\"g\":{\"C__CATG__GLOBAL\":[\"title\"]}},{\"g\":{\"C__CATG__LOCATION\":[\"parent\"]}}]},\"2\":{\"C__CATG__CUSTOM_FIELDS_SCHLUESSELAUSGABE-f_popup_c_1648220841059--C__CATG__LOCATION-parent\":[{\"g\":{\"C__CATG__GLOBAL\":[\"title\"]}}]}},\"conditions\":[[{\"category\":\"C__CATG__GLOBAL\",\"property\":\"C__CATG__GLOBAL-type\",\"comparison\":\"=\",\"value\":\"160\"}]],\"default_sorting\":null,\"sorting_direction\":\"DESC\",\"statusFilter\":\"0\"}","emptyValues":"1","displayRelations":"0","categoryReport":"0","constant":"C__C6EB2025DD77FDC23621F5825059C","compressedMultivalueResults":"1","showHtml":"0","categoryId":"16","categoryTitle":"Schl\u00fcsselverwaltung","categoryConstant":"C__REPORT_CATEGORY__SCHLSSELVERWALTUNG"},{"title":"Var: Received keys","description":"","query":"SELECT \nobj_main.isys_obj__id AS '__id__', \nobj_main.isys_obj__title AS 'LC__UNIVERSAL__TITLE###0_1', \nj3.isys_catg_custom_fields_list__field_content AS 'Key number###4_84', \nj5.isys_obj__title AS 'Key issuance to###4_84', \nj7.isys_obj__title AS 'Key issued by###4_84', \nj2.isys_catg_custom_fields_list__field_content AS 'locales::fmt_date::Key issuance on###4_84' \n\n FROM isys_obj AS obj_main \nINNER JOIN isys_cmdb_status AS obj_main_status ON obj_main_status.isys_cmdb_status__id = obj_main.isys_obj__isys_cmdb_status__id \nLEFT JOIN isys_catg_custom_fields_list AS ROOT_C__CATG__CUSTOM_FIELDS_SCHLUESSELAUSGABE ON obj_main.isys_obj__id = ROOT_C__CATG__CUSTOM_FIELDS_SCHLUESSELAUSGABE.isys_catg_custom_fields_list__isys_obj__id\n                                AND ROOT_C__CATG__CUSTOM_FIELDS_SCHLUESSELAUSGABE.isys_catg_custom_fields_list__isysgui_catg_custom__id = (SELECT isysgui_catg_custom__id FROM isysgui_catg_custom WHERE isysgui_catg_custom__const = 'C__CATG__CUSTOM_FIELDS_SCHLUESSELAUSGABE')\n                                AND ROOT_C__CATG__CUSTOM_FIELDS_SCHLUESSELAUSGABE.isys_catg_custom_fields_list__field_type = 'commentary'  LEFT JOIN isys_catg_custom_fields_list AS j2 ON obj_main.isys_obj__id = j2.isys_catg_custom_fields_list__isys_obj__id AND j2.isys_catg_custom_fields_list__field_key = 'c_1647943721736' \n                                AND j2.isys_catg_custom_fields_list__data__id = ROOT_C__CATG__CUSTOM_FIELDS_SCHLUESSELAUSGABE.isys_catg_custom_fields_list__data__id  \n LEFT JOIN isys_catg_custom_fields_list AS j3 ON obj_main.isys_obj__id = j3.isys_catg_custom_fields_list__isys_obj__id AND j3.isys_catg_custom_fields_list__field_key = 'c_1647943721735'  AND j3.isys_catg_custom_fields_list__data__id = ROOT_C__CATG__CUSTOM_FIELDS_SCHLUESSELAUSGABE.isys_catg_custom_fields_list__data__id  \n LEFT JOIN isys_catg_custom_fields_list AS j4 ON obj_main.isys_obj__id = j4.isys_catg_custom_fields_list__isys_obj__id AND j4.isys_catg_custom_fields_list__field_key = 'c_1647948399443'  AND j4.isys_catg_custom_fields_list__data__id = ROOT_C__CATG__CUSTOM_FIELDS_SCHLUESSELAUSGABE.isys_catg_custom_fields_list__data__id  \n LEFT JOIN isys_obj AS j5 ON j4.isys_catg_custom_fields_list__field_content = j5.isys_obj__id  \n LEFT JOIN isys_catg_custom_fields_list AS j6 ON obj_main.isys_obj__id = j6.isys_catg_custom_fields_list__isys_obj__id AND j6.isys_catg_custom_fields_list__field_key = 'c_1647947023519'  AND j6.isys_catg_custom_fields_list__data__id = ROOT_C__CATG__CUSTOM_FIELDS_SCHLUESSELAUSGABE.isys_catg_custom_fields_list__data__id  \n LEFT JOIN isys_obj AS j7 ON j6.isys_catg_custom_fields_list__field_content = j7.isys_obj__id  \nLEFT JOIN isys_obj_type AS j8 ON j8.isys_obj_type__id = obj_main.isys_obj__isys_obj_type__id \n\nWHERE TRUE \n AND  ( (j8.isys_obj_type__id != '60' ) AND (j8.isys_obj_type__id != '63' ) ) AND ( (j5.isys_obj__id PLACEHOLDER.2 'object-id' ) )\n ORDER BY obj_main.isys_obj__title DESC","queryRow":null,"datetime":"2022-03-22 10:45:09","type":"0","userSpecific":"0","querybuilderData":"{\"main_object\":[{\"g\":{\"C__CATG__GLOBAL\":[\"title\"]}},{\"g_custom\":{\"C__CATG__CUSTOM_FIELDS_SCHLUESSELAUSGABE\":[\"f_text_c_1647943721735\"]}},{\"g_custom\":{\"C__CATG__CUSTOM_FIELDS_SCHLUESSELAUSGABE\":[\"f_popup_c_1647948399443\"]}},{\"g_custom\":{\"C__CATG__CUSTOM_FIELDS_SCHLUESSELAUSGABE\":[\"f_popup_c_1647947023519\"]}},{\"g_custom\":{\"C__CATG__CUSTOM_FIELDS_SCHLUESSELAUSGABE\":[\"f_popup_c_1647943721736\"]}}],\"lvls\":null,\"conditions\":[[{\"category\":\"C__CATG__CUSTOM_FIELDS_SCHLUESSELAUSGABE\",\"property\":\"C__CATG__CUSTOM_FIELDS_SCHLUESSELAUSGABE-f_popup_c_1647948399443\",\"comparison\":\"PLACEHOLDER\",\"value\":\"object-id\",\"user_input\":\"\"}]],\"default_sorting\":null,\"sorting_direction\":\"DESC\",\"statusFilter\":\"0\"}","emptyValues":"1","displayRelations":"0","categoryReport":"1","constant":"C__ERHALTENE_SCHLUSSEL","compressedMultivalueResults":"0","showHtml":"0","categoryId":"16","categoryTitle":"Schl\u00fcsselverwaltung","categoryConstant":"C__REPORT_CATEGORY__SCHLSSELVERWALTUNG"},{"title":"Var: Eingelagerte Schl\u00fcssel","description":"","query":"SELECT \nobj_main.isys_obj__id AS '__id__', \nobj_main.isys_obj__title AS 'LC__UNIVERSAL__TITLE###0_1', \nj2.isys_catg_custom_fields_list__field_content AS 'Key number###4_84', \nj4.isys_obj__title AS 'Stored at###4_84' \n\n FROM isys_obj AS obj_main \nINNER JOIN isys_cmdb_status AS obj_main_status ON obj_main_status.isys_cmdb_status__id = obj_main.isys_obj__isys_cmdb_status__id \nLEFT JOIN isys_catg_custom_fields_list AS ROOT_C__CATG__CUSTOM_FIELDS_SCHLUESSELAUSGABE ON obj_main.isys_obj__id = ROOT_C__CATG__CUSTOM_FIELDS_SCHLUESSELAUSGABE.isys_catg_custom_fields_list__isys_obj__id\n                                AND ROOT_C__CATG__CUSTOM_FIELDS_SCHLUESSELAUSGABE.isys_catg_custom_fields_list__isysgui_catg_custom__id = (SELECT isysgui_catg_custom__id FROM isysgui_catg_custom WHERE isysgui_catg_custom__const = 'C__CATG__CUSTOM_FIELDS_SCHLUESSELAUSGABE')\n                                AND ROOT_C__CATG__CUSTOM_FIELDS_SCHLUESSELAUSGABE.isys_catg_custom_fields_list__field_type = 'commentary'  LEFT JOIN isys_catg_custom_fields_list AS j2 ON obj_main.isys_obj__id = j2.isys_catg_custom_fields_list__isys_obj__id AND j2.isys_catg_custom_fields_list__field_key = 'c_1647943721735' \n                                AND j2.isys_catg_custom_fields_list__data__id = ROOT_C__CATG__CUSTOM_FIELDS_SCHLUESSELAUSGABE.isys_catg_custom_fields_list__data__id  \n LEFT JOIN isys_catg_custom_fields_list AS j3 ON obj_main.isys_obj__id = j3.isys_catg_custom_fields_list__isys_obj__id AND j3.isys_catg_custom_fields_list__field_key = 'c_1648220841059'  AND j3.isys_catg_custom_fields_list__data__id = ROOT_C__CATG__CUSTOM_FIELDS_SCHLUESSELAUSGABE.isys_catg_custom_fields_list__data__id  \n LEFT JOIN isys_obj AS j4 ON j3.isys_catg_custom_fields_list__field_content = j4.isys_obj__id  \nLEFT JOIN isys_obj_type AS j5 ON j5.isys_obj_type__id = obj_main.isys_obj__isys_obj_type__id \n\nWHERE TRUE \n AND  ( (j5.isys_obj_type__id != '60' ) AND (j5.isys_obj_type__id != '63' ) ) AND ( (j4.isys_obj__id PLACEHOLDER.2 'object-id' ) )\n ORDER BY obj_main.isys_obj__title DESC","queryRow":null,"datetime":"2022-03-25 16:15:48","type":"0","userSpecific":"0","querybuilderData":"{\"main_object\":[{\"g\":{\"C__CATG__GLOBAL\":[\"title\"]}},{\"g_custom\":{\"C__CATG__CUSTOM_FIELDS_SCHLUESSELAUSGABE\":[\"f_text_c_1647943721735\"]}},{\"g_custom\":{\"C__CATG__CUSTOM_FIELDS_SCHLUESSELAUSGABE\":[\"f_popup_c_1648220841059\"]}}],\"lvls\":null,\"conditions\":[[{\"category\":\"C__CATG__CUSTOM_FIELDS_SCHLUESSELAUSGABE\",\"property\":\"C__CATG__CUSTOM_FIELDS_SCHLUESSELAUSGABE-f_popup_c_1648220841059\",\"comparison\":\"PLACEHOLDER\",\"value\":\"object-id\",\"user_input\":\"\"}]],\"default_sorting\":null,\"sorting_direction\":\"DESC\",\"statusFilter\":\"0\"}","emptyValues":"1","displayRelations":"0","categoryReport":"1","constant":"C__VAR_EINGELAGERTE_SCHLUSSEL","compressedMultivalueResults":"0","showHtml":"0","categoryId":"16","categoryTitle":"Schl\u00fcsselverwaltung","categoryConstant":"C__REPORT_CATEGORY__SCHLSSELVERWALTUNG"},{"title":"Var: Zutritt zur Infrastruktur","description":"","query":"SELECT \nobj_main.isys_obj__id AS '__id__', \nobj_main.isys_obj__title AS 'LC__UNIVERSAL__TITLE###0_1', \nj2.isys_catg_custom_fields_list__field_content AS 'Schl\u00fcsselnummer###4_84', \nj4.isys_obj__title AS 'LC__UNIVERSAL__TITLE#Schl\u00fcsselausgabe an###catg_1', \nj8.isys_cats_person_list__phone_company AS 'LC__CONTACT__PERSON_TELEPHONE_COMPANY#Schl\u00fcsselausgabe an###cats_49', \nj8.isys_cats_person_list__phone_home AS 'LC__CONTACT__PERSON_TELEPHONE_HOME#Schl\u00fcsselausgabe an###cats_49', \nj6.isys_obj__title AS 'LC__UNIVERSAL__TITLE#Gelagert in###catg_1', \nj11.isys_catg_location_list__parentid AS 'isys_cmdb_dao_category_g_location::dynamic_property_callback_location_path::isys_catg_location_list__parentid::LC__CMDB__CATG__LOCATION_PATH#Gelagert in###catg_26' \n\n FROM isys_obj AS obj_main \nINNER JOIN isys_cmdb_status AS obj_main_status ON obj_main_status.isys_cmdb_status__id = obj_main.isys_obj__isys_cmdb_status__id \nLEFT JOIN isys_catg_custom_fields_list AS ROOT_C__CATG__CUSTOM_FIELDS_SCHLUESSELAUSGABE ON obj_main.isys_obj__id = ROOT_C__CATG__CUSTOM_FIELDS_SCHLUESSELAUSGABE.isys_catg_custom_fields_list__isys_obj__id\n                                AND ROOT_C__CATG__CUSTOM_FIELDS_SCHLUESSELAUSGABE.isys_catg_custom_fields_list__isysgui_catg_custom__id = (SELECT isysgui_catg_custom__id FROM isysgui_catg_custom WHERE isysgui_catg_custom__const = 'C__CATG__CUSTOM_FIELDS_SCHLUESSELAUSGABE')\n                                AND ROOT_C__CATG__CUSTOM_FIELDS_SCHLUESSELAUSGABE.isys_catg_custom_fields_list__field_type = 'commentary'  LEFT JOIN isys_catg_custom_fields_list AS j2 ON obj_main.isys_obj__id = j2.isys_catg_custom_fields_list__isys_obj__id AND j2.isys_catg_custom_fields_list__field_key = 'c_1647943721735' \n                                AND j2.isys_catg_custom_fields_list__data__id = ROOT_C__CATG__CUSTOM_FIELDS_SCHLUESSELAUSGABE.isys_catg_custom_fields_list__data__id  \n LEFT JOIN isys_catg_custom_fields_list AS j3 ON obj_main.isys_obj__id = j3.isys_catg_custom_fields_list__isys_obj__id AND j3.isys_catg_custom_fields_list__field_key = 'c_1647948399443'  AND j3.isys_catg_custom_fields_list__data__id = ROOT_C__CATG__CUSTOM_FIELDS_SCHLUESSELAUSGABE.isys_catg_custom_fields_list__data__id  \n LEFT JOIN isys_obj AS j4 ON j3.isys_catg_custom_fields_list__field_content = j4.isys_obj__id  \n LEFT JOIN isys_catg_custom_fields_list AS j5 ON obj_main.isys_obj__id = j5.isys_catg_custom_fields_list__isys_obj__id AND j5.isys_catg_custom_fields_list__field_key = 'c_1648220841059'  AND j5.isys_catg_custom_fields_list__data__id = ROOT_C__CATG__CUSTOM_FIELDS_SCHLUESSELAUSGABE.isys_catg_custom_fields_list__data__id  \n LEFT JOIN isys_obj AS j6 ON j5.isys_catg_custom_fields_list__field_content = j6.isys_obj__id  \nLEFT JOIN isys_cats_person_list AS j8 ON j8.isys_cats_person_list__isys_obj__id = j4.isys_obj__id  \nLEFT JOIN isys_catg_location_list AS j11 ON j6.isys_obj__id = j11.isys_catg_location_list__isys_obj__id \nLEFT JOIN isys_obj_type AS j13 ON j13.isys_obj_type__id = obj_main.isys_obj__isys_obj_type__id \nLEFT JOIN isys_catg_custom_fields_list AS ROOT_C__CATG__CUSTOM_FIELDS_ZUTRITTZU ON obj_main.isys_obj__id = ROOT_C__CATG__CUSTOM_FIELDS_ZUTRITTZU.isys_catg_custom_fields_list__isys_obj__id\n                                AND ROOT_C__CATG__CUSTOM_FIELDS_ZUTRITTZU.isys_catg_custom_fields_list__isysgui_catg_custom__id = (SELECT isysgui_catg_custom__id FROM isysgui_catg_custom WHERE isysgui_catg_custom__const = 'C__CATG__CUSTOM_FIELDS_ZUTRITTZU')\n                                AND ROOT_C__CATG__CUSTOM_FIELDS_ZUTRITTZU.isys_catg_custom_fields_list__field_type = 'commentary'  LEFT JOIN isys_catg_custom_fields_list AS j15 ON obj_main.isys_obj__id = j15.isys_catg_custom_fields_list__isys_obj__id AND j15.isys_catg_custom_fields_list__field_key = 'c_1657613085964' \n                                AND j15.isys_catg_custom_fields_list__data__id = ROOT_C__CATG__CUSTOM_FIELDS_ZUTRITTZU.isys_catg_custom_fields_list__data__id  \n LEFT JOIN isys_obj AS j16 ON j15.isys_catg_custom_fields_list__field_content = j16.isys_obj__id  \n\nWHERE TRUE \n AND  ( (j13.isys_obj_type__id != '60' ) AND (j13.isys_obj_type__id != '63' ) ) AND ( (j16.isys_obj__id PLACEHOLDER.2 'object-id' ) )\n ORDER BY obj_main.isys_obj__title DESC","queryRow":null,"datetime":"2022-03-25 15:38:33","type":"0","userSpecific":"0","querybuilderData":"{\"main_object\":[{\"g\":{\"C__CATG__GLOBAL\":[\"title\"]}},{\"g_custom\":{\"C__CATG__CUSTOM_FIELDS_SCHLUESSELAUSGABE\":[\"f_text_c_1647943721735\"]}},{\"g_custom\":{\"C__CATG__CUSTOM_FIELDS_SCHLUESSELAUSGABE\":[\"f_popup_c_1647948399443\"]}},{\"g_custom\":{\"C__CATG__CUSTOM_FIELDS_SCHLUESSELAUSGABE\":[\"f_popup_c_1648220841059\"]}}],\"lvls\":{\"1\":{\"C__CATG__CUSTOM_FIELDS_SCHLUESSELAUSGABE-f_popup_c_1647948399443\":[{\"g\":{\"C__CATG__GLOBAL\":[\"title\"]}},{\"s\":{\"C__CATS__PERSON_MASTER\":[\"phone_company\"]}},{\"s\":{\"C__CATS__PERSON_MASTER\":[\"phone_home\"]}}],\"C__CATG__CUSTOM_FIELDS_SCHLUESSELAUSGABE-f_popup_c_1648220841059\":[{\"g\":{\"C__CATG__GLOBAL\":[\"title\"]}},{\"g\":{\"C__CATG__LOCATION\":[\"_location_path\"]}}]}},\"conditions\":[[{\"category\":\"C__CATG__CUSTOM_FIELDS_ZUTRITTZU\",\"property\":\"C__CATG__CUSTOM_FIELDS_ZUTRITTZU-f_popup_c_1657613085964\",\"comparison\":\"PLACEHOLDER\",\"value\":\"object-id\",\"user_input\":\"\"}]],\"default_sorting\":null,\"sorting_direction\":\"DESC\",\"statusFilter\":\"0\"}","emptyValues":"1","displayRelations":"0","categoryReport":"1","constant":"C__VAR_ZUTRITT_ZU_INFRASTRUKTUR","compressedMultivalueResults":"0","showHtml":"0","categoryId":"16","categoryTitle":"Schl\u00fcsselverwaltung","categoryConstant":"C__REPORT_CATEGORY__SCHLSSELVERWALTUNG"}]