<?xml version="1.0" encoding="UTF-8"?>
<!DOCTYPE isys [
        <!ELEMENT isys (info|queries)*>
        <!ELEMENT info (title|version|requirement|directory|revision|release)*>
        <!ELEMENT title (#PCDATA)>
        <!ELEMENT version (#PCDATA)>
        <!ELEMENT requirement (revision|version)*>
        <!ELEMENT revision (#PCDATA)>
        <!ELEMENT directory (#PCDATA)>
        <!ELEMENT release (#PCDATA)>
        <!ELEMENT queries (query)*>
        <!ELEMENT query (id|title|check|errmsg|sql)*>
        <!ELEMENT id (#PCDATA)>
        <!ELEMENT check (#PCDATA)>
        <!ATTLIST check ident CDATA #REQUIRED>
        <!ELEMENT errmsg (#PCDATA)>
        <!ELEMENT sql (exec)*>
        <!ELEMENT exec (#PCDATA)>
        <!ATTLIST exec ident CDATA #REQUIRED>
        ]>
<isys>
    <info>
        <title>Add-on packager</title>
        <version>1.0</version>
        <release>2019-12-01</release>
    </info>
    <queries>

        <query>
            <title>Creating table "isys_packager"</title>
            <check ident="C_CREATE_TABLE">isys_packager</check>
            <sql>
                <exec ident="false">
                    CREATE TABLE `isys_packager` (
                    `isys_packager__id` int(10) unsigned NOT NULL AUTO_INCREMENT,
                    `isys_packager__title` varchar(255) COLLATE utf8_unicode_ci NOT NULL,
                    `isys_packager__identifier` varchar(32) COLLATE utf8_unicode_ci NOT NULL,
                    `isys_packager__manufacturer` varchar(255) COLLATE utf8_unicode_ci DEFAULT NULL,
                    `isys_packager__website` varchar(255) COLLATE utf8_unicode_ci DEFAULT NULL,
                    `isys_packager__created` datetime DEFAULT NULL,
                    `isys_packager__updated` datetime DEFAULT NULL,
                    `isys_packager__description` text COLLATE utf8_unicode_ci NOT NULL,
                    `isys_packager__requires_license` tinyint(1) unsigned DEFAULT '0',
                    `isys_packager__idoit_requirement` varchar(8) COLLATE utf8_unicode_ci DEFAULT NULL,
                    `isys_packager__include_definition` tinyint(1) unsigned DEFAULT '0',
                    `isys_packager__object_type_groups` text COLLATE utf8_unicode_ci,
                    `isys_packager__object_types` text COLLATE utf8_unicode_ci,
                    `isys_packager__custom_categories` text COLLATE utf8_unicode_ci,
                    `isys_packager__reports` text COLLATE utf8_unicode_ci,
                    `isys_packager__dialog_plus` text COLLATE utf8_unicode_ci,
                    `isys_packager__relation_types` text COLLATE utf8_unicode_ci,
                    `isys_packager__csv_import_profiles` text COLLATE utf8_unicode_ci,
                    `isys_packager__status` tinyint(1) NOT NULL DEFAULT '2',
                    PRIMARY KEY (`isys_packager__id`),
                    UNIQUE KEY `isys_packager__identifier` (`isys_packager__identifier`)
                    ) ENGINE=InnoDB DEFAULT CHARSET=utf8 COLLATE=utf8_unicode_ci;
                </exec>
            </sql>
        </query>

        <query>
            <title>Creating table "isys_packager_file"</title>
            <check ident="C_CREATE_TABLE">isys_packager_file</check>
            <sql>
                <exec ident="false">
                    CREATE TABLE `isys_packager_file` (
                    `isys_packager_file__id` int(10) unsigned NOT NULL AUTO_INCREMENT,
                    `isys_packager_file__isys_packager__id` int(10) unsigned NOT NULL,
                    `isys_packager_file__title` varchar(255) COLLATE utf8_unicode_ci NOT NULL,
                    `isys_packager_file__type` varchar(16) COLLATE utf8_unicode_ci NOT NULL,
                    `isys_packager_file__content` MEDIUMBLOB DEFAULT NULL,
                    `isys_packager_file__created` datetime DEFAULT NULL,
                    `isys_packager_file__updated` datetime DEFAULT NULL,
                    `isys_packager_file__description` text COLLATE utf8_unicode_ci NOT NULL,
                    `isys_packager_file__status` tinyint(1) NOT NULL DEFAULT '2',
                    PRIMARY KEY (`isys_packager_file__id`),
                    UNIQUE KEY `isys_file` (`isys_packager_file__isys_packager__id`, `isys_packager_file__title`),
                    KEY `isys_packager_file__isys_packager__id` (`isys_packager_file__isys_packager__id`),
                    CONSTRAINT `isys_packager_file_ibfk_1` FOREIGN KEY (`isys_packager_file__isys_packager__id`) REFERENCES `isys_packager` (`isys_packager__id`) ON DELETE CASCADE ON UPDATE CASCADE
                    ) ENGINE=InnoDB DEFAULT CHARSET=utf8 COLLATE=utf8_unicode_ci;
                </exec>
            </sql>
        </query>

        <query>
            <title>Creating table "isys_packager_repository"</title>
            <check ident="C_CREATE_TABLE">isys_packager_repository</check>
            <sql>
                <exec ident="false">
                    CREATE TABLE `isys_packager_repository` (
                    `isys_packager_repository__id` int(10) unsigned NOT NULL AUTO_INCREMENT,
                    `isys_packager_repository__isys_packager__id` int(10) unsigned NOT NULL,
                    `isys_packager_repository__title` varchar(255) COLLATE utf8_unicode_ci NOT NULL,
                    `isys_packager_repository__version` varchar(16) COLLATE utf8_unicode_ci NOT NULL,
                    `isys_packager_repository__manufacturer` varchar(255) COLLATE utf8_unicode_ci DEFAULT NULL,
                    `isys_packager_repository__website` varchar(255) COLLATE utf8_unicode_ci DEFAULT NULL,
                    `isys_packager_repository__created` datetime DEFAULT NULL,
                    `isys_packager_repository__description` text COLLATE utf8_unicode_ci NOT NULL,
                    `isys_packager_repository__changelog` text COLLATE utf8_unicode_ci NOT NULL,
                    `isys_packager_repository__requires_license` tinyint(1) unsigned DEFAULT '0',
                    `isys_packager_repository__idoit_requirement` varchar(8) COLLATE utf8_unicode_ci DEFAULT NULL,
                    `isys_packager_repository__include_definition` tinyint(1) unsigned DEFAULT '0',
                    `isys_packager_repository__object_type_groups` mediumtext COLLATE utf8_unicode_ci,
                    `isys_packager_repository__object_types` mediumtext COLLATE utf8_unicode_ci,
                    `isys_packager_repository__custom_categories` mediumtext COLLATE utf8_unicode_ci,
                    `isys_packager_repository__reports` mediumtext COLLATE utf8_unicode_ci,
                    `isys_packager_repository__dialog_plus` mediumtext COLLATE utf8_unicode_ci,
                    `isys_packager_repository__relation_types` mediumtext COLLATE utf8_unicode_ci,
                    `isys_packager_repository__csv_import_profiles` mediumtext COLLATE utf8_unicode_ci,
                    `isys_packager_repository__status` tinyint(1) unsigned NOT NULL DEFAULT '2',
                    PRIMARY KEY (`isys_packager_repository__id`),
                    KEY `isys_packager_repository__isys_packager__id` (`isys_packager_repository__isys_packager__id`),
                    CONSTRAINT `isys_packager_repository_ibfk_1` FOREIGN KEY (`isys_packager_repository__isys_packager__id`) REFERENCES `isys_packager` (`isys_packager__id`) ON DELETE CASCADE ON UPDATE CASCADE
                    ) ENGINE=InnoDB DEFAULT CHARSET=utf8 COLLATE=utf8_unicode_ci;
                </exec>
            </sql>
        </query>

        <query>
            <title>Creating table "isys_packager_file_repository"</title>
            <check ident="C_CREATE_TABLE">isys_packager_file_repository</check>
            <sql>
                <exec ident="false">
                    CREATE TABLE `isys_packager_file_repository` (
                    `isys_packager_file_repository__id` int(10) unsigned NOT NULL AUTO_INCREMENT,
                    `isys_packager_file_repository__isys_packager_repository__id` int(10) unsigned NOT NULL,
                    `isys_packager_file_repository__title` varchar(255) COLLATE utf8_unicode_ci NOT NULL,
                    `isys_packager_file_repository__type` varchar(16) COLLATE utf8_unicode_ci NOT NULL,
                    `isys_packager_file_repository__content` MEDIUMBLOB DEFAULT NULL,
                    `isys_packager_file_repository__created` datetime DEFAULT NULL,
                    `isys_packager_file_repository__description` text COLLATE utf8_unicode_ci NOT NULL,
                    `isys_packager_file_repository__status` tinyint(1) NOT NULL DEFAULT '2',
                    PRIMARY KEY (`isys_packager_file_repository__id`),
                    KEY `isys_packager_file_repository__isys_packager_repository__id` (`isys_packager_file_repository__isys_packager_repository__id`),
                    CONSTRAINT `isys_packager_file_repository_ibfk_1` FOREIGN KEY (`isys_packager_file_repository__isys_packager_repository__id`) REFERENCES `isys_packager_repository` (`isys_packager_repository__id`) ON DELETE CASCADE ON UPDATE CASCADE
                    ) ENGINE=InnoDB DEFAULT CHARSET=utf8 COLLATE=utf8_unicode_ci;
                </exec>
            </sql>
        </query>

        <query>
            <title>Create default rights</title>
            <check ident="C_VALUE_EXISTS">
                SELECT isys_auth__id
                FROM isys_auth
                WHERE isys_auth__isys_module__id = (SELECT isys_module__id FROM isys_module WHERE isys_module__const = "C__MODULE__PACKAGER" LIMIT 1);
            </check>
            <sql>
                <exec ident="false">
                    SET @MODULE = (SELECT isys_module__id FROM isys_module WHERE isys_module__const = "C__MODULE__PACKAGER" LIMIT 1);
                    SET @ADMIN = (SELECT isys_obj__id FROM isys_obj WHERE isys_obj__const = "C__OBJ__PERSON_GROUP_ADMIN" LIMIT 1);

                    INSERT INTO isys_auth SET
                    isys_auth__isys_obj__id = @ADMIN,
                    isys_auth__type = 9,
                    isys_auth__isys_module__id = @MODULE,
                    isys_auth__path = 'PACKAGER',
                    isys_auth__status = 2;
                </exec>
            </sql>
        </query>

        <query>
            <title>Set correct unit reference</title>
            <check ident="C_VALUE_EXISTS">
                SELECT isys_module__id
                FROM isys_module
                WHERE isys_module__const = 'C__MODULE__PACKAGER'
                LIMIT 1;
            </check>
            <sql>
                <exec ident="true">
                    UPDATE isys_module
                    SET isys_module__icon = 'src/classes/modules/packager/assets/add-on-icon.svg'
                    WHERE isys_module__const = 'C__MODULE__PACKAGER'
                    LIMIT 1;
                </exec>
            </sql>
        </query>

    </queries>
</isys>
