<?xml version="1.0" encoding="UTF-8"?>
<!--suppress ALL -->
<isys>
    <delete>
        <file>src/classes/modules/packager/assets/icons/application.png</file>
        <file>src/classes/modules/packager/assets/icons/package_green.png</file>
        <file>src/classes/modules/packager/assets/icons/application_view_list.png</file>
        <file>src/classes/modules/packager/assets/icons/application_cascade.png</file>
        <dir>src/classes/modules/packager/assets/icons</dir>

        <!-- Remove old autoloader -->
        <file>src/classes/modules/packager/isys_module_packager_autoload.class.php</file>
    </delete>
</isys>
