<?xml version="1.0"?>
<isys>
  <info>
    <title>Dokumentation Berechtigungen</title>
    <version>0.1</version>
    <release>2022-01-26</release>
  </info>
  <queries>
    <query>
      <title>Create custom category 'Abteilung'.</title>
      <check ident="C_VALUE_EXISTS">SELECT isysgui_catg_custom__id FROM isysgui_catg_custom WHERE isysgui_catg_custom__const = 'C__CATG__CUSTOM_FIELDS_ABTEILUNG' LIMIT 1;</check>
      <sql>
        <exec ident="true">UPDATE isysgui_catg_custom SET 
            isysgui_catg_custom__type = 2, 
            isysgui_catg_custom__title = 'Abteilung', 
            isysgui_catg_custom__config = 'a:1:{s:15:\"c_1610102881450\";a:7:{s:4:\"type\";s:7:\"f_popup\";s:5:\"popup\";s:11:\"dialog_plus\";s:5:\"title\";s:9:\"Abteilung\";s:10:\"identifier\";s:9:\"Abteilung\";s:10:\"visibility\";s:7:\"visible\";s:12:\"show_in_list\";i:1;s:11:\"show_inline\";i:0;}}', 
            isysgui_catg_custom__parent = 0, 
            isysgui_catg_custom__list_multi_value = 0, 
            isysgui_catg_custom__status = 2
            WHERE isysgui_catg_custom__const = 'C__CATG__CUSTOM_FIELDS_ABTEILUNG'
            LIMIT 1;</exec>
        <exec ident="false">INSERT INTO isysgui_catg_custom SET 
            isysgui_catg_custom__type = 2, 
            isysgui_catg_custom__title = 'Abteilung', 
            isysgui_catg_custom__config = 'a:1:{s:15:\"c_1610102881450\";a:7:{s:4:\"type\";s:7:\"f_popup\";s:5:\"popup\";s:11:\"dialog_plus\";s:5:\"title\";s:9:\"Abteilung\";s:10:\"identifier\";s:9:\"Abteilung\";s:10:\"visibility\";s:7:\"visible\";s:12:\"show_in_list\";i:1;s:11:\"show_inline\";i:0;}}', 
            isysgui_catg_custom__parent = 0, 
            isysgui_catg_custom__list_multi_value = 0, 
            isysgui_catg_custom__const = 'C__CATG__CUSTOM_FIELDS_ABTEILUNG', 
            isysgui_catg_custom__status = 2;</exec>
      </sql>
    </query>
    <query>
      <title>Create custom category 'Anwendungs-Info'.</title>
      <check ident="C_VALUE_EXISTS">SELECT isysgui_catg_custom__id FROM isysgui_catg_custom WHERE isysgui_catg_custom__const = 'C__CATG__CUSTOM_FIELDS_SOFTWARE_INFO' LIMIT 1;</check>
      <sql>
        <exec ident="true">UPDATE isysgui_catg_custom SET 
            isysgui_catg_custom__type = 2, 
            isysgui_catg_custom__title = 'Anwendungs-Info', 
            isysgui_catg_custom__config = 'a:8:{s:15:\"c_1610972287385\";a:6:{s:4:\"type\";s:7:\"f_popup\";s:5:\"popup\";s:14:\"browser_object\";s:5:\"title\";s:25:\"verantwortlicher IT-Admin\";s:10:\"visibility\";s:7:\"visible\";s:12:\"show_in_list\";i:1;s:11:\"show_inline\";i:0;}s:15:\"c_1610972302945\";a:5:{s:4:\"type\";s:2:\"hr\";s:5:\"title\";s:5:\"Linie\";s:10:\"visibility\";s:7:\"visible\";s:12:\"show_in_list\";i:1;s:11:\"show_inline\";i:0;}s:15:\"c_1610972311260\";a:7:{s:4:\"type\";s:7:\"f_popup\";s:5:\"popup\";s:11:\"dialog_plus\";s:5:\"title\";s:28:\"verantwortliche Orga-Einheit\";s:10:\"identifier\";s:9:\"Abteilung\";s:10:\"visibility\";s:7:\"visible\";s:12:\"show_in_list\";i:1;s:11:\"show_inline\";i:0;}s:15:\"c_1610972328670\";a:7:{s:4:\"type\";s:7:\"f_popup\";s:5:\"popup\";s:11:\"dialog_plus\";s:5:\"title\";s:21:\"nutzende Orga-Einheit\";s:10:\"identifier\";s:9:\"Abteilung\";s:10:\"visibility\";s:7:\"visible\";s:12:\"show_in_list\";i:1;s:11:\"show_inline\";i:0;}s:15:\"c_1610972343972\";a:5:{s:4:\"type\";s:10:\"f_textarea\";s:5:\"title\";s:21:\"Aufgabe der Anwendung\";s:10:\"visibility\";s:7:\"visible\";s:12:\"show_in_list\";i:1;s:11:\"show_inline\";i:0;}s:15:\"c_1610972370374\";a:5:{s:4:\"type\";s:2:\"hr\";s:5:\"title\";s:5:\"Linie\";s:10:\"visibility\";s:7:\"visible\";s:12:\"show_in_list\";i:1;s:11:\"show_inline\";i:0;}s:15:\"c_1610972396020\";a:7:{s:4:\"type\";s:7:\"f_popup\";s:5:\"popup\";s:11:\"dialog_plus\";s:5:\"title\";s:39:\"Vergabe der Berechtigungen in Anwendung\";s:10:\"identifier\";s:9:\"Abteilung\";s:10:\"visibility\";s:7:\"visible\";s:12:\"show_in_list\";i:1;s:11:\"show_inline\";i:0;}s:15:\"c_1610972420147\";a:5:{s:4:\"type\";s:10:\"f_textarea\";s:5:\"title\";s:45:\"Erl&#xE4;uterungen zur Vergabe der Berechtigungen\";s:10:\"visibility\";s:7:\"visible\";s:12:\"show_in_list\";i:1;s:11:\"show_inline\";i:0;}}', 
            isysgui_catg_custom__parent = 0, 
            isysgui_catg_custom__list_multi_value = 0, 
            isysgui_catg_custom__status = 2
            WHERE isysgui_catg_custom__const = 'C__CATG__CUSTOM_FIELDS_SOFTWARE_INFO'
            LIMIT 1;</exec>
        <exec ident="false">INSERT INTO isysgui_catg_custom SET 
            isysgui_catg_custom__type = 2, 
            isysgui_catg_custom__title = 'Anwendungs-Info', 
            isysgui_catg_custom__config = 'a:8:{s:15:\"c_1610972287385\";a:6:{s:4:\"type\";s:7:\"f_popup\";s:5:\"popup\";s:14:\"browser_object\";s:5:\"title\";s:25:\"verantwortlicher IT-Admin\";s:10:\"visibility\";s:7:\"visible\";s:12:\"show_in_list\";i:1;s:11:\"show_inline\";i:0;}s:15:\"c_1610972302945\";a:5:{s:4:\"type\";s:2:\"hr\";s:5:\"title\";s:5:\"Linie\";s:10:\"visibility\";s:7:\"visible\";s:12:\"show_in_list\";i:1;s:11:\"show_inline\";i:0;}s:15:\"c_1610972311260\";a:7:{s:4:\"type\";s:7:\"f_popup\";s:5:\"popup\";s:11:\"dialog_plus\";s:5:\"title\";s:28:\"verantwortliche Orga-Einheit\";s:10:\"identifier\";s:9:\"Abteilung\";s:10:\"visibility\";s:7:\"visible\";s:12:\"show_in_list\";i:1;s:11:\"show_inline\";i:0;}s:15:\"c_1610972328670\";a:7:{s:4:\"type\";s:7:\"f_popup\";s:5:\"popup\";s:11:\"dialog_plus\";s:5:\"title\";s:21:\"nutzende Orga-Einheit\";s:10:\"identifier\";s:9:\"Abteilung\";s:10:\"visibility\";s:7:\"visible\";s:12:\"show_in_list\";i:1;s:11:\"show_inline\";i:0;}s:15:\"c_1610972343972\";a:5:{s:4:\"type\";s:10:\"f_textarea\";s:5:\"title\";s:21:\"Aufgabe der Anwendung\";s:10:\"visibility\";s:7:\"visible\";s:12:\"show_in_list\";i:1;s:11:\"show_inline\";i:0;}s:15:\"c_1610972370374\";a:5:{s:4:\"type\";s:2:\"hr\";s:5:\"title\";s:5:\"Linie\";s:10:\"visibility\";s:7:\"visible\";s:12:\"show_in_list\";i:1;s:11:\"show_inline\";i:0;}s:15:\"c_1610972396020\";a:7:{s:4:\"type\";s:7:\"f_popup\";s:5:\"popup\";s:11:\"dialog_plus\";s:5:\"title\";s:39:\"Vergabe der Berechtigungen in Anwendung\";s:10:\"identifier\";s:9:\"Abteilung\";s:10:\"visibility\";s:7:\"visible\";s:12:\"show_in_list\";i:1;s:11:\"show_inline\";i:0;}s:15:\"c_1610972420147\";a:5:{s:4:\"type\";s:10:\"f_textarea\";s:5:\"title\";s:45:\"Erl&#xE4;uterungen zur Vergabe der Berechtigungen\";s:10:\"visibility\";s:7:\"visible\";s:12:\"show_in_list\";i:1;s:11:\"show_inline\";i:0;}}', 
            isysgui_catg_custom__parent = 0, 
            isysgui_catg_custom__list_multi_value = 0, 
            isysgui_catg_custom__const = 'C__CATG__CUSTOM_FIELDS_SOFTWARE_INFO', 
            isysgui_catg_custom__status = 2;</exec>
      </sql>
    </query>
    <query>
      <title>Create custom category 'Dokumentation Berechtigungen'.</title>
      <check ident="C_VALUE_EXISTS">SELECT isysgui_catg_custom__id FROM isysgui_catg_custom WHERE isysgui_catg_custom__const = 'C__CATG__CUSTOM_FIELDS_DOKUMENTATION_BERECHTIGUNGEN' LIMIT 1;</check>
      <sql>
        <exec ident="true">UPDATE isysgui_catg_custom SET 
            isysgui_catg_custom__type = 2, 
            isysgui_catg_custom__title = 'Dokumentation Berechtigungen', 
            isysgui_catg_custom__config = 'a:4:{s:15:\"c_1640719010695\";a:5:{s:4:\"type\";s:4:\"html\";s:5:\"title\";s:590:\"&lt;table border=\"2\"&gt;    &lt;tr&gt;        &lt;td&gt;Verwendung der Gruppe&lt;/td&gt;        &lt;td&gt;Alle Verwendungen, f&#xFC;r die die Gruppe genutzt wird&lt;/td&gt;    &lt;/tr&gt;    &lt;tr&gt;        &lt;td&gt;Beschreibung der Berechtigungen&lt;/td&gt;        &lt;td&gt;Dokumentation was erreicht werden soll und welche Berechtigungen dazu an welchen Stellen vergeben werden&lt;/td&gt;    &lt;/tr&gt;    &lt;tr&gt;        &lt;td&gt;Betroffene Anwendung&lt;/td&gt;        &lt;td&gt;Hier wird, sofern vorhanden, die betroffene Anwendung oder das Verzeichnis im FileSystem ausgew&#xE4;hlt um den Bezug zwischen Anwendung/Software und Gruppe            herzustellen        &lt;/td&gt;    &lt;/tr&gt;&lt;/table&gt;\";s:10:\"visibility\";s:7:\"visible\";s:12:\"show_in_list\";i:1;s:11:\"show_inline\";i:0;}s:15:\"c_1639602274411\";a:8:{s:4:\"type\";s:7:\"f_popup\";s:5:\"popup\";s:11:\"dialog_plus\";s:5:\"title\";s:10:\"Verwendung\";s:10:\"identifier\";s:10:\"Verwendung\";s:14:\"multiselection\";i:1;s:10:\"visibility\";s:7:\"visible\";s:12:\"show_in_list\";i:1;s:11:\"show_inline\";i:0;}s:15:\"c_1639602343896\";a:8:{s:4:\"type\";s:7:\"f_popup\";s:5:\"popup\";s:14:\"browser_object\";s:5:\"title\";s:20:\"betroffene Anwendung\";s:10:\"identifier\";s:2:\"18\";s:14:\"multiselection\";i:1;s:10:\"visibility\";s:7:\"visible\";s:12:\"show_in_list\";i:1;s:11:\"show_inline\";i:0;}s:15:\"c_1640719137414\";a:5:{s:4:\"type\";s:9:\"f_wysiwyg\";s:5:\"title\";s:24:\"Beschreibung Sollzustand\";s:10:\"visibility\";s:7:\"visible\";s:12:\"show_in_list\";i:1;s:11:\"show_inline\";i:0;}}', 
            isysgui_catg_custom__parent = 0, 
            isysgui_catg_custom__list_multi_value = 0, 
            isysgui_catg_custom__status = 2
            WHERE isysgui_catg_custom__const = 'C__CATG__CUSTOM_FIELDS_DOKUMENTATION_BERECHTIGUNGEN'
            LIMIT 1;</exec>
        <exec ident="false">INSERT INTO isysgui_catg_custom SET 
            isysgui_catg_custom__type = 2, 
            isysgui_catg_custom__title = 'Dokumentation Berechtigungen', 
            isysgui_catg_custom__config = 'a:4:{s:15:\"c_1640719010695\";a:5:{s:4:\"type\";s:4:\"html\";s:5:\"title\";s:590:\"&lt;table border=\"2\"&gt;    &lt;tr&gt;        &lt;td&gt;Verwendung der Gruppe&lt;/td&gt;        &lt;td&gt;Alle Verwendungen, f&#xFC;r die die Gruppe genutzt wird&lt;/td&gt;    &lt;/tr&gt;    &lt;tr&gt;        &lt;td&gt;Beschreibung der Berechtigungen&lt;/td&gt;        &lt;td&gt;Dokumentation was erreicht werden soll und welche Berechtigungen dazu an welchen Stellen vergeben werden&lt;/td&gt;    &lt;/tr&gt;    &lt;tr&gt;        &lt;td&gt;Betroffene Anwendung&lt;/td&gt;        &lt;td&gt;Hier wird, sofern vorhanden, die betroffene Anwendung oder das Verzeichnis im FileSystem ausgew&#xE4;hlt um den Bezug zwischen Anwendung/Software und Gruppe            herzustellen        &lt;/td&gt;    &lt;/tr&gt;&lt;/table&gt;\";s:10:\"visibility\";s:7:\"visible\";s:12:\"show_in_list\";i:1;s:11:\"show_inline\";i:0;}s:15:\"c_1639602274411\";a:8:{s:4:\"type\";s:7:\"f_popup\";s:5:\"popup\";s:11:\"dialog_plus\";s:5:\"title\";s:10:\"Verwendung\";s:10:\"identifier\";s:10:\"Verwendung\";s:14:\"multiselection\";i:1;s:10:\"visibility\";s:7:\"visible\";s:12:\"show_in_list\";i:1;s:11:\"show_inline\";i:0;}s:15:\"c_1639602343896\";a:8:{s:4:\"type\";s:7:\"f_popup\";s:5:\"popup\";s:14:\"browser_object\";s:5:\"title\";s:20:\"betroffene Anwendung\";s:10:\"identifier\";s:2:\"18\";s:14:\"multiselection\";i:1;s:10:\"visibility\";s:7:\"visible\";s:12:\"show_in_list\";i:1;s:11:\"show_inline\";i:0;}s:15:\"c_1640719137414\";a:5:{s:4:\"type\";s:9:\"f_wysiwyg\";s:5:\"title\";s:24:\"Beschreibung Sollzustand\";s:10:\"visibility\";s:7:\"visible\";s:12:\"show_in_list\";i:1;s:11:\"show_inline\";i:0;}}', 
            isysgui_catg_custom__parent = 0, 
            isysgui_catg_custom__list_multi_value = 0, 
            isysgui_catg_custom__const = 'C__CATG__CUSTOM_FIELDS_DOKUMENTATION_BERECHTIGUNGEN', 
            isysgui_catg_custom__status = 2;</exec>
      </sql>
    </query>
    <query>
      <title>Create custom category 'zur Vergabe von Berechtigungen verwendete Gruppen'.</title>
      <check ident="C_VALUE_EXISTS">SELECT isysgui_catg_custom__id FROM isysgui_catg_custom WHERE isysgui_catg_custom__const = 'C__CATG__CUSTOM_FIELDS_ZUR_VERGABE_VON_BERECHTIGUNGEN_VERWENDETE_GRUPPEN' LIMIT 1;</check>
      <sql>
        <exec ident="true">UPDATE isysgui_catg_custom SET 
            isysgui_catg_custom__type = 2, 
            isysgui_catg_custom__title = 'zur Vergabe von Berechtigungen verwendete Gruppen', 
            isysgui_catg_custom__config = 'a:1:{s:15:\"c_1639604261191\";a:7:{s:4:\"type\";s:7:\"f_popup\";s:5:\"popup\";s:14:\"report_browser\";s:5:\"title\";s:18:\"verwendete Gruppen\";s:10:\"identifier\";s:8:\"C__TEST2\";s:10:\"visibility\";s:7:\"visible\";s:12:\"show_in_list\";i:1;s:11:\"show_inline\";i:0;}}', 
            isysgui_catg_custom__parent = 0, 
            isysgui_catg_custom__list_multi_value = 0, 
            isysgui_catg_custom__status = 2
            WHERE isysgui_catg_custom__const = 'C__CATG__CUSTOM_FIELDS_ZUR_VERGABE_VON_BERECHTIGUNGEN_VERWENDETE_GRUPPEN'
            LIMIT 1;</exec>
        <exec ident="false">INSERT INTO isysgui_catg_custom SET 
            isysgui_catg_custom__type = 2, 
            isysgui_catg_custom__title = 'zur Vergabe von Berechtigungen verwendete Gruppen', 
            isysgui_catg_custom__config = 'a:1:{s:15:\"c_1639604261191\";a:7:{s:4:\"type\";s:7:\"f_popup\";s:5:\"popup\";s:14:\"report_browser\";s:5:\"title\";s:18:\"verwendete Gruppen\";s:10:\"identifier\";s:8:\"C__TEST2\";s:10:\"visibility\";s:7:\"visible\";s:12:\"show_in_list\";i:1;s:11:\"show_inline\";i:0;}}', 
            isysgui_catg_custom__parent = 0, 
            isysgui_catg_custom__list_multi_value = 0, 
            isysgui_catg_custom__const = 'C__CATG__CUSTOM_FIELDS_ZUR_VERGABE_VON_BERECHTIGUNGEN_VERWENDETE_GRUPPEN', 
            isysgui_catg_custom__status = 2;</exec>
      </sql>
    </query>
    <query>
      <title>Create report 'verwendete Gruppen'.</title>
      <check ident="C_VALUE_EXISTS">SELECT isys_report__id FROM isys_report WHERE isys_report__const = 'C__TEST2' LIMIT 1;</check>
      <sql>
        <exec ident="true">UPDATE isys_report SET 
            isys_report__title = 'verwendete Gruppen', 
            isys_report__description = '', 
            isys_report__query = 'SELECT\r\nobj_main.isys_obj__id AS \'__id__\', \r\nj2.isys_catg_accounting_list__inventory_no AS \'LC__CMDB__CATG__ACCOUNTING_INVENTORY_NO###0_38\', \r\nobj_main.isys_obj__title AS \'LC__UNIVERSAL__TITLE###0_1\', \r\nGROUP_CONCAT(DISTINCT j11.isys_dialog_plus_custom__title SEPARATOR \'&lt;br /&gt;\') AS \'Verwendung###4_15\', \r\nj12.isys_catg_custom_fields_list__field_content AS \'Beschreibung Sollzustand###4_15\',\r\nGROUP_CONCAT(DISTINCT\r\n            CONCAT(j13.isys_cats_person_list__first_name, \' \', j13.isys_cats_person_list__last_name, \' (\', j15.isys_catg_mail_addresses_list__title, \')\')\r\n            SEPARATOR \'&lt;br /&gt;\'\r\n        ) AS \'LC__CONTACT__TREE__MEMBERS###0_9\' \r\n\r\n FROM isys_obj AS obj_main \r\nINNER JOIN isys_cmdb_status AS obj_main_status ON obj_main_status.isys_cmdb_status__id = obj_main.isys_obj__isys_cmdb_status__id \r\nLEFT JOIN isys_catg_accounting_list AS j2 ON j2.isys_catg_accounting_list__isys_obj__id = obj_main.isys_obj__id  \r\nLEFT JOIN isys_person_2_group AS j4 ON obj_main.isys_obj__id = j4.isys_person_2_group__isys_obj__id__group \r\nLEFT JOIN isys_cats_person_list AS j6 ON j4.isys_person_2_group__isys_obj__id__person = j6.isys_cats_person_list__isys_obj__id \r\nLEFT JOIN isys_obj AS j9 ON j9.isys_obj__id = j6.isys_cats_person_list__isys_obj__id \r\nLEFT JOIN isys_catg_custom_fields_list AS ROOT_C__CATG__CUSTOM_FIELDS_DOKUMENTATION_BERECHTIGUNGEN ON obj_main.isys_obj__id = ROOT_C__CATG__CUSTOM_FIELDS_DOKUMENTATION_BERECHTIGUNGEN.isys_catg_custom_fields_list__isys_obj__id\r\n                                AND ROOT_C__CATG__CUSTOM_FIELDS_DOKUMENTATION_BERECHTIGUNGEN.isys_catg_custom_fields_list__isysgui_catg_custom__id = (SELECT isysgui_catg_custom__id FROM isysgui_catg_custom WHERE isysgui_catg_custom__const = \'C__CATG__CUSTOM_FIELDS_DOKUMENTATION_BERECHTIGUNGEN\')\r\n                                AND ROOT_C__CATG__CUSTOM_FIELDS_DOKUMENTATION_BERECHTIGUNGEN.isys_catg_custom_fields_list__field_type = \'commentary\'  LEFT JOIN isys_catg_custom_fields_list AS j10 ON obj_main.isys_obj__id = j10.isys_catg_custom_fields_list__isys_obj__id AND j10.isys_catg_custom_fields_list__field_key = \'c_1639602274411\' \r\n                                AND j10.isys_catg_custom_fields_list__data__id = ROOT_C__CATG__CUSTOM_FIELDS_DOKUMENTATION_BERECHTIGUNGEN.isys_catg_custom_fields_list__data__id  \r\n LEFT JOIN isys_dialog_plus_custom AS j11 ON j10.isys_catg_custom_fields_list__field_content = j11.isys_dialog_plus_custom__id  \r\n LEFT JOIN isys_catg_custom_fields_list AS j12 ON obj_main.isys_obj__id = j12.isys_catg_custom_fields_list__isys_obj__id AND j12.isys_catg_custom_fields_list__field_key = \'c_1640719137414\'  AND j12.isys_catg_custom_fields_list__data__id = ROOT_C__CATG__CUSTOM_FIELDS_DOKUMENTATION_BERECHTIGUNGEN.isys_catg_custom_fields_list__data__id  \r\nLEFT JOIN isys_cats_person_list AS j13 ON j13.isys_cats_person_list__isys_obj__id = j6.isys_cats_person_list__isys_obj__id  \r\nLEFT JOIN isys_obj AS j14 ON j14.isys_obj__id = j6.isys_cats_person_list__isys_obj__id \r\nLEFT JOIN isys_catg_mail_addresses_list AS j15 ON j15.isys_catg_mail_addresses_list__isys_obj__id = j6.isys_cats_person_list__isys_obj__id  AND j15.isys_catg_mail_addresses_list__primary = 1  \r\nLEFT JOIN isys_obj AS j16 ON j16.isys_obj__id = j6.isys_cats_person_list__isys_obj__id \r\nLEFT JOIN isys_obj_type AS j17 ON j17.isys_obj_type__id = obj_main.isys_obj__isys_obj_type__id \r\n LEFT JOIN isys_catg_custom_fields_list AS j19 ON obj_main.isys_obj__id = j19.isys_catg_custom_fields_list__isys_obj__id AND j19.isys_catg_custom_fields_list__field_key = \'c_1639602343896\'  AND j19.isys_catg_custom_fields_list__data__id = ROOT_C__CATG__CUSTOM_FIELDS_DOKUMENTATION_BERECHTIGUNGEN.isys_catg_custom_fields_list__data__id  \r\n LEFT JOIN isys_obj AS j20 ON j19.isys_catg_custom_fields_list__field_content = j20.isys_obj__id  \r\n\r\nWHERE TRUE\r\n  AND  ( (j17.isys_obj_type__id != \'60\' ) AND (j17.isys_obj_type__id != \'63\' ) ) AND ( (j20.isys_obj__id PLACEHOLDER.2 \'object-id\' ) )\r\n--  AND  ( (j17.isys_obj_type__id != \'60\' ) AND (j17.isys_obj_type__id != \'63\' ) ) AND ( (j20.isys_obj__id = 82 ) )\r\n  GROUP BY obj_main.isys_obj__id\r\n ORDER BY j2.isys_catg_accounting_list__inventory_no DESC', 
            isys_report__query_row = '', 
            isys_report__last_edited = NOW(), 
            isys_report__user_specific = 0, 
            isys_report__querybuilder_data = '', 
            isys_report__isys_report_category__id = NULL, 
            isys_report__empty_values = 1, 
            isys_report__display_relations = 0, 
            isys_report__category_report = 1, 
            isys_report__compressed_multivalue_results = 0,
            isys_report__show_html = 1
            WHERE isys_report__const = 'C__TEST2'
            LIMIT 1;</exec>
        <exec ident="false">INSERT INTO isys_report SET 
            isys_report__title = 'verwendete Gruppen', 
            isys_report__description = '', 
            isys_report__query = 'SELECT\r\nobj_main.isys_obj__id AS \'__id__\', \r\nj2.isys_catg_accounting_list__inventory_no AS \'LC__CMDB__CATG__ACCOUNTING_INVENTORY_NO###0_38\', \r\nobj_main.isys_obj__title AS \'LC__UNIVERSAL__TITLE###0_1\', \r\nGROUP_CONCAT(DISTINCT j11.isys_dialog_plus_custom__title SEPARATOR \'&lt;br /&gt;\') AS \'Verwendung###4_15\', \r\nj12.isys_catg_custom_fields_list__field_content AS \'Beschreibung Sollzustand###4_15\',\r\nGROUP_CONCAT(DISTINCT\r\n            CONCAT(j13.isys_cats_person_list__first_name, \' \', j13.isys_cats_person_list__last_name, \' (\', j15.isys_catg_mail_addresses_list__title, \')\')\r\n            SEPARATOR \'&lt;br /&gt;\'\r\n        ) AS \'LC__CONTACT__TREE__MEMBERS###0_9\' \r\n\r\n FROM isys_obj AS obj_main \r\nINNER JOIN isys_cmdb_status AS obj_main_status ON obj_main_status.isys_cmdb_status__id = obj_main.isys_obj__isys_cmdb_status__id \r\nLEFT JOIN isys_catg_accounting_list AS j2 ON j2.isys_catg_accounting_list__isys_obj__id = obj_main.isys_obj__id  \r\nLEFT JOIN isys_person_2_group AS j4 ON obj_main.isys_obj__id = j4.isys_person_2_group__isys_obj__id__group \r\nLEFT JOIN isys_cats_person_list AS j6 ON j4.isys_person_2_group__isys_obj__id__person = j6.isys_cats_person_list__isys_obj__id \r\nLEFT JOIN isys_obj AS j9 ON j9.isys_obj__id = j6.isys_cats_person_list__isys_obj__id \r\nLEFT JOIN isys_catg_custom_fields_list AS ROOT_C__CATG__CUSTOM_FIELDS_DOKUMENTATION_BERECHTIGUNGEN ON obj_main.isys_obj__id = ROOT_C__CATG__CUSTOM_FIELDS_DOKUMENTATION_BERECHTIGUNGEN.isys_catg_custom_fields_list__isys_obj__id\r\n                                AND ROOT_C__CATG__CUSTOM_FIELDS_DOKUMENTATION_BERECHTIGUNGEN.isys_catg_custom_fields_list__isysgui_catg_custom__id = (SELECT isysgui_catg_custom__id FROM isysgui_catg_custom WHERE isysgui_catg_custom__const = \'C__CATG__CUSTOM_FIELDS_DOKUMENTATION_BERECHTIGUNGEN\')\r\n                                AND ROOT_C__CATG__CUSTOM_FIELDS_DOKUMENTATION_BERECHTIGUNGEN.isys_catg_custom_fields_list__field_type = \'commentary\'  LEFT JOIN isys_catg_custom_fields_list AS j10 ON obj_main.isys_obj__id = j10.isys_catg_custom_fields_list__isys_obj__id AND j10.isys_catg_custom_fields_list__field_key = \'c_1639602274411\' \r\n                                AND j10.isys_catg_custom_fields_list__data__id = ROOT_C__CATG__CUSTOM_FIELDS_DOKUMENTATION_BERECHTIGUNGEN.isys_catg_custom_fields_list__data__id  \r\n LEFT JOIN isys_dialog_plus_custom AS j11 ON j10.isys_catg_custom_fields_list__field_content = j11.isys_dialog_plus_custom__id  \r\n LEFT JOIN isys_catg_custom_fields_list AS j12 ON obj_main.isys_obj__id = j12.isys_catg_custom_fields_list__isys_obj__id AND j12.isys_catg_custom_fields_list__field_key = \'c_1640719137414\'  AND j12.isys_catg_custom_fields_list__data__id = ROOT_C__CATG__CUSTOM_FIELDS_DOKUMENTATION_BERECHTIGUNGEN.isys_catg_custom_fields_list__data__id  \r\nLEFT JOIN isys_cats_person_list AS j13 ON j13.isys_cats_person_list__isys_obj__id = j6.isys_cats_person_list__isys_obj__id  \r\nLEFT JOIN isys_obj AS j14 ON j14.isys_obj__id = j6.isys_cats_person_list__isys_obj__id \r\nLEFT JOIN isys_catg_mail_addresses_list AS j15 ON j15.isys_catg_mail_addresses_list__isys_obj__id = j6.isys_cats_person_list__isys_obj__id  AND j15.isys_catg_mail_addresses_list__primary = 1  \r\nLEFT JOIN isys_obj AS j16 ON j16.isys_obj__id = j6.isys_cats_person_list__isys_obj__id \r\nLEFT JOIN isys_obj_type AS j17 ON j17.isys_obj_type__id = obj_main.isys_obj__isys_obj_type__id \r\n LEFT JOIN isys_catg_custom_fields_list AS j19 ON obj_main.isys_obj__id = j19.isys_catg_custom_fields_list__isys_obj__id AND j19.isys_catg_custom_fields_list__field_key = \'c_1639602343896\'  AND j19.isys_catg_custom_fields_list__data__id = ROOT_C__CATG__CUSTOM_FIELDS_DOKUMENTATION_BERECHTIGUNGEN.isys_catg_custom_fields_list__data__id  \r\n LEFT JOIN isys_obj AS j20 ON j19.isys_catg_custom_fields_list__field_content = j20.isys_obj__id  \r\n\r\nWHERE TRUE\r\n  AND  ( (j17.isys_obj_type__id != \'60\' ) AND (j17.isys_obj_type__id != \'63\' ) ) AND ( (j20.isys_obj__id PLACEHOLDER.2 \'object-id\' ) )\r\n--  AND  ( (j17.isys_obj_type__id != \'60\' ) AND (j17.isys_obj_type__id != \'63\' ) ) AND ( (j20.isys_obj__id = 82 ) )\r\n  GROUP BY obj_main.isys_obj__id\r\n ORDER BY j2.isys_catg_accounting_list__inventory_no DESC', 
            isys_report__query_row = '', 
            isys_report__datetime = NOW(), 
            isys_report__last_edited = NOW(), 
            isys_report__type = 'c', 
            isys_report__user_specific = 0, 
            isys_report__querybuilder_data = '', 
            isys_report__isys_report_category__id = NULL, 
            isys_report__empty_values = 1, 
            isys_report__display_relations = 0, 
            isys_report__category_report = 1, 
            isys_report__const = 'C__TEST2', 
            isys_report__compressed_multivalue_results = 0,
            isys_report__show_html = 1;</exec>
      </sql>
    </query>
  </queries>
</isys>
