<?xml version="1.0" encoding="UTF-8"?>
<!--suppress ALL -->
<isys>
    <queries>
        <query>
            <title>Create table: isys_flow_automation</title>
            <check ident="C_CREATE_TABLE">isys_flow_automation</check>
            <sql>
                <exec ident="false">
                    CREATE TABLE IF NOT EXISTS `isys_flow_automation` (
                    `id` int(10) unsigned NOT NULL AUTO_INCREMENT,
                    `title` varchar(255),
                    `status` varchar(255),
                    `description` text,
                    `automation_trigger` JSON NOT NULL,
                    `automation_condition` JSON,
                    `automation_actions` JSON,
                    `created` DATETIME DEFAULT NOW(),
                    `created_by` INT(10) UNSIGNED DEFAULT NULL,
                    `updated` DATETIME DEFAULT NULL,
                    `updated_by` INT(10) UNSIGNED DEFAULT NULL,
                    PRIMARY KEY (`id`)
                    ) ENGINE=InnoDB;
                </exec>
            </sql>
        </query>
        <query>
            <title>Create table: isys_flow_execution</title>
            <check ident="C_CREATE_TABLE">isys_flow_execution</check>
            <sql>
                <exec ident="false">
                    CREATE TABLE IF NOT EXISTS `isys_flow_execution` (
                    `id` int(10) unsigned NOT NULL AUTO_INCREMENT,
                    `isys_flow_execution__isys_flow_automation__id` int(10) UNSIGNED NULL,
                    `status` varchar(255),
                    `time` DATETIME DEFAULT NOW(),
                    `started` DATETIME,
                    `finished` DATETIME,
                    `execution_invocation` JSON NOT NULL,
                    `execution_execution` JSON,
                    `execution_result` JSON,
                    `automation_title` VARCHAR(255) NULL DEFAULT NULL,
                    PRIMARY KEY (`id`)
                    ) ENGINE=InnoDB;

                    ALTER TABLE `isys_flow_execution`
                    ADD CONSTRAINT `isys_flow_execution__isys_flow_automation__id` FOREIGN KEY (`isys_flow_execution__isys_flow_automation__id`) REFERENCES `isys_flow_automation` (`id`) ON DELETE SET NULL ON UPDATE CASCADE;
                </exec>
            </sql>
        </query>

        <query>
            <title>Define default rights for the default admin group for managing flows</title>
            <check ident="C_VALUE_EXISTS">SELECT isys_auth__id FROM isys_auth WHERE isys_auth__isys_module__id =
                (SELECT isys_module__id FROM isys_module WHERE isys_module__const = "C__MODULE__SYNETICS_FLOWS" LIMIT 1)
                AND isys_auth__isys_obj__id = (SELECT isys_obj__id FROM isys_obj WHERE isys_obj__const = "C__OBJ__PERSON_GROUP_ADMIN" AND isys_obj__status = 2 LIMIT 1)
                AND isys_auth__path = 'MANAGE-FLOWS';</check>
            <sql>
                <exec ident="false">
                    SET @MODULE = (SELECT isys_module__id FROM isys_module WHERE isys_module__const = "C__MODULE__SYNETICS_FLOWS" LIMIT 1);
                    SET @ADMIN = (SELECT isys_obj__id FROM isys_obj WHERE isys_obj__const = "C__OBJ__PERSON_GROUP_ADMIN" AND isys_obj__status = 2 LIMIT 1);

                    INSERT INTO isys_auth
                    (isys_auth__isys_obj__id, isys_auth__type, isys_auth__isys_module__id, isys_auth__path, isys_auth__status) VALUES
                    (@ADMIN, 2087, @MODULE, 'MANAGE-FLOWS', 2);
                </exec>
            </sql>
        </query>
    </queries>
</isys>
