<?xml version="1.0" encoding="UTF-8"?>
<!--suppress ALL -->
<isys>
    <queries>
        <query>
            <id>1</id>
            <title>Create table: isys_document_type</title>
            <check ident="C_CREATE_TABLE">isys_document_type</check>
            <sql>
                <exec ident="false">
                    CREATE TABLE IF NOT EXISTS `isys_document_type` (
                    `isys_document_type__id` int(10) unsigned NOT NULL AUTO_INCREMENT,
                    `isys_document_type__const` varchar(255) COLLATE utf8_unicode_ci NOT NULL,
                    `isys_document_type__title` varchar(255) COLLATE utf8_unicode_ci DEFAULT NULL,
                    `isys_document_type__description` text COLLATE utf8_unicode_ci,
                    `isys_document_type__property` int(10) DEFAULT NULL,
                    `isys_document_type__sort` int(10) unsigned DEFAULT NULL,
                    `isys_document_type__status` int(10) NOT NULL DEFAULT '2',
                    PRIMARY KEY (`isys_document_type__id`)
                    ) ENGINE=InnoDB DEFAULT CHARSET=utf8 COLLATE=utf8_unicode_ci;

                    INSERT INTO `isys_document_type` (`isys_document_type__id`, `isys_document_type__const`, `isys_document_type__title`, `isys_document_type__description`,
                    `isys_document_type__property`, `isys_document_type__sort`, `isys_document_type__status`)
                    VALUES (NULL, 'C__DOCUMENT_TYPE__BHB', 'LC__MODULE__DOCUMENT__DOCUMENT_TYPE__GLOBAL', '', NULL, NULL, 2);
                </exec>
            </sql>
        </query>

        <query>
            <id>2</id>
            <title>Register category: Document</title>
            <check ident="C_VALUE_EXISTS">SELECT isysgui_catg__id FROM isysgui_catg WHERE isysgui_catg__const = 'C__CATG__DOCUMENT';</check>
            <sql>
                <exec ident="false">
                    INSERT INTO `isysgui_catg` (`isysgui_catg__id`, `isysgui_catg__isys_tree_group__id`, `isysgui_catg__title`, `isysgui_catg__description`,
                    `isysgui_catg__const`, `isysgui_catg__source_table`, `isysgui_catg__class_name`, `isysgui_catg__sort`, `isysgui_catg__parent`,
                    `isysgui_catg__list_multi_value`, `isysgui_catg__property`, `isysgui_catg__status`, `isysgui_catg__standard`, `isysgui_catg__overview`)
                    VALUES (NULL, 3, 'LC__CMDB__CATG__DOCUMENT', NULL, 'C__CATG__DOCUMENT', 'isys_catg_document', 'isys_cmdb_dao_category_g_document', 60, NULL, 1, 0, 2, 0,
                    1);

                    SET @CATG_ID = (SELECT LAST_INSERT_ID());
                    SET @SERVER = (SELECT isys_obj_type__id FROM isys_obj_type WHERE isys_obj_type__const = 'C__OBJTYPE__SERVER');
                    SET @V_SERVER = (SELECT isys_obj_type__id FROM isys_obj_type WHERE isys_obj_type__const = 'C__OBJTYPE__VIRTUAL_SERVER');
                    SET @V_HOST = (SELECT isys_obj_type__id FROM isys_obj_type WHERE isys_obj_type__const = 'C__OBJTYPE__VIRTUAL_HOST');
                    SET @SWITCH = (SELECT isys_obj_type__id FROM isys_obj_type WHERE isys_obj_type__const = 'C__OBJTYPE__SWITCH');
                    SET @BLADE_SERVER = (SELECT isys_obj_type__id FROM isys_obj_type WHERE isys_obj_type__const = 'C__OBJTYPE__BLADE_SERVER');

                    INSERT INTO isys_obj_type_2_isysgui_catg VALUES (NULL, @SERVER, @CATG_ID),
                    (NULL, @V_SERVER, @CATG_ID),
                    (NULL, @V_HOST, @CATG_ID),
                    (NULL, @SWITCH, @CATG_ID),
                    (NULL, @BLADE_SERVER, @CATG_ID);
                </exec>
            </sql>
        </query>

        <query>
            <id>3</id>
            <title>Create default rights for document module</title>
            <check ident="C_VALUE_EXISTS">
                SELECT isys_auth__isys_module__id FROM isys_auth WHERE isys_auth__isys_module__id = (SELECT isys_module__id FROM isys_module WHERE isys_module__const = 'C__MODULE__DOCUMENT' LIMIT 1);
            </check>
            <sql>
                <exec ident="false">
                    SET @ADDON = (SELECT isys_module__id FROM isys_module WHERE isys_module__const = 'C__MODULE__DOCUMENT' LIMIT 1);
                    SET @ADMIN = (SELECT isys_obj__id FROM isys_obj WHERE isys_obj__const = 'C__OBJ__PERSON_GROUP_ADMIN' LIMIT 1);

                    INSERT INTO `isys_auth` (`isys_auth__isys_obj__id`, `isys_auth__type`, `isys_auth__isys_module__id`, `isys_auth__path`, `isys_auth__status`)
                    VALUES
                    (@ADMIN, 39, @ADDON, 'DOCUMENTS/*', 2),
                    (@ADMIN, 39, @ADDON, 'DOCUMENTS', 2),
                    (@ADMIN, 39, @ADDON, 'DOCUMENTS_IN_CATEGORIES/*', 2),
                    (@ADMIN, 39, @ADDON, 'DOCUMENTS_IN_CATEGORIES', 2),
                    (@ADMIN, 39, @ADDON, 'TEMPLATES/*', 2),
                    (@ADMIN, 39, @ADDON, 'TEMPLATES', 2),
                    (@ADMIN, 39, @ADDON, 'TEMPLATES_IN_CATEGORIES/*', 2),
                    (@ADMIN, 39, @ADDON, 'TEMPLATES_IN_CATEGORIES', 2),
                    (@ADMIN, 1, @ADDON, 'ONLINE-REPOSITORY', 2);
                </exec>
                <exec ident="true">
                    SET @ADDON = (SELECT isys_module__id FROM isys_module WHERE isys_module__const = 'C__MODULE__DOCUMENT' LIMIT 1);
                    SET @ADMIN = (SELECT isys_obj__id FROM isys_obj WHERE isys_obj__const = 'C__OBJ__PERSON_GROUP_ADMIN' LIMIT 1);

                    DELETE FROM isys_auth
                    WHERE isys_auth__isys_obj__id = @ADMIN
                    AND isys_auth__isys_module__id = @ADDON;

                    INSERT INTO `isys_auth` (`isys_auth__isys_obj__id`, `isys_auth__type`, `isys_auth__isys_module__id`, `isys_auth__path`, `isys_auth__status`)
                    VALUES
                    (@ADMIN, 39, @ADDON, 'DOCUMENTS/*', 2),
                    (@ADMIN, 39, @ADDON, 'DOCUMENTS', 2),
                    (@ADMIN, 39, @ADDON, 'DOCUMENTS_IN_CATEGORIES/*', 2),
                    (@ADMIN, 39, @ADDON, 'DOCUMENTS_IN_CATEGORIES', 2),
                    (@ADMIN, 39, @ADDON, 'TEMPLATES/*', 2),
                    (@ADMIN, 39, @ADDON, 'TEMPLATES', 2),
                    (@ADMIN, 39, @ADDON, 'TEMPLATES_IN_CATEGORIES/*', 2),
                    (@ADMIN, 39, @ADDON, 'TEMPLATES_IN_CATEGORIES', 2),
                    (@ADMIN, 1, @ADDON, 'ONLINE-REPOSITORY', 2);
                </exec>
            </sql>
        </query>

        <query>
            <id>5</id>
            <title>Create table: isys_document_template</title>
            <check ident="C_CREATE_TABLE">isys_document_template</check>
            <sql>
                <exec ident="false">
                    CREATE TABLE IF NOT EXISTS `isys_document_template` (
                    `isys_document_template__id` int(11) unsigned NOT NULL AUTO_INCREMENT,
                    `isys_document_template__title` varchar(255) NOT NULL,
                    `isys_document_template__isys_document_type__id` int(11) unsigned DEFAULT NULL,
                    `isys_document_template__index` text NOT NULL,
                    `isys_document_template__header` text NOT NULL,
                    `isys_document_template__footer` text NOT NULL,
                    `isys_document_template__options` text,
                    PRIMARY KEY (`isys_document_template__id`),
                    KEY `isys_document_template__isys_document_type__id` (`isys_document_template__isys_document_type__id`),
                    CONSTRAINT `isys_document_template__isys_document_type__id` FOREIGN KEY (`isys_document_template__isys_document_type__id`) REFERENCES `isys_document_type`
                    (`isys_document_type__id`) ON DELETE SET NULL ON UPDATE CASCADE
                    ) ENGINE=InnoDB DEFAULT CHARSET=utf8;
                </exec>
            </sql>
        </query>

        <query>
            <id>6</id>
            <title>Create table: isys_document</title>
            <check ident="C_CREATE_TABLE">isys_document</check>
            <sql>
                <exec ident="false">
                    CREATE TABLE IF NOT EXISTS `isys_document` (
                    `isys_document__id` int(11) unsigned NOT NULL AUTO_INCREMENT,
                    `isys_document__isys_document_type__id` int(11) unsigned DEFAULT NULL,
                    `isys_document__isys_document_template__id` int(11) unsigned DEFAULT NULL,
                    `isys_document__created` datetime NOT NULL,
                    `isys_document__description` text NOT NULL,
                    PRIMARY KEY (`isys_document__id`),
                    KEY `isys_document__isys_document_template__id` (`isys_document__isys_document_template__id`),
                    KEY `isys_document__isys_document_type__id` (`isys_document__isys_document_type__id`),
                    CONSTRAINT `isys_document__isys_document_template__id` FOREIGN KEY (`isys_document__isys_document_template__id`) REFERENCES `isys_document_template`
                    (`isys_document_template__id`) ON DELETE SET NULL ON UPDATE CASCADE,
                    CONSTRAINT `isys_document__isys_document_type__id` FOREIGN KEY (`isys_document__isys_document_type__id`) REFERENCES `isys_document_type`
                    (`isys_document_type__id`) ON DELETE CASCADE ON UPDATE SET NULL
                    ) ENGINE=InnoDB DEFAULT CHARSET=utf8;
                </exec>
            </sql>
        </query>

        <query>
            <id>7</id>
            <title>Create table: isys_document_chapter</title>
            <check ident="C_CREATE_TABLE">isys_document_component</check>
            <sql>
                <exec ident="false">
                    CREATE TABLE IF NOT EXISTS `isys_document_component` (
                    `isys_document_component__id` int(11) unsigned NOT NULL AUTO_INCREMENT,
                    `isys_document_component__text` text NOT NULL,
                    `isys_document_component__isys_document_component__id` int(11) unsigned DEFAULT NULL,
                    PRIMARY KEY (`isys_document_component__id`),
                    KEY `isys_document_component__isys_document_component__id` (`isys_document_component__isys_document_component__id`),
                    CONSTRAINT `isys_document_component__isys_document_component__id` FOREIGN KEY (`isys_document_component__isys_document_component__id`) REFERENCES
                    `isys_document_component` (`isys_document_component__id`) ON DELETE SET NULL ON UPDATE CASCADE
                    ) ENGINE=InnoDB DEFAULT CHARSET=utf8;
                </exec>
            </sql>
        </query>

        <query>
            <id>8</id>
            <title>Create table: isys_document_chapter</title>
            <check ident="C_CREATE_TABLE">isys_document_chapter</check>
            <sql>
                <exec ident="false">
                    CREATE TABLE IF NOT EXISTS `isys_document_chapter` (
                    `isys_document_chapter__id` int(10) unsigned NOT NULL AUTO_INCREMENT,
                    `isys_document_chapter__title` varchar(255) NOT NULL,
                    `isys_document_chapter__isys_document_template__id` int(10) unsigned DEFAULT NULL,
                    `isys_document_chapter__isys_document_chapter__id` int(10) unsigned DEFAULT NULL,
                    `isys_document_chapter__isys_document_component__id` int(10) unsigned NOT NULL,
                    `isys_document_chapter__description` text,
                    `isys_document_chapter__sort` int(10) unsigned NOT NULL,
                    PRIMARY KEY (`isys_document_chapter__id`),
                    KEY `isys_document_chapter__isys_document_template__id` (`isys_document_chapter__isys_document_template__id`),
                    KEY `isys_document_chapter__isys_document_component__id` (`isys_document_chapter__isys_document_component__id`),
                    KEY `isys_document_chapter__isys_document_chapter__id` (`isys_document_chapter__isys_document_chapter__id`),
                    CONSTRAINT `isys_document_chapter__isys_document_template__id` FOREIGN KEY (`isys_document_chapter__isys_document_template__id`) REFERENCES
                    `isys_document_template` (`isys_document_template__id`) ON DELETE CASCADE ON UPDATE CASCADE,
                    CONSTRAINT `isys_document_chapter__isys_document_component__id` FOREIGN KEY (`isys_document_chapter__isys_document_component__id`) REFERENCES
                    `isys_document_component` (`isys_document_component__id`) ON DELETE CASCADE ON UPDATE CASCADE,
                    CONSTRAINT `isys_document_chapter__isys_document_chapter__id` FOREIGN KEY (`isys_document_chapter__isys_document_chapter__id`) REFERENCES
                    `isys_document_chapter` (`isys_document_chapter__id`) ON DELETE CASCADE ON UPDATE CASCADE
                    ) ENGINE=InnoDB DEFAULT CHARSET=utf8;
                </exec>
            </sql>
        </query>

        <query>
            <id>9</id>
            <title>Create table: isys_document_revision</title>
            <check ident="C_CREATE_TABLE">isys_document_revision</check>
            <sql>
                <exec ident="false">
                    CREATE TABLE IF NOT EXISTS `isys_document_revision` (
                    `isys_document_revision__id` int(10) unsigned NOT NULL AUTO_INCREMENT,
                    `isys_document_revision__isys_document__id` int(10) unsigned NOT NULL,
                    `isys_document_revision__index` text CHARACTER SET utf8 NOT NULL,
                    `isys_document_revision__header` text CHARACTER SET utf8 NOT NULL,
                    `isys_document_revision__footer` text CHARACTER SET utf8 NOT NULL,
                    `isys_document_revision__created` datetime NOT NULL,
                    `isys_document_revision__isys_obj__id` int(10) unsigned DEFAULT NULL,
                    PRIMARY KEY (`isys_document_revision__id`),
                    KEY `isys_document_revision__isys_document__id` (`isys_document_revision__isys_document__id`),
                    KEY `isys_document_revision__isys_obj__id` (`isys_document_revision__isys_obj__id`),
                    CONSTRAINT `isys_document_revision__isys_obj__id` FOREIGN KEY (`isys_document_revision__isys_obj__id`) REFERENCES `isys_obj` (`isys_obj__id`) ON DELETE SET
                    NULL ON UPDATE CASCADE,
                    CONSTRAINT `isys_document_revision__isys_document__id` FOREIGN KEY (`isys_document_revision__isys_document__id`) REFERENCES `isys_document`
                    (`isys_document__id`) ON DELETE CASCADE ON UPDATE CASCADE
                    ) ENGINE=InnoDB DEFAULT CHARSET=utf8;
                </exec>
            </sql>
        </query>

        <query>
            <id>10</id>
            <title>Create table: isys_document_text</title>
            <check ident="C_CREATE_TABLE">isys_document_text</check>
            <sql>
                <exec ident="false">
                    CREATE TABLE IF NOT EXISTS `isys_document_text` (
                    `isys_document_text__id` int(10) unsigned NOT NULL AUTO_INCREMENT,
                    `isys_document_text__isys_document_revision__id` int(10) unsigned NOT NULL,
                    `isys_document_text__text` text NOT NULL,
                    `isys_document_text__level` int(10) unsigned NOT NULL,
                    `isys_document_text__pos` varchar(255) NOT NULL,
                    `isys_document_text__title` varchar(255) NOT NULL,
                    PRIMARY KEY (`isys_document_text__id`),
                    KEY `isys_document_text__isys_document_revision__id` (`isys_document_text__isys_document_revision__id`),
                    CONSTRAINT `isys_document_text__isys_document_revision__id` FOREIGN KEY (`isys_document_text__isys_document_revision__id`) REFERENCES
                    `isys_document_revision` (`isys_document_revision__id`) ON DELETE CASCADE ON UPDATE CASCADE
                    ) ENGINE=InnoDB DEFAULT CHARSET=utf8;
                </exec>
            </sql>
        </query>

        <query>
            <id>11</id>
            <title>Create category table: Document</title>
            <check ident="C_CREATE_TABLE">isys_catg_document_list</check>
            <sql>
                <exec ident="false">
                    CREATE TABLE IF NOT EXISTS `isys_catg_document_list` (
                    `isys_catg_document_list__id` int(10) unsigned NOT NULL AUTO_INCREMENT,
                    `isys_catg_document_list__isys_obj__id` int(10) unsigned NOT NULL,
                    `isys_catg_document_list__isys_document__id` int(11) unsigned NOT NULL,
                    `isys_catg_document_list__status` int(10) unsigned NOT NULL DEFAULT '2',
                    `isys_catg_document_list__description` text NOT NULL,
                    PRIMARY KEY (`isys_catg_document_list__id`),
                    KEY `isys_catg_document_list__isys_document__id` (`isys_catg_document_list__isys_document__id`),
                    KEY `isys_catg_document_list__isys_obj__id` (`isys_catg_document_list__isys_obj__id`),
                    CONSTRAINT `isys_catg_document_list__isys_document__id` FOREIGN KEY (`isys_catg_document_list__isys_document__id`) REFERENCES `isys_document`
                    (`isys_document__id`) ON DELETE CASCADE ON UPDATE CASCADE,
                    CONSTRAINT `isys_catg_document_list__isys_obj__id` FOREIGN KEY (`isys_catg_document_list__isys_obj__id`) REFERENCES `isys_obj` (`isys_obj__id`) ON DELETE
                    CASCADE ON UPDATE CASCADE
                    ) ENGINE=InnoDB DEFAULT CHARSET=utf8;
                </exec>
            </sql>
        </query>

        <query>
            <id>12</id>
            <title>Create dialog admin table isys_document_revision_reasons</title>
            <check ident="C_CREATE_TABLE">isys_document_revision_reasons</check>
            <sql>
                <exec ident="false">
                    CREATE TABLE IF NOT EXISTS `isys_document_revision_reasons` (
                    `isys_document_revision_reasons__id` int(10) unsigned NOT NULL AUTO_INCREMENT,
                    `isys_document_revision_reasons__const` varchar(255) COLLATE utf8_unicode_ci NOT NULL DEFAULT '',
                    `isys_document_revision_reasons__title` varchar(255) COLLATE utf8_unicode_ci DEFAULT NULL,
                    `isys_document_revision_reasons__description` text COLLATE utf8_unicode_ci,
                    `isys_document_revision_reasons__property` int(10) DEFAULT NULL,
                    `isys_document_revision_reasons__sort` int(10) unsigned DEFAULT NULL,
                    `isys_document_revision_reasons__status` int(10) NOT NULL DEFAULT '2',
                    PRIMARY KEY (`isys_document_revision_reasons__id`)
                    ) ENGINE=InnoDB AUTO_INCREMENT=2 DEFAULT CHARSET=utf8 COLLATE=utf8_unicode_ci;
                </exec>
            </sql>
        </query>

        <query>
            <id>13</id>
            <title>Adding field: isys_document_template__options</title>
            <check ident="C_ADD_FIELD">isys_document_template,isys_document_template__options</check>
            <sql>
                <exec ident="false">
                    ALTER TABLE `isys_document_template`
                    ADD `isys_document_template__options` TEXT DEFAULT NULL AFTER `isys_document_template__footer`;
                </exec>
            </sql>
        </query>

        <query>
            <id>14</id>
            <title></title>
            <check ident="C_UPDATE">isys_module</check>
            <sql>
                <exec ident="true">
                    REPLACE INTO isys_module VALUES (1, 'Modulmanager', 'manager', 'C__MODULE__MANAGER', '2006-03-01 00:00:00', 'isys_module_manager', 0, 2, NULL,
                    'images/icons/silk/brick.png');
                </exec>
            </sql>
        </query>

        <query>
            <id>15</id>
            <title>Create new widget "last revisions".</title>
            <check ident="C_VALUE_EXISTS">SELECT * FROM isys_widgets WHERE isys_widgets__identifier = 'document_last_revisions'</check>
            <sql>
                <exec ident="false">
                    INSERT INTO isys_widgets SET
                    isys_widgets__title = 'LC__WIDGET__DOCUMENT__LAST_REVISIONS',
                    isys_widgets__description = 'Widget for displaying the last created document revisions.',
                    isys_widgets__identifier = 'document_last_revisions',
                    isys_widgets__const = 'C__WIDGET__DOCUMENT__LAST_REVISIONS',
                    isys_widgets__default_config = '{"count":"10"}',
                    isys_widgets__sorting = 99,
                    isys_widgets__default = 0;
                </exec>
            </sql>
        </query>

        <query>
            <id>16</id>
            <title>Add field: isys_document_chapter__new_page</title>
            <check ident="C_ADD_FIELD">isys_document_chapter,isys_document_chapter__new_page</check>
            <sql>
                <exec ident="false">
                    ALTER TABLE `isys_document_chapter` ADD `isys_document_chapter__new_page` TINYINT( 1 ) UNSIGNED NOT NULL;
                </exec>
            </sql>
        </query>

        <query>
            <id>17</id>
            <title>Add field: isys_document_text__options</title>
            <check ident="C_ADD_FIELD">isys_document_text,isys_document_text__options</check>
            <sql>
                <exec ident="false">
                    ALTER TABLE `isys_document_text` ADD `isys_document_text__options` TEXT NULL DEFAULT NULL;
                </exec>
            </sql>
        </query>

        <query>
            <id>18</id>
            <title>Adding field: isys_document_template__index</title>
            <check ident="C_ADD_FIELD">isys_document_template,isys_document_template__index</check>
            <sql>
                <exec ident="false">
                    ALTER TABLE `isys_document_template`
                    ADD `isys_document_template__index` TEXT NOT NULL AFTER `isys_document_template__isys_document_type__id`;
                </exec>
            </sql>
        </query>

        <query>
            <id>19</id>
            <title>Adding field: isys_document_revision__index</title>
            <check ident="C_ADD_FIELD">isys_document_revision,isys_document_revision__index</check>
            <sql>
                <exec ident="false">
                    ALTER TABLE `isys_document_revision`
                    ADD `isys_document_revision__index` TEXT NOT NULL AFTER `isys_document_revision__isys_document__id`;
                </exec>
            </sql>
        </query>

        <query>
            <id>20</id>
            <title>Adding field: isys_document__title</title>
            <check ident="C_ADD_FIELD">isys_document,isys_document__title</check>
            <sql>
                <exec ident="false">
                    ALTER TABLE `isys_document`
                    ADD `isys_document__title` VARCHAR(255) COLLATE utf8_unicode_ci NOT NULL AFTER `isys_document__id`;
                </exec>
            </sql>
        </query>

        <query>
            <id>21</id>
            <title>Adding field: isys_document_template__created_at</title>
            <check ident="C_ADD_FIELD">isys_document_template,isys_document_template__created_at</check>
            <sql>
                <exec ident="false">
                    ALTER TABLE `isys_document_template`
                    ADD `isys_document_template__created_at` DATETIME DEFAULT NULL,
                    ADD `isys_document_template__created_by` INT (10) UNSIGNED DEFAULT NULL,
                    ADD KEY `isys_document_template__created_by` (`isys_document_template__created_by`),
                    ADD CONSTRAINT `isys_document_template__created_by` FOREIGN KEY (`isys_document_template__created_by`) REFERENCES `isys_obj` (`isys_obj__id`) ON DELETE SET
                    NULL ON UPDATE CASCADE;
                </exec>
            </sql>
        </query>

        <query>
            <id>22</id>
            <title>Adding field: isys_document_template__updated_at</title>
            <check ident="C_ADD_FIELD">isys_document_template,isys_document_template__updated_at</check>
            <sql>
                <exec ident="false">
                    ALTER TABLE `isys_document_template`
                    ADD `isys_document_template__updated_at` DATETIME DEFAULT NULL,
                    ADD `isys_document_template__updated_by` INT (10) UNSIGNED DEFAULT NULL,
                    ADD KEY `isys_document_template__updated_by` (`isys_document_template__updated_by`),
                    ADD CONSTRAINT `isys_document_template__updated_by` FOREIGN KEY (`isys_document_template__updated_by`) REFERENCES `isys_obj` (`isys_obj__id`) ON DELETE SET
                    NULL ON UPDATE CASCADE;
                </exec>
            </sql>
        </query>

        <query>
            <id>23</id>
            <title>Change options field for templates from TEXT to LONGTEXT.</title>
            <check ident="C_CHANGE_FIELD">isys_document_template,isys_document_template__options</check>
            <sql>
                <exec ident="true">
                    ALTER TABLE `isys_document_template` MODIFY column `isys_document_template__options` LONGTEXT;
                </exec>
            </sql>
        </query>

        <query>
            <id>24</id>
            <title>Remove constraint isys_document__isys_document_type__id</title>
            <check ident="C_DROP_FOREIGN_KEY">isys_document,isys_document__isys_document_type__id</check>
        </query>

        <query>
            <id>25</id>
            <title>Add constraint isys_document__isys_document_type__id</title>
            <check ident="C_ADD_FOREIGN_KEY">isys_document,isys_document__isys_document_type__id</check>
            <sql>
                <exec ident="false">
                    ALTER TABLE `isys_document` ADD CONSTRAINT `isys_document__isys_document_type__id` FOREIGN KEY (`isys_document__isys_document_type__id`) REFERENCES
                    `isys_document_type` (`isys_document_type__id`) ON DELETE SET NULL ON UPDATE SET NULL;
                </exec>
            </sql>
        </query>

        <query>
            <id>26</id>
            <title>Creating custom-field table</title>
            <check ident="C_CREATE_TABLE">isys_document_custom_field</check>
            <sql>
                <exec ident="false">
                    CREATE TABLE `isys_document_custom_field` (
                    `isys_document_custom_field__id` int(11) unsigned NOT NULL AUTO_INCREMENT,
                    `isys_document_custom_field__isys_document_template__id` int(11) unsigned DEFAULT NULL,
                    `isys_document_custom_field__name` varchar(255) NOT NULL DEFAULT '',
                    `isys_document_custom_field__datatype` varchar(255) NOT NULL DEFAULT '',
                    `isys_document_custom_field__default_value` text,
                    `isys_document_custom_field__sorting` int(3) unsigned DEFAULT '999',
                    PRIMARY KEY (`isys_document_custom_field__id`),
                    KEY `isys_document_custom_field__id` (`isys_document_custom_field__id`),
                    KEY `isys_document_custom_field__isys_document_template__id` (`isys_document_custom_field__isys_document_template__id`),
                    CONSTRAINT `isys_document_custom_field__isys_document_template__id` FOREIGN KEY (`isys_document_custom_field__isys_document_template__id`) REFERENCES
                    `isys_document_template` (`isys_document_template__id`) ON DELETE CASCADE ON UPDATE CASCADE
                    ) ENGINE=InnoDB DEFAULT CHARSET=utf8;
                </exec>
            </sql>
        </query>

        <query>
            <id>27</id>
            <title>Creating custom-field-value table</title>
            <check ident="C_CREATE_TABLE">isys_document_custom_field_value</check>
            <sql>
                <exec ident="false">
                    CREATE TABLE `isys_document_custom_field_value` (
                    `isys_document_custom_field_value__id` int(11) unsigned NOT NULL AUTO_INCREMENT,
                    `isys_document_custom_field_value__isys_document__id` int(11) unsigned DEFAULT NULL,
                    `isys_document_custom_field_value__isys_document_custom_field__id` int(11) unsigned DEFAULT NULL,
                    `isys_document_custom_field_value__value` text,
                    PRIMARY KEY (`isys_document_custom_field_value__id`),
                    KEY `isys_document_custom_field_value__id` (`isys_document_custom_field_value__id`),
                    KEY `isys_document_custom_field_value__isys_document__id` (`isys_document_custom_field_value__isys_document__id`),
                    KEY `isys_document_custom_field_value__isys_document_custom_field__id` (`isys_document_custom_field_value__isys_document_custom_field__id`),
                    CONSTRAINT `isys_document_custom_field_value__isys_document__id` FOREIGN KEY (`isys_document_custom_field_value__isys_document__id`) REFERENCES
                    `isys_document` (`isys_document__id`) ON DELETE CASCADE ON UPDATE CASCADE,
                    CONSTRAINT `isys_document_custom_field_value__isys_document_custom_field__id` FOREIGN KEY
                    (`isys_document_custom_field_value__isys_document_custom_field__id`) REFERENCES `isys_document_custom_field` (`isys_document_custom_field__id`) ON DELETE
                    CASCADE ON UPDATE CASCADE
                    ) ENGINE=InnoDB DEFAULT CHARSET=utf8;
                </exec>
            </sql>
        </query>

        <query>
            <id>28</id>
            <title>Adding field: isys_document_revision__comment</title>
            <check ident="C_ADD_FIELD">isys_document_revision, isys_document_revision__comment</check>
            <sql>
                <exec ident="false">
                    ALTER TABLE `isys_document_revision`
                    ADD `isys_document_revision__comment` TEXT DEFAULT NULL;
                </exec>
            </sql>
        </query>

        <query>
            <id>29</id>
            <title>Adding field: isys_document_revision__custom_fields</title>
            <check ident="C_ADD_FIELD">isys_document_revision, isys_document_revision__custom_fields</check>
            <sql>
                <exec ident="false">
                    ALTER TABLE `isys_document_revision`
                    ADD `isys_document_revision__custom_fields` TEXT DEFAULT NULL;
                </exec>
            </sql>
        </query>

        <query>
            <id>30</id>
            <title>Change document revision content field from TEXT to LONGTEXT.</title>
            <check ident="C_CHANGE_FIELD">isys_document_text, isys_document_text__text</check>
            <sql>
                <exec ident="true">
                    ALTER TABLE `isys_document_text` MODIFY column `isys_document_text__text` LONGTEXT;
                </exec>
            </sql>
        </query>

        <query>
            <title>Set correct unit reference</title>
            <check ident="C_VALUE_EXISTS">
                SELECT isys_module__id
                FROM isys_module
                WHERE isys_module__const = 'C__MODULE__DOCUMENT'
                LIMIT 1;
            </check>
            <sql>
                <exec ident="true">
                    UPDATE isys_module
                    SET isys_module__icon = 'images/axialis/basic/book.svg'
                    WHERE isys_module__const = 'C__MODULE__DOCUMENT'
                    LIMIT 1;
                </exec>
            </sql>
        </query>

    </queries>
</isys>
