<?xml version="1.0"?>
<isys>
  <info>
    <title>Homeoffice-Addon</title>
    <version>0.31</version>
    <release>2020-04-29</release>
  </info>
  <queries>
    <query>
      <title>Create object type 'Mobile phone contract'.</title>
      <check ident="C_VALUE_EXISTS">SELECT isys_obj_type__id FROM isys_obj_type WHERE isys_obj_type__const = 'C__HOMEOFFICE__ADDON___MOBILECONTRACT' LIMIT 1;</check>
      <sql>
        <exec ident="true">UPDATE isys_obj_type SET 
            isys_obj_type__isys_obj_type_group__id = (SELECT isys_obj_type_group__id FROM isys_obj_type_group WHERE isys_obj_type_group__const = 'C__OBJTYPE_GROUP__OTHER' LIMIT 1),
            isys_obj_type__isysgui_cats__id = (SELECT isysgui_cats__id FROM isysgui_cats WHERE isysgui_cats__const = 'C__CATS__CONTRACT' LIMIT 1),
            
            isys_obj_type__title = 'Mobile phone contract', 
            isys_obj_type__selfdefined = 1,
            isys_obj_type__container = 0,
            isys_obj_type__obj_img_name = 'maintenance.jpg',
            isys_obj_type__icon = 'images/icons/silk/text_signature.png',
            isys_obj_type__sort = '65535',
            isys_obj_type__status = 2,
            isys_obj_type__show_in_tree = 1,
            isys_obj_type__show_in_rack = 0,
            isys_obj_type__overview = 0,
            isys_obj_type__color = '',
            isys_obj_type__class_name = 'isys_cmdb_dao_list_objects_all',
            isys_obj_type__sysid_prefix = '',
            isys_obj_type__relation_master = 0,
            isys_obj_type__use_template_title = 0
            WHERE isys_obj_type__const = 'C__HOMEOFFICE__ADDON___MOBILECONTRACT'
            LIMIT 1;</exec>
        <exec ident="false">INSERT INTO isys_obj_type SET 
            isys_obj_type__isys_obj_type_group__id = (SELECT isys_obj_type_group__id FROM isys_obj_type_group WHERE isys_obj_type_group__const = 'C__OBJTYPE_GROUP__OTHER' LIMIT 1),
            isys_obj_type__isysgui_cats__id = (SELECT isysgui_cats__id FROM isysgui_cats WHERE isysgui_cats__const = 'C__CATS__CONTRACT' LIMIT 1),
            
            isys_obj_type__title = 'Mobile phone contract', 
            isys_obj_type__selfdefined = 1,
            isys_obj_type__container = 0,
            isys_obj_type__obj_img_name = 'maintenance.jpg',
            isys_obj_type__icon = 'images/icons/silk/text_signature.png',
            isys_obj_type__const = 'C__HOMEOFFICE__ADDON___MOBILECONTRACT',
            isys_obj_type__sort = '65535',
            isys_obj_type__status = 2,
            isys_obj_type__show_in_tree = 1,
            isys_obj_type__show_in_rack = 0,
            isys_obj_type__overview = 0,
            isys_obj_type__color = '',
            isys_obj_type__class_name = 'isys_cmdb_dao_list_objects_all',
            isys_obj_type__sysid_prefix = '',
            isys_obj_type__relation_master = 0,
            isys_obj_type__use_template_title = 0;</exec>
      </sql>
    </query>
    <query>
      <title>Create object type 'Devices'.</title>
      <check ident="C_VALUE_EXISTS">SELECT isys_obj_type__id FROM isys_obj_type WHERE isys_obj_type__const = 'C__OBJTYPE__OTHER__DEVICES' LIMIT 1;</check>
      <sql>
        <exec ident="true">UPDATE isys_obj_type SET 
            isys_obj_type__isys_obj_type_group__id = (SELECT isys_obj_type_group__id FROM isys_obj_type_group WHERE isys_obj_type_group__const = 'C__OBJTYPE_GROUP__INFRASTRUCTURE' LIMIT 1),
            
            
            isys_obj_type__title = 'Devices', 
            isys_obj_type__selfdefined = 1,
            isys_obj_type__container = 0,
            isys_obj_type__obj_img_name = 'appliances.png',
            isys_obj_type__icon = 'images/icons/silk/computer.png',
            isys_obj_type__sort = '65535',
            isys_obj_type__status = 2,
            isys_obj_type__show_in_tree = 1,
            isys_obj_type__show_in_rack = 0,
            isys_obj_type__overview = 0,
            isys_obj_type__color = 'FFFFFF',
            isys_obj_type__class_name = 'isys_cmdb_dao_list_objects_all',
            isys_obj_type__sysid_prefix = '',
            isys_obj_type__relation_master = 0,
            isys_obj_type__use_template_title = 0
            WHERE isys_obj_type__const = 'C__OBJTYPE__OTHER__DEVICES'
            LIMIT 1;</exec>
        <exec ident="false">INSERT INTO isys_obj_type SET 
            isys_obj_type__isys_obj_type_group__id = (SELECT isys_obj_type_group__id FROM isys_obj_type_group WHERE isys_obj_type_group__const = 'C__OBJTYPE_GROUP__INFRASTRUCTURE' LIMIT 1),
            
            
            isys_obj_type__title = 'Devices', 
            isys_obj_type__selfdefined = 1,
            isys_obj_type__container = 0,
            isys_obj_type__obj_img_name = 'appliances.png',
            isys_obj_type__icon = 'images/icons/silk/computer.png',
            isys_obj_type__const = 'C__OBJTYPE__OTHER__DEVICES',
            isys_obj_type__sort = '65535',
            isys_obj_type__status = 2,
            isys_obj_type__show_in_tree = 1,
            isys_obj_type__show_in_rack = 0,
            isys_obj_type__overview = 0,
            isys_obj_type__color = 'FFFFFF',
            isys_obj_type__class_name = 'isys_cmdb_dao_list_objects_all',
            isys_obj_type__sysid_prefix = '',
            isys_obj_type__relation_master = 0,
            isys_obj_type__use_template_title = 0;</exec>
      </sql>
    </query>
    <query>
      <title/>
      <check ident="C_VALUE_EXISTS">SELECT isysgui_catg_custom__id FROM isysgui_catg_custom WHERE isysgui_catg_custom__const = 'C__CATG__CUSTOM_FIELDS_MOBILE_CONDITIONS' LIMIT 1;</check>
      <sql>
        <exec ident="true">UPDATE isysgui_catg_custom SET 
            isysgui_catg_custom__type = 2, 
            isysgui_catg_custom__title = 'Mobile Terms &amp; Conditions', 
            isysgui_catg_custom__config = 'a:4:{s:15:\"c_1587295118309\";a:6:{s:4:\"type\";s:7:\"f_popup\";s:5:\"popup\";s:11:\"dialog_plus\";s:5:\"title\";s:34:\"Telefon Flatrate / Inklusivminuten\";s:10:\"identifier\";s:26:\"Telephone_Flatrate_Minutes\";s:10:\"visibility\";s:7:\"visible\";s:12:\"show_in_list\";i:1;}s:15:\"c_1587295118820\";a:6:{s:4:\"type\";s:7:\"f_popup\";s:5:\"popup\";s:11:\"dialog_plus\";s:5:\"title\";s:23:\"SMS Flatrate / Frei-SMS\";s:10:\"identifier\";s:14:\"SMS_Flat_Texts\";s:10:\"visibility\";s:7:\"visible\";s:12:\"show_in_list\";i:1;}s:15:\"c_1587295119384\";a:6:{s:4:\"type\";s:7:\"f_popup\";s:5:\"popup\";s:11:\"dialog_plus\";s:5:\"title\";s:11:\"EU-Flatrate\";s:10:\"identifier\";s:7:\"EU_Flat\";s:10:\"visibility\";s:7:\"visible\";s:12:\"show_in_list\";i:1;}s:15:\"c_1561211617652\";a:6:{s:4:\"type\";s:7:\"f_popup\";s:5:\"popup\";s:11:\"dialog_plus\";s:5:\"title\";s:20:\"Mobiles Datenvolumen\";s:10:\"identifier\";s:11:\"Data_volume\";s:10:\"visibility\";s:7:\"visible\";s:12:\"show_in_list\";i:1;}}', 
            isysgui_catg_custom__parent = 0, 
            isysgui_catg_custom__status = 2
            WHERE isysgui_catg_custom__const = 'C__CATG__CUSTOM_FIELDS_MOBILE_CONDITIONS'
            LIMIT 1;</exec>
        <exec ident="false">INSERT INTO isysgui_catg_custom SET 
            isysgui_catg_custom__type = 2, 
            isysgui_catg_custom__title = 'Mobile Terms &amp; Conditions', 
            isysgui_catg_custom__config = 'a:4:{s:15:\"c_1587295118309\";a:6:{s:4:\"type\";s:7:\"f_popup\";s:5:\"popup\";s:11:\"dialog_plus\";s:5:\"title\";s:34:\"Telefon Flatrate / Inklusivminuten\";s:10:\"identifier\";s:26:\"Telephone_Flatrate_Minutes\";s:10:\"visibility\";s:7:\"visible\";s:12:\"show_in_list\";i:1;}s:15:\"c_1587295118820\";a:6:{s:4:\"type\";s:7:\"f_popup\";s:5:\"popup\";s:11:\"dialog_plus\";s:5:\"title\";s:23:\"SMS Flatrate / Frei-SMS\";s:10:\"identifier\";s:14:\"SMS_Flat_Texts\";s:10:\"visibility\";s:7:\"visible\";s:12:\"show_in_list\";i:1;}s:15:\"c_1587295119384\";a:6:{s:4:\"type\";s:7:\"f_popup\";s:5:\"popup\";s:11:\"dialog_plus\";s:5:\"title\";s:11:\"EU-Flatrate\";s:10:\"identifier\";s:7:\"EU_Flat\";s:10:\"visibility\";s:7:\"visible\";s:12:\"show_in_list\";i:1;}s:15:\"c_1561211617652\";a:6:{s:4:\"type\";s:7:\"f_popup\";s:5:\"popup\";s:11:\"dialog_plus\";s:5:\"title\";s:20:\"Mobiles Datenvolumen\";s:10:\"identifier\";s:11:\"Data_volume\";s:10:\"visibility\";s:7:\"visible\";s:12:\"show_in_list\";i:1;}}', 
            isysgui_catg_custom__parent = 0, 
            isysgui_catg_custom__const = 'C__CATG__CUSTOM_FIELDS_MOBILE_CONDITIONS', 
            isysgui_catg_custom__status = 2;</exec>
      </sql>
    </query>
    <query>
      <title>Create custom category 'Homeoffice-VPN'.</title>
      <check ident="C_VALUE_EXISTS">SELECT isysgui_catg_custom__id FROM isysgui_catg_custom WHERE isysgui_catg_custom__const = 'C__CATG__CUSTOM_FIELDS_HOMEOFFICE_VPN' LIMIT 1;</check>
      <sql>
        <exec ident="true">UPDATE isysgui_catg_custom SET 
            isysgui_catg_custom__type = 2, 
            isysgui_catg_custom__title = 'Homeoffice-VPN', 
            isysgui_catg_custom__config = 'a:5:{s:15:\"c_1584551928479\";a:6:{s:4:\"type\";s:7:\"f_popup\";s:5:\"popup\";s:11:\"dialog_plus\";s:5:\"title\";s:3:\"VPN\";s:10:\"identifier\";s:3:\"VPN\";s:10:\"visibility\";s:7:\"visible\";s:12:\"show_in_list\";i:1;}s:15:\"c_1584634590640\";a:7:{s:4:\"type\";s:7:\"f_popup\";s:5:\"popup\";s:14:\"browser_object\";s:5:\"title\";s:10:\"VPN Server\";s:10:\"identifier\";s:2:\"18\";s:14:\"multiselection\";i:1;s:10:\"visibility\";s:7:\"visible\";s:12:\"show_in_list\";i:1;}s:15:\"c_1584634602408\";a:6:{s:4:\"type\";s:7:\"f_popup\";s:5:\"popup\";s:14:\"browser_object\";s:5:\"title\";s:12:\"VPN-Netzwerk\";s:10:\"identifier\";s:2:\"18\";s:10:\"visibility\";s:7:\"visible\";s:12:\"show_in_list\";i:1;}s:15:\"c_1584638969335\";a:6:{s:4:\"type\";s:7:\"f_popup\";s:5:\"popup\";s:11:\"dialog_plus\";s:5:\"title\";s:21:\"VPN-Authentifizierung\";s:10:\"identifier\";s:21:\"VPN_Authentifizierung\";s:10:\"visibility\";s:7:\"visible\";s:12:\"show_in_list\";i:1;}s:15:\"c_1584649316242\";a:5:{s:4:\"type\";s:7:\"f_popup\";s:5:\"popup\";s:4:\"file\";s:5:\"title\";s:10:\"Zertifikat\";s:10:\"visibility\";s:7:\"visible\";s:12:\"show_in_list\";i:1;}}', 
            isysgui_catg_custom__parent = 0, 
            isysgui_catg_custom__status = 2
            WHERE isysgui_catg_custom__const = 'C__CATG__CUSTOM_FIELDS_HOMEOFFICE_VPN'
            LIMIT 1;</exec>
        <exec ident="false">INSERT INTO isysgui_catg_custom SET 
            isysgui_catg_custom__type = 2, 
            isysgui_catg_custom__title = 'Homeoffice-VPN', 
            isysgui_catg_custom__config = 'a:5:{s:15:\"c_1584551928479\";a:6:{s:4:\"type\";s:7:\"f_popup\";s:5:\"popup\";s:11:\"dialog_plus\";s:5:\"title\";s:3:\"VPN\";s:10:\"identifier\";s:3:\"VPN\";s:10:\"visibility\";s:7:\"visible\";s:12:\"show_in_list\";i:1;}s:15:\"c_1584634590640\";a:7:{s:4:\"type\";s:7:\"f_popup\";s:5:\"popup\";s:14:\"browser_object\";s:5:\"title\";s:10:\"VPN Server\";s:10:\"identifier\";s:2:\"18\";s:14:\"multiselection\";i:1;s:10:\"visibility\";s:7:\"visible\";s:12:\"show_in_list\";i:1;}s:15:\"c_1584634602408\";a:6:{s:4:\"type\";s:7:\"f_popup\";s:5:\"popup\";s:14:\"browser_object\";s:5:\"title\";s:12:\"VPN-Netzwerk\";s:10:\"identifier\";s:2:\"18\";s:10:\"visibility\";s:7:\"visible\";s:12:\"show_in_list\";i:1;}s:15:\"c_1584638969335\";a:6:{s:4:\"type\";s:7:\"f_popup\";s:5:\"popup\";s:11:\"dialog_plus\";s:5:\"title\";s:21:\"VPN-Authentifizierung\";s:10:\"identifier\";s:21:\"VPN_Authentifizierung\";s:10:\"visibility\";s:7:\"visible\";s:12:\"show_in_list\";i:1;}s:15:\"c_1584649316242\";a:5:{s:4:\"type\";s:7:\"f_popup\";s:5:\"popup\";s:4:\"file\";s:5:\"title\";s:10:\"Zertifikat\";s:10:\"visibility\";s:7:\"visible\";s:12:\"show_in_list\";i:1;}}', 
            isysgui_catg_custom__parent = 0, 
            isysgui_catg_custom__const = 'C__CATG__CUSTOM_FIELDS_HOMEOFFICE_VPN', 
            isysgui_catg_custom__status = 2;</exec>
      </sql>
    </query>
    <query>
      <title>Create custom category 'Applikationszugriff'.</title>
      <check ident="C_VALUE_EXISTS">SELECT isysgui_catg_custom__id FROM isysgui_catg_custom WHERE isysgui_catg_custom__const = 'C__CATG__CUSTOM_FIELDS_APPLIKATIONSZUGRIFF' LIMIT 1;</check>
      <sql>
        <exec ident="true">UPDATE isysgui_catg_custom SET 
            isysgui_catg_custom__type = 2, 
            isysgui_catg_custom__title = 'Applikationszugriff', 
            isysgui_catg_custom__config = 'a:4:{s:15:\"c_1584639404646\";a:6:{s:4:\"type\";s:7:\"f_popup\";s:5:\"popup\";s:11:\"dialog_plus\";s:5:\"title\";s:13:\"Zugriff &#xFC;ber\";s:10:\"identifier\";s:12:\"Zugriff_uber\";s:10:\"visibility\";s:7:\"visible\";s:12:\"show_in_list\";i:1;}s:15:\"c_1584639419469\";a:7:{s:4:\"type\";s:7:\"f_popup\";s:5:\"popup\";s:14:\"browser_object\";s:5:\"title\";s:6:\"Server\";s:10:\"identifier\";s:2:\"18\";s:14:\"multiselection\";i:1;s:10:\"visibility\";s:7:\"visible\";s:12:\"show_in_list\";i:1;}s:15:\"c_1584639828084\";a:3:{s:4:\"type\";s:6:\"f_link\";s:5:\"title\";s:10:\"URL-Intern\";s:12:\"show_in_list\";i:1;}s:15:\"c_1584721109659\";a:3:{s:4:\"type\";s:6:\"f_link\";s:5:\"title\";s:10:\"URL-Extern\";s:12:\"show_in_list\";i:1;}}', 
            isysgui_catg_custom__parent = 0, 
            isysgui_catg_custom__status = 2
            WHERE isysgui_catg_custom__const = 'C__CATG__CUSTOM_FIELDS_APPLIKATIONSZUGRIFF'
            LIMIT 1;</exec>
        <exec ident="false">INSERT INTO isysgui_catg_custom SET 
            isysgui_catg_custom__type = 2, 
            isysgui_catg_custom__title = 'Applikationszugriff', 
            isysgui_catg_custom__config = 'a:4:{s:15:\"c_1584639404646\";a:6:{s:4:\"type\";s:7:\"f_popup\";s:5:\"popup\";s:11:\"dialog_plus\";s:5:\"title\";s:13:\"Zugriff &#xFC;ber\";s:10:\"identifier\";s:12:\"Zugriff_uber\";s:10:\"visibility\";s:7:\"visible\";s:12:\"show_in_list\";i:1;}s:15:\"c_1584639419469\";a:7:{s:4:\"type\";s:7:\"f_popup\";s:5:\"popup\";s:14:\"browser_object\";s:5:\"title\";s:6:\"Server\";s:10:\"identifier\";s:2:\"18\";s:14:\"multiselection\";i:1;s:10:\"visibility\";s:7:\"visible\";s:12:\"show_in_list\";i:1;}s:15:\"c_1584639828084\";a:3:{s:4:\"type\";s:6:\"f_link\";s:5:\"title\";s:10:\"URL-Intern\";s:12:\"show_in_list\";i:1;}s:15:\"c_1584721109659\";a:3:{s:4:\"type\";s:6:\"f_link\";s:5:\"title\";s:10:\"URL-Extern\";s:12:\"show_in_list\";i:1;}}', 
            isysgui_catg_custom__parent = 0, 
            isysgui_catg_custom__const = 'C__CATG__CUSTOM_FIELDS_APPLIKATIONSZUGRIFF', 
            isysgui_catg_custom__status = 2;</exec>
      </sql>
    </query>
    <query>
      <title>Create custom category 'Homeoffice'.</title>
      <check ident="C_VALUE_EXISTS">SELECT isysgui_catg_custom__id FROM isysgui_catg_custom WHERE isysgui_catg_custom__const = 'C__CATG__CUSTOM_FIELDS_HOMEOFFICE' LIMIT 1;</check>
      <sql>
        <exec ident="true">UPDATE isysgui_catg_custom SET 
            isysgui_catg_custom__type = 2, 
            isysgui_catg_custom__title = 'Homeoffice', 
            isysgui_catg_custom__config = 'a:9:{s:15:\"c_1584637083304\";a:6:{s:4:\"type\";s:7:\"f_popup\";s:5:\"popup\";s:11:\"dialog_plus\";s:5:\"title\";s:5:\"Dauer\";s:10:\"identifier\";s:8:\"Zeitraum\";s:10:\"visibility\";s:7:\"visible\";s:12:\"show_in_list\";i:1;}s:15:\"c_1584636999843\";a:5:{s:4:\"type\";s:7:\"f_popup\";s:5:\"popup\";s:8:\"calendar\";s:5:\"title\";s:12:\"Zeitraum von\";s:10:\"visibility\";s:7:\"visible\";s:12:\"show_in_list\";i:1;}s:15:\"c_1584637013723\";a:5:{s:4:\"type\";s:7:\"f_popup\";s:5:\"popup\";s:8:\"calendar\";s:5:\"title\";s:12:\"Zeitraum bis\";s:10:\"visibility\";s:7:\"visible\";s:12:\"show_in_list\";i:1;}s:15:\"c_1587291961021\";a:7:{s:4:\"type\";s:7:\"f_popup\";s:5:\"popup\";s:14:\"browser_object\";s:5:\"title\";s:11:\"Diensthandy\";s:10:\"identifier\";s:2:\"18\";s:14:\"multiselection\";i:1;s:10:\"visibility\";s:7:\"visible\";s:12:\"show_in_list\";i:1;}s:15:\"c_1584636865495\";a:4:{s:4:\"type\";s:6:\"f_text\";s:5:\"title\";s:14:\"Erreichbarkeit\";s:10:\"visibility\";s:7:\"visible\";s:12:\"show_in_list\";i:1;}s:15:\"c_1584636865963\";a:5:{s:4:\"type\";s:8:\"f_dialog\";s:5:\"extra\";s:6:\"yes-no\";s:5:\"title\";s:33:\"Homeoffice Regelung unterzeichnet\";s:7:\"default\";s:2:\"-1\";s:12:\"show_in_list\";i:1;}s:15:\"c_1584636996791\";a:3:{s:4:\"type\";s:2:\"hr\";s:5:\"title\";s:19:\"Homeoffice Zeitraum\";s:12:\"show_in_list\";i:0;}s:15:\"c_1584636866405\";a:7:{s:4:\"type\";s:7:\"f_popup\";s:5:\"popup\";s:11:\"dialog_plus\";s:5:\"title\";s:14:\"Internetzugang\";s:10:\"identifier\";s:14:\"Internetzugang\";s:14:\"multiselection\";i:1;s:10:\"visibility\";s:7:\"visible\";s:12:\"show_in_list\";i:1;}s:15:\"c_1584637406191\";a:7:{s:4:\"type\";s:7:\"f_popup\";s:5:\"popup\";s:11:\"dialog_plus\";s:5:\"title\";s:22:\"Ausstattung / Zubeh&#xF6;r\";s:10:\"identifier\";s:11:\"Ausstattung\";s:14:\"multiselection\";i:1;s:10:\"visibility\";s:7:\"visible\";s:12:\"show_in_list\";i:1;}}', 
            isysgui_catg_custom__parent = 0, 
            isysgui_catg_custom__status = 2
            WHERE isysgui_catg_custom__const = 'C__CATG__CUSTOM_FIELDS_HOMEOFFICE'
            LIMIT 1;</exec>
        <exec ident="false">INSERT INTO isysgui_catg_custom SET 
            isysgui_catg_custom__type = 2, 
            isysgui_catg_custom__title = 'Homeoffice', 
            isysgui_catg_custom__config = 'a:9:{s:15:\"c_1584637083304\";a:6:{s:4:\"type\";s:7:\"f_popup\";s:5:\"popup\";s:11:\"dialog_plus\";s:5:\"title\";s:5:\"Dauer\";s:10:\"identifier\";s:8:\"Zeitraum\";s:10:\"visibility\";s:7:\"visible\";s:12:\"show_in_list\";i:1;}s:15:\"c_1584636999843\";a:5:{s:4:\"type\";s:7:\"f_popup\";s:5:\"popup\";s:8:\"calendar\";s:5:\"title\";s:12:\"Zeitraum von\";s:10:\"visibility\";s:7:\"visible\";s:12:\"show_in_list\";i:1;}s:15:\"c_1584637013723\";a:5:{s:4:\"type\";s:7:\"f_popup\";s:5:\"popup\";s:8:\"calendar\";s:5:\"title\";s:12:\"Zeitraum bis\";s:10:\"visibility\";s:7:\"visible\";s:12:\"show_in_list\";i:1;}s:15:\"c_1587291961021\";a:7:{s:4:\"type\";s:7:\"f_popup\";s:5:\"popup\";s:14:\"browser_object\";s:5:\"title\";s:11:\"Diensthandy\";s:10:\"identifier\";s:2:\"18\";s:14:\"multiselection\";i:1;s:10:\"visibility\";s:7:\"visible\";s:12:\"show_in_list\";i:1;}s:15:\"c_1584636865495\";a:4:{s:4:\"type\";s:6:\"f_text\";s:5:\"title\";s:14:\"Erreichbarkeit\";s:10:\"visibility\";s:7:\"visible\";s:12:\"show_in_list\";i:1;}s:15:\"c_1584636865963\";a:5:{s:4:\"type\";s:8:\"f_dialog\";s:5:\"extra\";s:6:\"yes-no\";s:5:\"title\";s:33:\"Homeoffice Regelung unterzeichnet\";s:7:\"default\";s:2:\"-1\";s:12:\"show_in_list\";i:1;}s:15:\"c_1584636996791\";a:3:{s:4:\"type\";s:2:\"hr\";s:5:\"title\";s:19:\"Homeoffice Zeitraum\";s:12:\"show_in_list\";i:0;}s:15:\"c_1584636866405\";a:7:{s:4:\"type\";s:7:\"f_popup\";s:5:\"popup\";s:11:\"dialog_plus\";s:5:\"title\";s:14:\"Internetzugang\";s:10:\"identifier\";s:14:\"Internetzugang\";s:14:\"multiselection\";i:1;s:10:\"visibility\";s:7:\"visible\";s:12:\"show_in_list\";i:1;}s:15:\"c_1584637406191\";a:7:{s:4:\"type\";s:7:\"f_popup\";s:5:\"popup\";s:11:\"dialog_plus\";s:5:\"title\";s:22:\"Ausstattung / Zubeh&#xF6;r\";s:10:\"identifier\";s:11:\"Ausstattung\";s:14:\"multiselection\";i:1;s:10:\"visibility\";s:7:\"visible\";s:12:\"show_in_list\";i:1;}}', 
            isysgui_catg_custom__parent = 0, 
            isysgui_catg_custom__const = 'C__CATG__CUSTOM_FIELDS_HOMEOFFICE', 
            isysgui_catg_custom__status = 2;</exec>
      </sql>
    </query>
    <query>
      <title>Create overview page assignment between object type 'C__HOMEOFFICE__ADDON___MOBILECONTRACT' and global category C__CATG__GLOBAL.</title>
      <check ident="C_VALUE_EXISTS">SELECT * 
                    FROM isys_obj_type_2_isysgui_catg_overview
                    WHERE isys_obj_type__id = (SELECT isys_obj_type__id FROM isys_obj_type WHERE isys_obj_type__const = 'C__HOMEOFFICE__ADDON___MOBILECONTRACT' LIMIT 1)
                    AND isysgui_catg__id = (SELECT isysgui_catg__id FROM isysgui_catg WHERE isysgui_catg__const = 'C__CATG__GLOBAL' LIMIT 1) 
                    LIMIT 1;</check>
      <sql>
        <exec ident="true">UPDATE isys_obj_type_2_isysgui_catg_overview 
                    SET isys_obj_type_2_isysgui_catg_overview__sort = 0
                    WHERE isys_obj_type__id = (SELECT isys_obj_type__id FROM isys_obj_type WHERE isys_obj_type__const = 'C__HOMEOFFICE__ADDON___MOBILECONTRACT' LIMIT 1)
                    AND isysgui_catg__id = (SELECT isysgui_catg__id FROM isysgui_catg WHERE isysgui_catg__const = 'C__CATG__GLOBAL' LIMIT 1);</exec>
        <exec ident="false">INSERT INTO isys_obj_type_2_isysgui_catg_overview 
                    SET isys_obj_type__id = (SELECT isys_obj_type__id FROM isys_obj_type WHERE isys_obj_type__const = 'C__HOMEOFFICE__ADDON___MOBILECONTRACT' LIMIT 1),
                    isysgui_catg__id = (SELECT isysgui_catg__id FROM isysgui_catg WHERE isysgui_catg__const = 'C__CATG__GLOBAL' LIMIT 1),
                    isys_obj_type_2_isysgui_catg_overview__sort = 0;</exec>
      </sql>
    </query>
    <query>
      <title>Create overview page assignment between object type 'C__OBJTYPE__OTHER__DEVICES' and global category C__CATG__GLOBAL.</title>
      <check ident="C_VALUE_EXISTS">SELECT * 
                    FROM isys_obj_type_2_isysgui_catg_overview
                    WHERE isys_obj_type__id = (SELECT isys_obj_type__id FROM isys_obj_type WHERE isys_obj_type__const = 'C__OBJTYPE__OTHER__DEVICES' LIMIT 1)
                    AND isysgui_catg__id = (SELECT isysgui_catg__id FROM isysgui_catg WHERE isysgui_catg__const = 'C__CATG__GLOBAL' LIMIT 1) 
                    LIMIT 1;</check>
      <sql>
        <exec ident="true">UPDATE isys_obj_type_2_isysgui_catg_overview 
                    SET isys_obj_type_2_isysgui_catg_overview__sort = 0
                    WHERE isys_obj_type__id = (SELECT isys_obj_type__id FROM isys_obj_type WHERE isys_obj_type__const = 'C__OBJTYPE__OTHER__DEVICES' LIMIT 1)
                    AND isysgui_catg__id = (SELECT isysgui_catg__id FROM isysgui_catg WHERE isysgui_catg__const = 'C__CATG__GLOBAL' LIMIT 1);</exec>
        <exec ident="false">INSERT INTO isys_obj_type_2_isysgui_catg_overview 
                    SET isys_obj_type__id = (SELECT isys_obj_type__id FROM isys_obj_type WHERE isys_obj_type__const = 'C__OBJTYPE__OTHER__DEVICES' LIMIT 1),
                    isysgui_catg__id = (SELECT isysgui_catg__id FROM isysgui_catg WHERE isysgui_catg__const = 'C__CATG__GLOBAL' LIMIT 1),
                    isys_obj_type_2_isysgui_catg_overview__sort = 0;</exec>
      </sql>
    </query>
    <query>
      <title>Create overview page assignment between object type 'C__OBJTYPE__OTHER__DEVICES' and global category C__CATG__MODEL.</title>
      <check ident="C_VALUE_EXISTS">SELECT * 
                    FROM isys_obj_type_2_isysgui_catg_overview
                    WHERE isys_obj_type__id = (SELECT isys_obj_type__id FROM isys_obj_type WHERE isys_obj_type__const = 'C__OBJTYPE__OTHER__DEVICES' LIMIT 1)
                    AND isysgui_catg__id = (SELECT isysgui_catg__id FROM isysgui_catg WHERE isysgui_catg__const = 'C__CATG__MODEL' LIMIT 1) 
                    LIMIT 1;</check>
      <sql>
        <exec ident="true">UPDATE isys_obj_type_2_isysgui_catg_overview 
                    SET isys_obj_type_2_isysgui_catg_overview__sort = 1
                    WHERE isys_obj_type__id = (SELECT isys_obj_type__id FROM isys_obj_type WHERE isys_obj_type__const = 'C__OBJTYPE__OTHER__DEVICES' LIMIT 1)
                    AND isysgui_catg__id = (SELECT isysgui_catg__id FROM isysgui_catg WHERE isysgui_catg__const = 'C__CATG__MODEL' LIMIT 1);</exec>
        <exec ident="false">INSERT INTO isys_obj_type_2_isysgui_catg_overview 
                    SET isys_obj_type__id = (SELECT isys_obj_type__id FROM isys_obj_type WHERE isys_obj_type__const = 'C__OBJTYPE__OTHER__DEVICES' LIMIT 1),
                    isysgui_catg__id = (SELECT isysgui_catg__id FROM isysgui_catg WHERE isysgui_catg__const = 'C__CATG__MODEL' LIMIT 1),
                    isys_obj_type_2_isysgui_catg_overview__sort = 1;</exec>
      </sql>
    </query>
    <query>
      <title>Create overview page assignment between object type 'C__OBJTYPE__OTHER__DEVICES' and global category C__CATG__ASSIGNED_WORKSTATION.</title>
      <check ident="C_VALUE_EXISTS">SELECT * 
                    FROM isys_obj_type_2_isysgui_catg_overview
                    WHERE isys_obj_type__id = (SELECT isys_obj_type__id FROM isys_obj_type WHERE isys_obj_type__const = 'C__OBJTYPE__OTHER__DEVICES' LIMIT 1)
                    AND isysgui_catg__id = (SELECT isysgui_catg__id FROM isysgui_catg WHERE isysgui_catg__const = 'C__CATG__ASSIGNED_WORKSTATION' LIMIT 1) 
                    LIMIT 1;</check>
      <sql>
        <exec ident="true">UPDATE isys_obj_type_2_isysgui_catg_overview 
                    SET isys_obj_type_2_isysgui_catg_overview__sort = 2
                    WHERE isys_obj_type__id = (SELECT isys_obj_type__id FROM isys_obj_type WHERE isys_obj_type__const = 'C__OBJTYPE__OTHER__DEVICES' LIMIT 1)
                    AND isysgui_catg__id = (SELECT isysgui_catg__id FROM isysgui_catg WHERE isysgui_catg__const = 'C__CATG__ASSIGNED_WORKSTATION' LIMIT 1);</exec>
        <exec ident="false">INSERT INTO isys_obj_type_2_isysgui_catg_overview 
                    SET isys_obj_type__id = (SELECT isys_obj_type__id FROM isys_obj_type WHERE isys_obj_type__const = 'C__OBJTYPE__OTHER__DEVICES' LIMIT 1),
                    isysgui_catg__id = (SELECT isysgui_catg__id FROM isysgui_catg WHERE isysgui_catg__const = 'C__CATG__ASSIGNED_WORKSTATION' LIMIT 1),
                    isys_obj_type_2_isysgui_catg_overview__sort = 2;</exec>
      </sql>
    </query>
    <query>
      <title>Create overview page assignment between object type 'C__OBJTYPE__OTHER__DEVICES' and global category C__CATG__CONTACT.</title>
      <check ident="C_VALUE_EXISTS">SELECT * 
                    FROM isys_obj_type_2_isysgui_catg_overview
                    WHERE isys_obj_type__id = (SELECT isys_obj_type__id FROM isys_obj_type WHERE isys_obj_type__const = 'C__OBJTYPE__OTHER__DEVICES' LIMIT 1)
                    AND isysgui_catg__id = (SELECT isysgui_catg__id FROM isysgui_catg WHERE isysgui_catg__const = 'C__CATG__CONTACT' LIMIT 1) 
                    LIMIT 1;</check>
      <sql>
        <exec ident="true">UPDATE isys_obj_type_2_isysgui_catg_overview 
                    SET isys_obj_type_2_isysgui_catg_overview__sort = 3
                    WHERE isys_obj_type__id = (SELECT isys_obj_type__id FROM isys_obj_type WHERE isys_obj_type__const = 'C__OBJTYPE__OTHER__DEVICES' LIMIT 1)
                    AND isysgui_catg__id = (SELECT isysgui_catg__id FROM isysgui_catg WHERE isysgui_catg__const = 'C__CATG__CONTACT' LIMIT 1);</exec>
        <exec ident="false">INSERT INTO isys_obj_type_2_isysgui_catg_overview 
                    SET isys_obj_type__id = (SELECT isys_obj_type__id FROM isys_obj_type WHERE isys_obj_type__const = 'C__OBJTYPE__OTHER__DEVICES' LIMIT 1),
                    isysgui_catg__id = (SELECT isysgui_catg__id FROM isysgui_catg WHERE isysgui_catg__const = 'C__CATG__CONTACT' LIMIT 1),
                    isys_obj_type_2_isysgui_catg_overview__sort = 3;</exec>
      </sql>
    </query>
    <query>
      <title>Create overview page assignment between object type 'C__OBJTYPE__OTHER__DEVICES' and global category C__CATG__LOCATION.</title>
      <check ident="C_VALUE_EXISTS">SELECT * 
                    FROM isys_obj_type_2_isysgui_catg_overview
                    WHERE isys_obj_type__id = (SELECT isys_obj_type__id FROM isys_obj_type WHERE isys_obj_type__const = 'C__OBJTYPE__OTHER__DEVICES' LIMIT 1)
                    AND isysgui_catg__id = (SELECT isysgui_catg__id FROM isysgui_catg WHERE isysgui_catg__const = 'C__CATG__LOCATION' LIMIT 1) 
                    LIMIT 1;</check>
      <sql>
        <exec ident="true">UPDATE isys_obj_type_2_isysgui_catg_overview 
                    SET isys_obj_type_2_isysgui_catg_overview__sort = 4
                    WHERE isys_obj_type__id = (SELECT isys_obj_type__id FROM isys_obj_type WHERE isys_obj_type__const = 'C__OBJTYPE__OTHER__DEVICES' LIMIT 1)
                    AND isysgui_catg__id = (SELECT isysgui_catg__id FROM isysgui_catg WHERE isysgui_catg__const = 'C__CATG__LOCATION' LIMIT 1);</exec>
        <exec ident="false">INSERT INTO isys_obj_type_2_isysgui_catg_overview 
                    SET isys_obj_type__id = (SELECT isys_obj_type__id FROM isys_obj_type WHERE isys_obj_type__const = 'C__OBJTYPE__OTHER__DEVICES' LIMIT 1),
                    isysgui_catg__id = (SELECT isysgui_catg__id FROM isysgui_catg WHERE isysgui_catg__const = 'C__CATG__LOCATION' LIMIT 1),
                    isys_obj_type_2_isysgui_catg_overview__sort = 4;</exec>
      </sql>
    </query>
    <query>
      <title>Create report 'Applikationszugriff'.</title>
      <check ident="C_VALUE_EXISTS">SELECT isys_report__id FROM isys_report WHERE isys_report__const = 'C__APPLIKATIONSZUGRIFF' LIMIT 1;</check>
      <sql>
        <exec ident="true">UPDATE isys_report SET 
            isys_report__title = 'Applikationszugriff', 
            isys_report__description = '', 
            isys_report__query = 'SELECT \nobj_main.isys_obj__id AS \'__id__\', \nobj_main.isys_obj__title AS \'LC__UNIVERSAL__TITLE###1\', \nj3.isys_dialog_plus_custom__title AS \'Zugriff &#xFC;ber###24\', \nj5.isys_obj__title AS \'Server###24\', \nj6.isys_catg_custom_fields_list__field_content AS \'URL-Intern###24\', \nj7.isys_catg_custom_fields_list__field_content AS \'URL-Extern###24\' \n\n FROM isys_obj AS obj_main \nINNER JOIN isys_cmdb_status AS obj_main_status ON obj_main_status.isys_cmdb_status__id = obj_main.isys_obj__isys_cmdb_status__id \nLEFT JOIN isys_catg_custom_fields_list AS ROOT_C__CATG__CUSTOM_FIELDS_APPLIKATIONSZUGRIFF ON obj_main.isys_obj__id = ROOT_C__CATG__CUSTOM_FIELDS_APPLIKATIONSZUGRIFF.isys_catg_custom_fields_list__isys_obj__id\n                                AND ROOT_C__CATG__CUSTOM_FIELDS_APPLIKATIONSZUGRIFF.isys_catg_custom_fields_list__isysgui_catg_custom__id = (SELECT isysgui_catg_custom__id FROM isysgui_catg_custom WHERE isysgui_catg_custom__const = \'C__CATG__CUSTOM_FIELDS_APPLIKATIONSZUGRIFF\')\n                                AND ROOT_C__CATG__CUSTOM_FIELDS_APPLIKATIONSZUGRIFF.isys_catg_custom_fields_list__field_type = \'commentary\'  LEFT JOIN isys_catg_custom_fields_list AS j2 ON obj_main.isys_obj__id = j2.isys_catg_custom_fields_list__isys_obj__id AND j2.isys_catg_custom_fields_list__field_key = \'c_1584639404646\' \n                                AND j2.isys_catg_custom_fields_list__data__id = ROOT_C__CATG__CUSTOM_FIELDS_APPLIKATIONSZUGRIFF.isys_catg_custom_fields_list__data__id  \n LEFT JOIN isys_dialog_plus_custom AS j3 ON j2.isys_catg_custom_fields_list__field_content = j3.isys_dialog_plus_custom__id  \n LEFT JOIN isys_catg_custom_fields_list AS j4 ON obj_main.isys_obj__id = j4.isys_catg_custom_fields_list__isys_obj__id AND j4.isys_catg_custom_fields_list__field_key = \'c_1584639419469\'  AND j4.isys_catg_custom_fields_list__data__id = ROOT_C__CATG__CUSTOM_FIELDS_APPLIKATIONSZUGRIFF.isys_catg_custom_fields_list__data__id  \n LEFT JOIN isys_obj AS j5 ON j4.isys_catg_custom_fields_list__field_content = j5.isys_obj__id  \n LEFT JOIN isys_catg_custom_fields_list AS j6 ON obj_main.isys_obj__id = j6.isys_catg_custom_fields_list__isys_obj__id AND j6.isys_catg_custom_fields_list__field_key = \'c_1584639828084\'  AND j6.isys_catg_custom_fields_list__data__id = ROOT_C__CATG__CUSTOM_FIELDS_APPLIKATIONSZUGRIFF.isys_catg_custom_fields_list__data__id  \n LEFT JOIN isys_catg_custom_fields_list AS j7 ON obj_main.isys_obj__id = j7.isys_catg_custom_fields_list__isys_obj__id AND j7.isys_catg_custom_fields_list__field_key = \'c_1584721109659\'  AND j7.isys_catg_custom_fields_list__data__id = ROOT_C__CATG__CUSTOM_FIELDS_APPLIKATIONSZUGRIFF.isys_catg_custom_fields_list__data__id  \nLEFT JOIN isys_obj_type AS j8 ON j8.isys_obj_type__id = obj_main.isys_obj__isys_obj_type__id \n\nWHERE TRUE \n AND  ( (j8.isys_obj_type__id != \'60\' ) AND (j8.isys_obj_type__id != \'63\' ) ) AND ( (j8.isys_obj_type__id = \'2\' ) )\n ORDER BY obj_main.isys_obj__title DESC', 
            isys_report__query_row = '', 
            isys_report__last_edited = NOW(), 
            isys_report__user_specific = 0, 
            isys_report__querybuilder_data = '{\"main_object\":[{\"g\":{\"C__CATG__GLOBAL\":[\"title\"]}},{\"g_custom\":{\"C__CATG__CUSTOM_FIELDS_APPLIKATIONSZUGRIFF\":[\"f_popup_c_1584639404646\"]}},{\"g_custom\":{\"C__CATG__CUSTOM_FIELDS_APPLIKATIONSZUGRIFF\":[\"f_popup_c_1584639419469\"]}},{\"g_custom\":{\"C__CATG__CUSTOM_FIELDS_APPLIKATIONSZUGRIFF\":[\"f_link_c_1584639828084\"]}},{\"g_custom\":{\"C__CATG__CUSTOM_FIELDS_APPLIKATIONSZUGRIFF\":[\"f_link_c_1584721109659\"]}}],\"lvls\":null,\"conditions\":{\"2\":[{\"category\":\"C__CATG__GLOBAL\",\"property\":\"C__CATG__GLOBAL-type\",\"comparison\":\"=\",\"value\":\"2\"}]},\"default_sorting\":null,\"sorting_direction\":\"DESC\",\"statusFilter\":\"0\"}', 
            isys_report__isys_report_category__id = NULL, 
            isys_report__empty_values = 1, 
            isys_report__display_relations = 0, 
            isys_report__category_report = 0, 
            isys_report__compressed_multivalue_results = 0,
            isys_report__show_html = 0
            WHERE isys_report__const = 'C__APPLIKATIONSZUGRIFF'
            LIMIT 1;</exec>
        <exec ident="false">INSERT INTO isys_report SET 
            isys_report__title = 'Applikationszugriff', 
            isys_report__description = '', 
            isys_report__query = 'SELECT \nobj_main.isys_obj__id AS \'__id__\', \nobj_main.isys_obj__title AS \'LC__UNIVERSAL__TITLE###1\', \nj3.isys_dialog_plus_custom__title AS \'Zugriff &#xFC;ber###24\', \nj5.isys_obj__title AS \'Server###24\', \nj6.isys_catg_custom_fields_list__field_content AS \'URL-Intern###24\', \nj7.isys_catg_custom_fields_list__field_content AS \'URL-Extern###24\' \n\n FROM isys_obj AS obj_main \nINNER JOIN isys_cmdb_status AS obj_main_status ON obj_main_status.isys_cmdb_status__id = obj_main.isys_obj__isys_cmdb_status__id \nLEFT JOIN isys_catg_custom_fields_list AS ROOT_C__CATG__CUSTOM_FIELDS_APPLIKATIONSZUGRIFF ON obj_main.isys_obj__id = ROOT_C__CATG__CUSTOM_FIELDS_APPLIKATIONSZUGRIFF.isys_catg_custom_fields_list__isys_obj__id\n                                AND ROOT_C__CATG__CUSTOM_FIELDS_APPLIKATIONSZUGRIFF.isys_catg_custom_fields_list__isysgui_catg_custom__id = (SELECT isysgui_catg_custom__id FROM isysgui_catg_custom WHERE isysgui_catg_custom__const = \'C__CATG__CUSTOM_FIELDS_APPLIKATIONSZUGRIFF\')\n                                AND ROOT_C__CATG__CUSTOM_FIELDS_APPLIKATIONSZUGRIFF.isys_catg_custom_fields_list__field_type = \'commentary\'  LEFT JOIN isys_catg_custom_fields_list AS j2 ON obj_main.isys_obj__id = j2.isys_catg_custom_fields_list__isys_obj__id AND j2.isys_catg_custom_fields_list__field_key = \'c_1584639404646\' \n                                AND j2.isys_catg_custom_fields_list__data__id = ROOT_C__CATG__CUSTOM_FIELDS_APPLIKATIONSZUGRIFF.isys_catg_custom_fields_list__data__id  \n LEFT JOIN isys_dialog_plus_custom AS j3 ON j2.isys_catg_custom_fields_list__field_content = j3.isys_dialog_plus_custom__id  \n LEFT JOIN isys_catg_custom_fields_list AS j4 ON obj_main.isys_obj__id = j4.isys_catg_custom_fields_list__isys_obj__id AND j4.isys_catg_custom_fields_list__field_key = \'c_1584639419469\'  AND j4.isys_catg_custom_fields_list__data__id = ROOT_C__CATG__CUSTOM_FIELDS_APPLIKATIONSZUGRIFF.isys_catg_custom_fields_list__data__id  \n LEFT JOIN isys_obj AS j5 ON j4.isys_catg_custom_fields_list__field_content = j5.isys_obj__id  \n LEFT JOIN isys_catg_custom_fields_list AS j6 ON obj_main.isys_obj__id = j6.isys_catg_custom_fields_list__isys_obj__id AND j6.isys_catg_custom_fields_list__field_key = \'c_1584639828084\'  AND j6.isys_catg_custom_fields_list__data__id = ROOT_C__CATG__CUSTOM_FIELDS_APPLIKATIONSZUGRIFF.isys_catg_custom_fields_list__data__id  \n LEFT JOIN isys_catg_custom_fields_list AS j7 ON obj_main.isys_obj__id = j7.isys_catg_custom_fields_list__isys_obj__id AND j7.isys_catg_custom_fields_list__field_key = \'c_1584721109659\'  AND j7.isys_catg_custom_fields_list__data__id = ROOT_C__CATG__CUSTOM_FIELDS_APPLIKATIONSZUGRIFF.isys_catg_custom_fields_list__data__id  \nLEFT JOIN isys_obj_type AS j8 ON j8.isys_obj_type__id = obj_main.isys_obj__isys_obj_type__id \n\nWHERE TRUE \n AND  ( (j8.isys_obj_type__id != \'60\' ) AND (j8.isys_obj_type__id != \'63\' ) ) AND ( (j8.isys_obj_type__id = \'2\' ) )\n ORDER BY obj_main.isys_obj__title DESC', 
            isys_report__query_row = '', 
            isys_report__datetime = NOW(), 
            isys_report__last_edited = NOW(), 
            isys_report__type = 'c', 
            isys_report__user_specific = 0, 
            isys_report__querybuilder_data = '{\"main_object\":[{\"g\":{\"C__CATG__GLOBAL\":[\"title\"]}},{\"g_custom\":{\"C__CATG__CUSTOM_FIELDS_APPLIKATIONSZUGRIFF\":[\"f_popup_c_1584639404646\"]}},{\"g_custom\":{\"C__CATG__CUSTOM_FIELDS_APPLIKATIONSZUGRIFF\":[\"f_popup_c_1584639419469\"]}},{\"g_custom\":{\"C__CATG__CUSTOM_FIELDS_APPLIKATIONSZUGRIFF\":[\"f_link_c_1584639828084\"]}},{\"g_custom\":{\"C__CATG__CUSTOM_FIELDS_APPLIKATIONSZUGRIFF\":[\"f_link_c_1584721109659\"]}}],\"lvls\":null,\"conditions\":{\"2\":[{\"category\":\"C__CATG__GLOBAL\",\"property\":\"C__CATG__GLOBAL-type\",\"comparison\":\"=\",\"value\":\"2\"}]},\"default_sorting\":null,\"sorting_direction\":\"DESC\",\"statusFilter\":\"0\"}', 
            isys_report__isys_report_category__id = NULL, 
            isys_report__empty_values = 1, 
            isys_report__display_relations = 0, 
            isys_report__category_report = 0, 
            isys_report__const = 'C__APPLIKATIONSZUGRIFF', 
            isys_report__compressed_multivalue_results = 0,
            isys_report__show_html = 0;</exec>
      </sql>
    </query>
    <query>
      <title>Create report 'Homeoffice - Diensthandys und Mobilfunkvertr&#xE4;ge'.</title>
      <check ident="C_VALUE_EXISTS">SELECT isys_report__id FROM isys_report WHERE isys_report__const = 'C__HOMEOFFICE_DIENSTHANDYS' LIMIT 1;</check>
      <sql>
        <exec ident="true">UPDATE isys_report SET 
            isys_report__title = 'Homeoffice - Diensthandys und Mobilfunkvertr&#xE4;ge', 
            isys_report__description = '', 
            isys_report__query = 'SELECT \nobj_main.isys_obj__id AS \'__id__\', \nobj_main.isys_obj__title AS \'LC__UNIVERSAL__TITLE###1\', \nj4.isys_catg_custom_fields_list__field_content AS \'Erreichbarkeit###25\', \nj9.isys_obj__title AS \'LC__UNIVERSAL__TITLE#LC__CMDB__CATG__CONTRACT_ASSIGNMENT__CONNECTED_CONTRACT#Diensthandy###1\', \nj18.isys_cats_contract_list__start_date AS \'isys_cmdb_dao_category_s_contract::dynamic_property_callback_start::isys_cats_contract_list__start_date::LC__CMDB__CATS__CONTRACT__START_DATE#LC__CMDB__CATG__CONTRACT_ASSIGNMENT__CONNECTED_CONTRACT#Diensthandy###81\', \nj18.isys_cats_contract_list__end_date AS \'isys_cmdb_dao_category_s_contract::dynamic_property_callback_end::isys_cats_contract_list__end_date::LC__CMDB__CATS__CONTRACT__END_DATE#LC__CMDB__CATG__CONTRACT_ASSIGNMENT__CONNECTED_CONTRACT#Diensthandy###81\', \nj11.isys_dialog_plus_custom__title AS \'Telephone Flatrate / Minutes#LC__CMDB__CATG__CONTRACT_ASSIGNMENT__CONNECTED_CONTRACT#Diensthandy###5\', \nj13.isys_dialog_plus_custom__title AS \'SMS Flat / Texts#LC__CMDB__CATG__CONTRACT_ASSIGNMENT__CONNECTED_CONTRACT#Diensthandy###5\', \nj15.isys_dialog_plus_custom__title AS \'EU-Flat#LC__CMDB__CATG__CONTRACT_ASSIGNMENT__CONNECTED_CONTRACT#Diensthandy###5\', \nj17.isys_dialog_plus_custom__title AS \'Data volume#LC__CMDB__CATG__CONTRACT_ASSIGNMENT__CONNECTED_CONTRACT#Diensthandy###5\' \n\n FROM isys_obj AS obj_main \nINNER JOIN isys_cmdb_status AS obj_main_status ON obj_main_status.isys_cmdb_status__id = obj_main.isys_obj__isys_cmdb_status__id \nLEFT JOIN isys_catg_custom_fields_list AS ROOT_C__CATG__CUSTOM_FIELDS_HOMEOFFICE ON obj_main.isys_obj__id = ROOT_C__CATG__CUSTOM_FIELDS_HOMEOFFICE.isys_catg_custom_fields_list__isys_obj__id\n                                AND ROOT_C__CATG__CUSTOM_FIELDS_HOMEOFFICE.isys_catg_custom_fields_list__isysgui_catg_custom__id = (SELECT isysgui_catg_custom__id FROM isysgui_catg_custom WHERE isysgui_catg_custom__const = \'C__CATG__CUSTOM_FIELDS_HOMEOFFICE\')\n                                AND ROOT_C__CATG__CUSTOM_FIELDS_HOMEOFFICE.isys_catg_custom_fields_list__field_type = \'commentary\'  LEFT JOIN isys_catg_custom_fields_list AS j2 ON obj_main.isys_obj__id = j2.isys_catg_custom_fields_list__isys_obj__id AND j2.isys_catg_custom_fields_list__field_key = \'c_1587291961021\' \n                                AND j2.isys_catg_custom_fields_list__data__id = ROOT_C__CATG__CUSTOM_FIELDS_HOMEOFFICE.isys_catg_custom_fields_list__data__id  \n LEFT JOIN isys_obj AS j3 ON j2.isys_catg_custom_fields_list__field_content = j3.isys_obj__id  \n LEFT JOIN isys_catg_custom_fields_list AS j4 ON obj_main.isys_obj__id = j4.isys_catg_custom_fields_list__isys_obj__id AND j4.isys_catg_custom_fields_list__field_key = \'c_1584636865495\'  AND j4.isys_catg_custom_fields_list__data__id = ROOT_C__CATG__CUSTOM_FIELDS_HOMEOFFICE.isys_catg_custom_fields_list__data__id  \nLEFT JOIN isys_catg_contract_assignment_list AS j7 ON j7.isys_catg_contract_assignment_list__isys_obj__id = j3.isys_obj__id  \nLEFT JOIN isys_connection AS j5 ON j5.isys_connection__id = j7.isys_catg_contract_assignment_list__isys_connection__id \nLEFT JOIN isys_obj AS job5 ON j5.isys_connection__isys_obj__id = job5.isys_obj__id \nLEFT JOIN isys_obj AS j9 ON j9.isys_obj__id = job5.isys_obj__id \nLEFT JOIN isys_catg_custom_fields_list AS 1492__601__C__CATG__CUSTOM_FIELDS_MOBILE_CONDITIONS ON job5.isys_obj__id = 1492__601__C__CATG__CUSTOM_FIELDS_MOBILE_CONDITIONS.isys_catg_custom_fields_list__isys_obj__id\n                                AND 1492__601__C__CATG__CUSTOM_FIELDS_MOBILE_CONDITIONS.isys_catg_custom_fields_list__isysgui_catg_custom__id = (SELECT isysgui_catg_custom__id FROM isysgui_catg_custom WHERE isysgui_catg_custom__const = \'C__CATG__CUSTOM_FIELDS_MOBILE_CONDITIONS\')\n                                AND 1492__601__C__CATG__CUSTOM_FIELDS_MOBILE_CONDITIONS.isys_catg_custom_fields_list__field_type = \'commentary\'  LEFT JOIN isys_catg_custom_fields_list AS j10 ON job5.isys_obj__id = j10.isys_catg_custom_fields_list__isys_obj__id AND j10.isys_catg_custom_fields_list__field_key = \'c_1587295118309\' \n                                AND j10.isys_catg_custom_fields_list__data__id = 1492__601__C__CATG__CUSTOM_FIELDS_MOBILE_CONDITIONS.isys_catg_custom_fields_list__data__id   \nLEFT JOIN isys_dialog_plus_custom AS j11 ON j10.isys_catg_custom_fields_list__field_content = j11.isys_dialog_plus_custom__id  \n LEFT JOIN isys_catg_custom_fields_list AS j12 ON job5.isys_obj__id = j12.isys_catg_custom_fields_list__isys_obj__id AND j12.isys_catg_custom_fields_list__field_key = \'c_1587295118820\'  AND j12.isys_catg_custom_fields_list__data__id = 1492__601__C__CATG__CUSTOM_FIELDS_MOBILE_CONDITIONS.isys_catg_custom_fields_list__data__id   \nLEFT JOIN isys_dialog_plus_custom AS j13 ON j12.isys_catg_custom_fields_list__field_content = j13.isys_dialog_plus_custom__id  \n LEFT JOIN isys_catg_custom_fields_list AS j14 ON job5.isys_obj__id = j14.isys_catg_custom_fields_list__isys_obj__id AND j14.isys_catg_custom_fields_list__field_key = \'c_1587295119384\'  AND j14.isys_catg_custom_fields_list__data__id = 1492__601__C__CATG__CUSTOM_FIELDS_MOBILE_CONDITIONS.isys_catg_custom_fields_list__data__id   \nLEFT JOIN isys_dialog_plus_custom AS j15 ON j14.isys_catg_custom_fields_list__field_content = j15.isys_dialog_plus_custom__id  \n LEFT JOIN isys_catg_custom_fields_list AS j16 ON job5.isys_obj__id = j16.isys_catg_custom_fields_list__isys_obj__id AND j16.isys_catg_custom_fields_list__field_key = \'c_1561211617652\'  AND j16.isys_catg_custom_fields_list__data__id = 1492__601__C__CATG__CUSTOM_FIELDS_MOBILE_CONDITIONS.isys_catg_custom_fields_list__data__id   \nLEFT JOIN isys_dialog_plus_custom AS j17 ON j16.isys_catg_custom_fields_list__field_content = j17.isys_dialog_plus_custom__id  \nLEFT JOIN isys_cats_contract_list AS j18 ON j18.isys_cats_contract_list__isys_obj__id = job5.isys_obj__id  \nLEFT JOIN isys_obj AS j19 ON j19.isys_obj__id = job5.isys_obj__id \nLEFT JOIN isys_obj_type AS j20 ON j20.isys_obj_type__id = obj_main.isys_obj__isys_obj_type__id \n\nWHERE TRUE \n AND  ( (j20.isys_obj_type__id != \'60\' ) AND (j20.isys_obj_type__id != \'63\' ) ) AND ( (j20.isys_obj_type__id = \'53\' ) )\n ORDER BY obj_main.isys_obj__title DESC', 
            isys_report__query_row = '', 
            isys_report__last_edited = NOW(), 
            isys_report__user_specific = 0, 
            isys_report__querybuilder_data = '{\"main_object\":[{\"g\":{\"C__CATG__GLOBAL\":[\"title\"]}},{\"g_custom\":{\"C__CATG__CUSTOM_FIELDS_HOMEOFFICE\":[\"f_text_c_1584636865495\"]}},{\"g_custom\":{\"C__CATG__CUSTOM_FIELDS_HOMEOFFICE\":[\"f_popup_c_1587291961021\"]}}],\"lvls\":{\"1\":{\"C__CATG__CUSTOM_FIELDS_HOMEOFFICE-f_popup_c_1587291961021\":[{\"g\":{\"C__CATG__CONTRACT_ASSIGNMENT\":[\"connected_contract\"]}}]},\"2\":{\"C__CATG__CUSTOM_FIELDS_HOMEOFFICE-f_popup_c_1587291961021--C__CATG__CONTRACT_ASSIGNMENT-connected_contract\":[{\"g\":{\"C__CATG__GLOBAL\":[\"title\"]}},{\"s\":{\"C__CATS__CONTRACT\":[\"_start_date\"]}},{\"s\":{\"C__CATS__CONTRACT\":[\"_end_date\"]}},{\"g_custom\":{\"C__CATG__CUSTOM_FIELDS_MOBILE_CONDITIONS\":[\"f_popup_c_1587295118309\"]}},{\"g_custom\":{\"C__CATG__CUSTOM_FIELDS_MOBILE_CONDITIONS\":[\"f_popup_c_1587295118820\"]}},{\"g_custom\":{\"C__CATG__CUSTOM_FIELDS_MOBILE_CONDITIONS\":[\"f_popup_c_1587295119384\"]}},{\"g_custom\":{\"C__CATG__CUSTOM_FIELDS_MOBILE_CONDITIONS\":[\"f_popup_c_1561211617652\"]}}]}},\"conditions\":{\"2\":[{\"category\":\"C__CATG__GLOBAL\",\"property\":\"C__CATG__GLOBAL-type\",\"comparison\":\"=\",\"value\":\"53\"}]},\"default_sorting\":null,\"sorting_direction\":\"DESC\",\"statusFilter\":\"0\"}', 
            isys_report__isys_report_category__id = NULL, 
            isys_report__empty_values = 1, 
            isys_report__display_relations = 0, 
            isys_report__category_report = 0, 
            isys_report__compressed_multivalue_results = 0,
            isys_report__show_html = 0
            WHERE isys_report__const = 'C__HOMEOFFICE_DIENSTHANDYS'
            LIMIT 1;</exec>
        <exec ident="false">INSERT INTO isys_report SET 
            isys_report__title = 'Homeoffice - Diensthandys und Mobilfunkvertr&#xE4;ge', 
            isys_report__description = '', 
            isys_report__query = 'SELECT \nobj_main.isys_obj__id AS \'__id__\', \nobj_main.isys_obj__title AS \'LC__UNIVERSAL__TITLE###1\', \nj4.isys_catg_custom_fields_list__field_content AS \'Erreichbarkeit###25\', \nj9.isys_obj__title AS \'LC__UNIVERSAL__TITLE#LC__CMDB__CATG__CONTRACT_ASSIGNMENT__CONNECTED_CONTRACT#Diensthandy###1\', \nj18.isys_cats_contract_list__start_date AS \'isys_cmdb_dao_category_s_contract::dynamic_property_callback_start::isys_cats_contract_list__start_date::LC__CMDB__CATS__CONTRACT__START_DATE#LC__CMDB__CATG__CONTRACT_ASSIGNMENT__CONNECTED_CONTRACT#Diensthandy###81\', \nj18.isys_cats_contract_list__end_date AS \'isys_cmdb_dao_category_s_contract::dynamic_property_callback_end::isys_cats_contract_list__end_date::LC__CMDB__CATS__CONTRACT__END_DATE#LC__CMDB__CATG__CONTRACT_ASSIGNMENT__CONNECTED_CONTRACT#Diensthandy###81\', \nj11.isys_dialog_plus_custom__title AS \'Telephone Flatrate / Minutes#LC__CMDB__CATG__CONTRACT_ASSIGNMENT__CONNECTED_CONTRACT#Diensthandy###5\', \nj13.isys_dialog_plus_custom__title AS \'SMS Flat / Texts#LC__CMDB__CATG__CONTRACT_ASSIGNMENT__CONNECTED_CONTRACT#Diensthandy###5\', \nj15.isys_dialog_plus_custom__title AS \'EU-Flat#LC__CMDB__CATG__CONTRACT_ASSIGNMENT__CONNECTED_CONTRACT#Diensthandy###5\', \nj17.isys_dialog_plus_custom__title AS \'Data volume#LC__CMDB__CATG__CONTRACT_ASSIGNMENT__CONNECTED_CONTRACT#Diensthandy###5\' \n\n FROM isys_obj AS obj_main \nINNER JOIN isys_cmdb_status AS obj_main_status ON obj_main_status.isys_cmdb_status__id = obj_main.isys_obj__isys_cmdb_status__id \nLEFT JOIN isys_catg_custom_fields_list AS ROOT_C__CATG__CUSTOM_FIELDS_HOMEOFFICE ON obj_main.isys_obj__id = ROOT_C__CATG__CUSTOM_FIELDS_HOMEOFFICE.isys_catg_custom_fields_list__isys_obj__id\n                                AND ROOT_C__CATG__CUSTOM_FIELDS_HOMEOFFICE.isys_catg_custom_fields_list__isysgui_catg_custom__id = (SELECT isysgui_catg_custom__id FROM isysgui_catg_custom WHERE isysgui_catg_custom__const = \'C__CATG__CUSTOM_FIELDS_HOMEOFFICE\')\n                                AND ROOT_C__CATG__CUSTOM_FIELDS_HOMEOFFICE.isys_catg_custom_fields_list__field_type = \'commentary\'  LEFT JOIN isys_catg_custom_fields_list AS j2 ON obj_main.isys_obj__id = j2.isys_catg_custom_fields_list__isys_obj__id AND j2.isys_catg_custom_fields_list__field_key = \'c_1587291961021\' \n                                AND j2.isys_catg_custom_fields_list__data__id = ROOT_C__CATG__CUSTOM_FIELDS_HOMEOFFICE.isys_catg_custom_fields_list__data__id  \n LEFT JOIN isys_obj AS j3 ON j2.isys_catg_custom_fields_list__field_content = j3.isys_obj__id  \n LEFT JOIN isys_catg_custom_fields_list AS j4 ON obj_main.isys_obj__id = j4.isys_catg_custom_fields_list__isys_obj__id AND j4.isys_catg_custom_fields_list__field_key = \'c_1584636865495\'  AND j4.isys_catg_custom_fields_list__data__id = ROOT_C__CATG__CUSTOM_FIELDS_HOMEOFFICE.isys_catg_custom_fields_list__data__id  \nLEFT JOIN isys_catg_contract_assignment_list AS j7 ON j7.isys_catg_contract_assignment_list__isys_obj__id = j3.isys_obj__id  \nLEFT JOIN isys_connection AS j5 ON j5.isys_connection__id = j7.isys_catg_contract_assignment_list__isys_connection__id \nLEFT JOIN isys_obj AS job5 ON j5.isys_connection__isys_obj__id = job5.isys_obj__id \nLEFT JOIN isys_obj AS j9 ON j9.isys_obj__id = job5.isys_obj__id \nLEFT JOIN isys_catg_custom_fields_list AS 1492__601__C__CATG__CUSTOM_FIELDS_MOBILE_CONDITIONS ON job5.isys_obj__id = 1492__601__C__CATG__CUSTOM_FIELDS_MOBILE_CONDITIONS.isys_catg_custom_fields_list__isys_obj__id\n                                AND 1492__601__C__CATG__CUSTOM_FIELDS_MOBILE_CONDITIONS.isys_catg_custom_fields_list__isysgui_catg_custom__id = (SELECT isysgui_catg_custom__id FROM isysgui_catg_custom WHERE isysgui_catg_custom__const = \'C__CATG__CUSTOM_FIELDS_MOBILE_CONDITIONS\')\n                                AND 1492__601__C__CATG__CUSTOM_FIELDS_MOBILE_CONDITIONS.isys_catg_custom_fields_list__field_type = \'commentary\'  LEFT JOIN isys_catg_custom_fields_list AS j10 ON job5.isys_obj__id = j10.isys_catg_custom_fields_list__isys_obj__id AND j10.isys_catg_custom_fields_list__field_key = \'c_1587295118309\' \n                                AND j10.isys_catg_custom_fields_list__data__id = 1492__601__C__CATG__CUSTOM_FIELDS_MOBILE_CONDITIONS.isys_catg_custom_fields_list__data__id   \nLEFT JOIN isys_dialog_plus_custom AS j11 ON j10.isys_catg_custom_fields_list__field_content = j11.isys_dialog_plus_custom__id  \n LEFT JOIN isys_catg_custom_fields_list AS j12 ON job5.isys_obj__id = j12.isys_catg_custom_fields_list__isys_obj__id AND j12.isys_catg_custom_fields_list__field_key = \'c_1587295118820\'  AND j12.isys_catg_custom_fields_list__data__id = 1492__601__C__CATG__CUSTOM_FIELDS_MOBILE_CONDITIONS.isys_catg_custom_fields_list__data__id   \nLEFT JOIN isys_dialog_plus_custom AS j13 ON j12.isys_catg_custom_fields_list__field_content = j13.isys_dialog_plus_custom__id  \n LEFT JOIN isys_catg_custom_fields_list AS j14 ON job5.isys_obj__id = j14.isys_catg_custom_fields_list__isys_obj__id AND j14.isys_catg_custom_fields_list__field_key = \'c_1587295119384\'  AND j14.isys_catg_custom_fields_list__data__id = 1492__601__C__CATG__CUSTOM_FIELDS_MOBILE_CONDITIONS.isys_catg_custom_fields_list__data__id   \nLEFT JOIN isys_dialog_plus_custom AS j15 ON j14.isys_catg_custom_fields_list__field_content = j15.isys_dialog_plus_custom__id  \n LEFT JOIN isys_catg_custom_fields_list AS j16 ON job5.isys_obj__id = j16.isys_catg_custom_fields_list__isys_obj__id AND j16.isys_catg_custom_fields_list__field_key = \'c_1561211617652\'  AND j16.isys_catg_custom_fields_list__data__id = 1492__601__C__CATG__CUSTOM_FIELDS_MOBILE_CONDITIONS.isys_catg_custom_fields_list__data__id   \nLEFT JOIN isys_dialog_plus_custom AS j17 ON j16.isys_catg_custom_fields_list__field_content = j17.isys_dialog_plus_custom__id  \nLEFT JOIN isys_cats_contract_list AS j18 ON j18.isys_cats_contract_list__isys_obj__id = job5.isys_obj__id  \nLEFT JOIN isys_obj AS j19 ON j19.isys_obj__id = job5.isys_obj__id \nLEFT JOIN isys_obj_type AS j20 ON j20.isys_obj_type__id = obj_main.isys_obj__isys_obj_type__id \n\nWHERE TRUE \n AND  ( (j20.isys_obj_type__id != \'60\' ) AND (j20.isys_obj_type__id != \'63\' ) ) AND ( (j20.isys_obj_type__id = \'53\' ) )\n ORDER BY obj_main.isys_obj__title DESC', 
            isys_report__query_row = '', 
            isys_report__datetime = NOW(), 
            isys_report__last_edited = NOW(), 
            isys_report__type = 'c', 
            isys_report__user_specific = 0, 
            isys_report__querybuilder_data = '{\"main_object\":[{\"g\":{\"C__CATG__GLOBAL\":[\"title\"]}},{\"g_custom\":{\"C__CATG__CUSTOM_FIELDS_HOMEOFFICE\":[\"f_text_c_1584636865495\"]}},{\"g_custom\":{\"C__CATG__CUSTOM_FIELDS_HOMEOFFICE\":[\"f_popup_c_1587291961021\"]}}],\"lvls\":{\"1\":{\"C__CATG__CUSTOM_FIELDS_HOMEOFFICE-f_popup_c_1587291961021\":[{\"g\":{\"C__CATG__CONTRACT_ASSIGNMENT\":[\"connected_contract\"]}}]},\"2\":{\"C__CATG__CUSTOM_FIELDS_HOMEOFFICE-f_popup_c_1587291961021--C__CATG__CONTRACT_ASSIGNMENT-connected_contract\":[{\"g\":{\"C__CATG__GLOBAL\":[\"title\"]}},{\"s\":{\"C__CATS__CONTRACT\":[\"_start_date\"]}},{\"s\":{\"C__CATS__CONTRACT\":[\"_end_date\"]}},{\"g_custom\":{\"C__CATG__CUSTOM_FIELDS_MOBILE_CONDITIONS\":[\"f_popup_c_1587295118309\"]}},{\"g_custom\":{\"C__CATG__CUSTOM_FIELDS_MOBILE_CONDITIONS\":[\"f_popup_c_1587295118820\"]}},{\"g_custom\":{\"C__CATG__CUSTOM_FIELDS_MOBILE_CONDITIONS\":[\"f_popup_c_1587295119384\"]}},{\"g_custom\":{\"C__CATG__CUSTOM_FIELDS_MOBILE_CONDITIONS\":[\"f_popup_c_1561211617652\"]}}]}},\"conditions\":{\"2\":[{\"category\":\"C__CATG__GLOBAL\",\"property\":\"C__CATG__GLOBAL-type\",\"comparison\":\"=\",\"value\":\"53\"}]},\"default_sorting\":null,\"sorting_direction\":\"DESC\",\"statusFilter\":\"0\"}', 
            isys_report__isys_report_category__id = NULL, 
            isys_report__empty_values = 1, 
            isys_report__display_relations = 0, 
            isys_report__category_report = 0, 
            isys_report__const = 'C__HOMEOFFICE_DIENSTHANDYS', 
            isys_report__compressed_multivalue_results = 0,
            isys_report__show_html = 0;</exec>
      </sql>
    </query>
    <query>
      <title>Create report 'Homeoffice - VPN'.</title>
      <check ident="C_VALUE_EXISTS">SELECT isys_report__id FROM isys_report WHERE isys_report__const = 'C__HOMEOFFICE_GERATE' LIMIT 1;</check>
      <sql>
        <exec ident="true">UPDATE isys_report SET 
            isys_report__title = 'Homeoffice - VPN', 
            isys_report__description = '', 
            isys_report__query = 'SELECT \nobj_main.isys_obj__id AS \'__id__\', \nobj_main.isys_obj__title AS \'LC__UNIVERSAL__TITLE###1\', \nj3.isys_dialog_plus_custom__title AS \'VPN###22\', \nj5.isys_obj__title AS \'VPN Server###22\', \nj7.isys_obj__title AS \'VPN-Netzwerk###22\', \nj9.isys_dialog_plus_custom__title AS \'VPN-Authentifizierung###22\', \nj11.isys_obj__title AS \'Zertifikat###22\' \n\n FROM isys_obj AS obj_main \nINNER JOIN isys_cmdb_status AS obj_main_status ON obj_main_status.isys_cmdb_status__id = obj_main.isys_obj__isys_cmdb_status__id \nLEFT JOIN isys_catg_custom_fields_list AS ROOT_C__CATG__CUSTOM_FIELDS_HOMEOFFICE_VPN ON obj_main.isys_obj__id = ROOT_C__CATG__CUSTOM_FIELDS_HOMEOFFICE_VPN.isys_catg_custom_fields_list__isys_obj__id\n                                AND ROOT_C__CATG__CUSTOM_FIELDS_HOMEOFFICE_VPN.isys_catg_custom_fields_list__isysgui_catg_custom__id = (SELECT isysgui_catg_custom__id FROM isysgui_catg_custom WHERE isysgui_catg_custom__const = \'C__CATG__CUSTOM_FIELDS_HOMEOFFICE_VPN\')\n                                AND ROOT_C__CATG__CUSTOM_FIELDS_HOMEOFFICE_VPN.isys_catg_custom_fields_list__field_type = \'commentary\'  LEFT JOIN isys_catg_custom_fields_list AS j2 ON obj_main.isys_obj__id = j2.isys_catg_custom_fields_list__isys_obj__id AND j2.isys_catg_custom_fields_list__field_key = \'c_1584551928479\' \n                                AND j2.isys_catg_custom_fields_list__data__id = ROOT_C__CATG__CUSTOM_FIELDS_HOMEOFFICE_VPN.isys_catg_custom_fields_list__data__id  \n LEFT JOIN isys_dialog_plus_custom AS j3 ON j2.isys_catg_custom_fields_list__field_content = j3.isys_dialog_plus_custom__id  \n LEFT JOIN isys_catg_custom_fields_list AS j4 ON obj_main.isys_obj__id = j4.isys_catg_custom_fields_list__isys_obj__id AND j4.isys_catg_custom_fields_list__field_key = \'c_1584634590640\'  AND j4.isys_catg_custom_fields_list__data__id = ROOT_C__CATG__CUSTOM_FIELDS_HOMEOFFICE_VPN.isys_catg_custom_fields_list__data__id  \n LEFT JOIN isys_obj AS j5 ON j4.isys_catg_custom_fields_list__field_content = j5.isys_obj__id  \n LEFT JOIN isys_catg_custom_fields_list AS j6 ON obj_main.isys_obj__id = j6.isys_catg_custom_fields_list__isys_obj__id AND j6.isys_catg_custom_fields_list__field_key = \'c_1584634602408\'  AND j6.isys_catg_custom_fields_list__data__id = ROOT_C__CATG__CUSTOM_FIELDS_HOMEOFFICE_VPN.isys_catg_custom_fields_list__data__id  \n LEFT JOIN isys_obj AS j7 ON j6.isys_catg_custom_fields_list__field_content = j7.isys_obj__id  \n LEFT JOIN isys_catg_custom_fields_list AS j8 ON obj_main.isys_obj__id = j8.isys_catg_custom_fields_list__isys_obj__id AND j8.isys_catg_custom_fields_list__field_key = \'c_1584638969335\'  AND j8.isys_catg_custom_fields_list__data__id = ROOT_C__CATG__CUSTOM_FIELDS_HOMEOFFICE_VPN.isys_catg_custom_fields_list__data__id  \n LEFT JOIN isys_dialog_plus_custom AS j9 ON j8.isys_catg_custom_fields_list__field_content = j9.isys_dialog_plus_custom__id  \n LEFT JOIN isys_catg_custom_fields_list AS j10 ON obj_main.isys_obj__id = j10.isys_catg_custom_fields_list__isys_obj__id AND j10.isys_catg_custom_fields_list__field_key = \'c_1584649316242\'  AND j10.isys_catg_custom_fields_list__data__id = ROOT_C__CATG__CUSTOM_FIELDS_HOMEOFFICE_VPN.isys_catg_custom_fields_list__data__id  \n LEFT JOIN isys_obj AS j11 ON j10.isys_catg_custom_fields_list__field_content = j11.isys_obj__id  \nLEFT JOIN isys_obj_type AS j12 ON j12.isys_obj_type__id = obj_main.isys_obj__isys_obj_type__id \n\nWHERE TRUE \n AND  ( (j12.isys_obj_type__id != \'60\' ) AND (j12.isys_obj_type__id != \'63\' ) ) AND ( (j12.isys_obj_type__id = \'53\' ) )\n ORDER BY obj_main.isys_obj__title DESC', 
            isys_report__query_row = '', 
            isys_report__last_edited = NOW(), 
            isys_report__user_specific = 0, 
            isys_report__querybuilder_data = '{\"main_object\":[{\"g\":{\"C__CATG__GLOBAL\":[\"title\"]}},{\"g_custom\":{\"C__CATG__CUSTOM_FIELDS_HOMEOFFICE_VPN\":[\"f_popup_c_1584551928479\"]}},{\"g_custom\":{\"C__CATG__CUSTOM_FIELDS_HOMEOFFICE_VPN\":[\"f_popup_c_1584634590640\"]}},{\"g_custom\":{\"C__CATG__CUSTOM_FIELDS_HOMEOFFICE_VPN\":[\"f_popup_c_1584634602408\"]}},{\"g_custom\":{\"C__CATG__CUSTOM_FIELDS_HOMEOFFICE_VPN\":[\"f_popup_c_1584638969335\"]}},{\"g_custom\":{\"C__CATG__CUSTOM_FIELDS_HOMEOFFICE_VPN\":[\"f_popup_c_1584649316242\"]}}],\"lvls\":null,\"conditions\":{\"2\":[{\"category\":\"C__CATG__GLOBAL\",\"property\":\"C__CATG__GLOBAL-type\",\"comparison\":\"=\",\"value\":\"53\"}]},\"default_sorting\":null,\"sorting_direction\":\"DESC\",\"statusFilter\":\"0\"}', 
            isys_report__isys_report_category__id = NULL, 
            isys_report__empty_values = 1, 
            isys_report__display_relations = 0, 
            isys_report__category_report = 0, 
            isys_report__compressed_multivalue_results = 0,
            isys_report__show_html = 0
            WHERE isys_report__const = 'C__HOMEOFFICE_GERATE'
            LIMIT 1;</exec>
        <exec ident="false">INSERT INTO isys_report SET 
            isys_report__title = 'Homeoffice - VPN', 
            isys_report__description = '', 
            isys_report__query = 'SELECT \nobj_main.isys_obj__id AS \'__id__\', \nobj_main.isys_obj__title AS \'LC__UNIVERSAL__TITLE###1\', \nj3.isys_dialog_plus_custom__title AS \'VPN###22\', \nj5.isys_obj__title AS \'VPN Server###22\', \nj7.isys_obj__title AS \'VPN-Netzwerk###22\', \nj9.isys_dialog_plus_custom__title AS \'VPN-Authentifizierung###22\', \nj11.isys_obj__title AS \'Zertifikat###22\' \n\n FROM isys_obj AS obj_main \nINNER JOIN isys_cmdb_status AS obj_main_status ON obj_main_status.isys_cmdb_status__id = obj_main.isys_obj__isys_cmdb_status__id \nLEFT JOIN isys_catg_custom_fields_list AS ROOT_C__CATG__CUSTOM_FIELDS_HOMEOFFICE_VPN ON obj_main.isys_obj__id = ROOT_C__CATG__CUSTOM_FIELDS_HOMEOFFICE_VPN.isys_catg_custom_fields_list__isys_obj__id\n                                AND ROOT_C__CATG__CUSTOM_FIELDS_HOMEOFFICE_VPN.isys_catg_custom_fields_list__isysgui_catg_custom__id = (SELECT isysgui_catg_custom__id FROM isysgui_catg_custom WHERE isysgui_catg_custom__const = \'C__CATG__CUSTOM_FIELDS_HOMEOFFICE_VPN\')\n                                AND ROOT_C__CATG__CUSTOM_FIELDS_HOMEOFFICE_VPN.isys_catg_custom_fields_list__field_type = \'commentary\'  LEFT JOIN isys_catg_custom_fields_list AS j2 ON obj_main.isys_obj__id = j2.isys_catg_custom_fields_list__isys_obj__id AND j2.isys_catg_custom_fields_list__field_key = \'c_1584551928479\' \n                                AND j2.isys_catg_custom_fields_list__data__id = ROOT_C__CATG__CUSTOM_FIELDS_HOMEOFFICE_VPN.isys_catg_custom_fields_list__data__id  \n LEFT JOIN isys_dialog_plus_custom AS j3 ON j2.isys_catg_custom_fields_list__field_content = j3.isys_dialog_plus_custom__id  \n LEFT JOIN isys_catg_custom_fields_list AS j4 ON obj_main.isys_obj__id = j4.isys_catg_custom_fields_list__isys_obj__id AND j4.isys_catg_custom_fields_list__field_key = \'c_1584634590640\'  AND j4.isys_catg_custom_fields_list__data__id = ROOT_C__CATG__CUSTOM_FIELDS_HOMEOFFICE_VPN.isys_catg_custom_fields_list__data__id  \n LEFT JOIN isys_obj AS j5 ON j4.isys_catg_custom_fields_list__field_content = j5.isys_obj__id  \n LEFT JOIN isys_catg_custom_fields_list AS j6 ON obj_main.isys_obj__id = j6.isys_catg_custom_fields_list__isys_obj__id AND j6.isys_catg_custom_fields_list__field_key = \'c_1584634602408\'  AND j6.isys_catg_custom_fields_list__data__id = ROOT_C__CATG__CUSTOM_FIELDS_HOMEOFFICE_VPN.isys_catg_custom_fields_list__data__id  \n LEFT JOIN isys_obj AS j7 ON j6.isys_catg_custom_fields_list__field_content = j7.isys_obj__id  \n LEFT JOIN isys_catg_custom_fields_list AS j8 ON obj_main.isys_obj__id = j8.isys_catg_custom_fields_list__isys_obj__id AND j8.isys_catg_custom_fields_list__field_key = \'c_1584638969335\'  AND j8.isys_catg_custom_fields_list__data__id = ROOT_C__CATG__CUSTOM_FIELDS_HOMEOFFICE_VPN.isys_catg_custom_fields_list__data__id  \n LEFT JOIN isys_dialog_plus_custom AS j9 ON j8.isys_catg_custom_fields_list__field_content = j9.isys_dialog_plus_custom__id  \n LEFT JOIN isys_catg_custom_fields_list AS j10 ON obj_main.isys_obj__id = j10.isys_catg_custom_fields_list__isys_obj__id AND j10.isys_catg_custom_fields_list__field_key = \'c_1584649316242\'  AND j10.isys_catg_custom_fields_list__data__id = ROOT_C__CATG__CUSTOM_FIELDS_HOMEOFFICE_VPN.isys_catg_custom_fields_list__data__id  \n LEFT JOIN isys_obj AS j11 ON j10.isys_catg_custom_fields_list__field_content = j11.isys_obj__id  \nLEFT JOIN isys_obj_type AS j12 ON j12.isys_obj_type__id = obj_main.isys_obj__isys_obj_type__id \n\nWHERE TRUE \n AND  ( (j12.isys_obj_type__id != \'60\' ) AND (j12.isys_obj_type__id != \'63\' ) ) AND ( (j12.isys_obj_type__id = \'53\' ) )\n ORDER BY obj_main.isys_obj__title DESC', 
            isys_report__query_row = '', 
            isys_report__datetime = NOW(), 
            isys_report__last_edited = NOW(), 
            isys_report__type = 'c', 
            isys_report__user_specific = 0, 
            isys_report__querybuilder_data = '{\"main_object\":[{\"g\":{\"C__CATG__GLOBAL\":[\"title\"]}},{\"g_custom\":{\"C__CATG__CUSTOM_FIELDS_HOMEOFFICE_VPN\":[\"f_popup_c_1584551928479\"]}},{\"g_custom\":{\"C__CATG__CUSTOM_FIELDS_HOMEOFFICE_VPN\":[\"f_popup_c_1584634590640\"]}},{\"g_custom\":{\"C__CATG__CUSTOM_FIELDS_HOMEOFFICE_VPN\":[\"f_popup_c_1584634602408\"]}},{\"g_custom\":{\"C__CATG__CUSTOM_FIELDS_HOMEOFFICE_VPN\":[\"f_popup_c_1584638969335\"]}},{\"g_custom\":{\"C__CATG__CUSTOM_FIELDS_HOMEOFFICE_VPN\":[\"f_popup_c_1584649316242\"]}}],\"lvls\":null,\"conditions\":{\"2\":[{\"category\":\"C__CATG__GLOBAL\",\"property\":\"C__CATG__GLOBAL-type\",\"comparison\":\"=\",\"value\":\"53\"}]},\"default_sorting\":null,\"sorting_direction\":\"DESC\",\"statusFilter\":\"0\"}', 
            isys_report__isys_report_category__id = NULL, 
            isys_report__empty_values = 1, 
            isys_report__display_relations = 0, 
            isys_report__category_report = 0, 
            isys_report__const = 'C__HOMEOFFICE_GERATE', 
            isys_report__compressed_multivalue_results = 0,
            isys_report__show_html = 0;</exec>
      </sql>
    </query>
    <query>
      <title>Create report 'Homeoffice - Mitarbeiter'.</title>
      <check ident="C_VALUE_EXISTS">SELECT isys_report__id FROM isys_report WHERE isys_report__const = 'C__HOMEOFFICE1' LIMIT 1;</check>
      <sql>
        <exec ident="true">UPDATE isys_report SET 
            isys_report__title = 'Homeoffice - Mitarbeiter', 
            isys_report__description = '', 
            isys_report__query = 'SELECT \nobj_main.isys_obj__id AS \'__id__\', \nobj_main.isys_obj__title AS \'LC__UNIVERSAL__TITLE###1\', \nj3.isys_dialog_plus_custom__title AS \'Dauer###25\', \nj4.isys_catg_custom_fields_list__field_content AS \'locales::fmt_date::Zeitraum von###25\', \nj5.isys_catg_custom_fields_list__field_content AS \'locales::fmt_date::Zeitraum bis###25\', \nj7.isys_obj__title AS \'Diensthandy###25\', \nj8.isys_catg_custom_fields_list__field_content AS \'Erreichbarkeit###25\', \nj9.isys_catg_custom_fields_list__field_content AS \'Homeoffice Regelung unterzeichnet###25\' \n\n FROM isys_obj AS obj_main \nINNER JOIN isys_cmdb_status AS obj_main_status ON obj_main_status.isys_cmdb_status__id = obj_main.isys_obj__isys_cmdb_status__id \nLEFT JOIN isys_catg_custom_fields_list AS ROOT_C__CATG__CUSTOM_FIELDS_HOMEOFFICE ON obj_main.isys_obj__id = ROOT_C__CATG__CUSTOM_FIELDS_HOMEOFFICE.isys_catg_custom_fields_list__isys_obj__id\n                                AND ROOT_C__CATG__CUSTOM_FIELDS_HOMEOFFICE.isys_catg_custom_fields_list__isysgui_catg_custom__id = (SELECT isysgui_catg_custom__id FROM isysgui_catg_custom WHERE isysgui_catg_custom__const = \'C__CATG__CUSTOM_FIELDS_HOMEOFFICE\')\n                                AND ROOT_C__CATG__CUSTOM_FIELDS_HOMEOFFICE.isys_catg_custom_fields_list__field_type = \'commentary\'  LEFT JOIN isys_catg_custom_fields_list AS j2 ON obj_main.isys_obj__id = j2.isys_catg_custom_fields_list__isys_obj__id AND j2.isys_catg_custom_fields_list__field_key = \'c_1584637083304\' \n                                AND j2.isys_catg_custom_fields_list__data__id = ROOT_C__CATG__CUSTOM_FIELDS_HOMEOFFICE.isys_catg_custom_fields_list__data__id  \n LEFT JOIN isys_dialog_plus_custom AS j3 ON j2.isys_catg_custom_fields_list__field_content = j3.isys_dialog_plus_custom__id  \n LEFT JOIN isys_catg_custom_fields_list AS j4 ON obj_main.isys_obj__id = j4.isys_catg_custom_fields_list__isys_obj__id AND j4.isys_catg_custom_fields_list__field_key = \'c_1584636999843\'  AND j4.isys_catg_custom_fields_list__data__id = ROOT_C__CATG__CUSTOM_FIELDS_HOMEOFFICE.isys_catg_custom_fields_list__data__id  \n LEFT JOIN isys_catg_custom_fields_list AS j5 ON obj_main.isys_obj__id = j5.isys_catg_custom_fields_list__isys_obj__id AND j5.isys_catg_custom_fields_list__field_key = \'c_1584637013723\'  AND j5.isys_catg_custom_fields_list__data__id = ROOT_C__CATG__CUSTOM_FIELDS_HOMEOFFICE.isys_catg_custom_fields_list__data__id  \n LEFT JOIN isys_catg_custom_fields_list AS j6 ON obj_main.isys_obj__id = j6.isys_catg_custom_fields_list__isys_obj__id AND j6.isys_catg_custom_fields_list__field_key = \'c_1587291961021\'  AND j6.isys_catg_custom_fields_list__data__id = ROOT_C__CATG__CUSTOM_FIELDS_HOMEOFFICE.isys_catg_custom_fields_list__data__id  \n LEFT JOIN isys_obj AS j7 ON j6.isys_catg_custom_fields_list__field_content = j7.isys_obj__id  \n LEFT JOIN isys_catg_custom_fields_list AS j8 ON obj_main.isys_obj__id = j8.isys_catg_custom_fields_list__isys_obj__id AND j8.isys_catg_custom_fields_list__field_key = \'c_1584636865495\'  AND j8.isys_catg_custom_fields_list__data__id = ROOT_C__CATG__CUSTOM_FIELDS_HOMEOFFICE.isys_catg_custom_fields_list__data__id  \n LEFT JOIN isys_catg_custom_fields_list AS j9 ON obj_main.isys_obj__id = j9.isys_catg_custom_fields_list__isys_obj__id AND j9.isys_catg_custom_fields_list__field_key = \'c_1584636865963\'  AND j9.isys_catg_custom_fields_list__data__id = ROOT_C__CATG__CUSTOM_FIELDS_HOMEOFFICE.isys_catg_custom_fields_list__data__id  \nLEFT JOIN isys_obj_type AS j10 ON j10.isys_obj_type__id = obj_main.isys_obj__isys_obj_type__id \n\nWHERE TRUE \n AND  ( (j10.isys_obj_type__id != \'60\' ) AND (j10.isys_obj_type__id != \'63\' ) ) AND ( (j3.isys_dialog_plus_custom__id != \'-1\'  AND j3.isys_dialog_plus_custom__id  IS NOT  NULL ) )\n ORDER BY obj_main.isys_obj__title DESC', 
            isys_report__query_row = '', 
            isys_report__last_edited = NOW(), 
            isys_report__user_specific = 0, 
            isys_report__querybuilder_data = '{\"main_object\":[{\"g\":{\"C__CATG__GLOBAL\":[\"title\"]}},{\"g_custom\":{\"C__CATG__CUSTOM_FIELDS_HOMEOFFICE\":[\"f_popup_c_1584637083304\"]}},{\"g_custom\":{\"C__CATG__CUSTOM_FIELDS_HOMEOFFICE\":[\"f_popup_c_1584636999843\"]}},{\"g_custom\":{\"C__CATG__CUSTOM_FIELDS_HOMEOFFICE\":[\"f_popup_c_1584637013723\"]}},{\"g_custom\":{\"C__CATG__CUSTOM_FIELDS_HOMEOFFICE\":[\"f_popup_c_1587291961021\"]}},{\"g_custom\":{\"C__CATG__CUSTOM_FIELDS_HOMEOFFICE\":[\"f_text_c_1584636865495\"]}},{\"g_custom\":{\"C__CATG__CUSTOM_FIELDS_HOMEOFFICE\":[\"f_dialog_c_1584636865963\"]}}],\"lvls\":{\"1\":{\"C__CATG__CUSTOM_FIELDS_HOMEOFFICE-f_popup_c_1587291961021\":[]}},\"conditions\":{\"2\":[{\"category\":\"C__CATG__CUSTOM_FIELDS_HOMEOFFICE\",\"property\":\"C__CATG__CUSTOM_FIELDS_HOMEOFFICE-f_popup_c_1584637083304\",\"comparison\":\"!=\",\"value\":\"-1\"}]},\"default_sorting\":null,\"sorting_direction\":\"DESC\",\"statusFilter\":\"0\"}', 
            isys_report__isys_report_category__id = NULL, 
            isys_report__empty_values = 1, 
            isys_report__display_relations = 0, 
            isys_report__category_report = 0, 
            isys_report__compressed_multivalue_results = 0,
            isys_report__show_html = 0
            WHERE isys_report__const = 'C__HOMEOFFICE1'
            LIMIT 1;</exec>
        <exec ident="false">INSERT INTO isys_report SET 
            isys_report__title = 'Homeoffice - Mitarbeiter', 
            isys_report__description = '', 
            isys_report__query = 'SELECT \nobj_main.isys_obj__id AS \'__id__\', \nobj_main.isys_obj__title AS \'LC__UNIVERSAL__TITLE###1\', \nj3.isys_dialog_plus_custom__title AS \'Dauer###25\', \nj4.isys_catg_custom_fields_list__field_content AS \'locales::fmt_date::Zeitraum von###25\', \nj5.isys_catg_custom_fields_list__field_content AS \'locales::fmt_date::Zeitraum bis###25\', \nj7.isys_obj__title AS \'Diensthandy###25\', \nj8.isys_catg_custom_fields_list__field_content AS \'Erreichbarkeit###25\', \nj9.isys_catg_custom_fields_list__field_content AS \'Homeoffice Regelung unterzeichnet###25\' \n\n FROM isys_obj AS obj_main \nINNER JOIN isys_cmdb_status AS obj_main_status ON obj_main_status.isys_cmdb_status__id = obj_main.isys_obj__isys_cmdb_status__id \nLEFT JOIN isys_catg_custom_fields_list AS ROOT_C__CATG__CUSTOM_FIELDS_HOMEOFFICE ON obj_main.isys_obj__id = ROOT_C__CATG__CUSTOM_FIELDS_HOMEOFFICE.isys_catg_custom_fields_list__isys_obj__id\n                                AND ROOT_C__CATG__CUSTOM_FIELDS_HOMEOFFICE.isys_catg_custom_fields_list__isysgui_catg_custom__id = (SELECT isysgui_catg_custom__id FROM isysgui_catg_custom WHERE isysgui_catg_custom__const = \'C__CATG__CUSTOM_FIELDS_HOMEOFFICE\')\n                                AND ROOT_C__CATG__CUSTOM_FIELDS_HOMEOFFICE.isys_catg_custom_fields_list__field_type = \'commentary\'  LEFT JOIN isys_catg_custom_fields_list AS j2 ON obj_main.isys_obj__id = j2.isys_catg_custom_fields_list__isys_obj__id AND j2.isys_catg_custom_fields_list__field_key = \'c_1584637083304\' \n                                AND j2.isys_catg_custom_fields_list__data__id = ROOT_C__CATG__CUSTOM_FIELDS_HOMEOFFICE.isys_catg_custom_fields_list__data__id  \n LEFT JOIN isys_dialog_plus_custom AS j3 ON j2.isys_catg_custom_fields_list__field_content = j3.isys_dialog_plus_custom__id  \n LEFT JOIN isys_catg_custom_fields_list AS j4 ON obj_main.isys_obj__id = j4.isys_catg_custom_fields_list__isys_obj__id AND j4.isys_catg_custom_fields_list__field_key = \'c_1584636999843\'  AND j4.isys_catg_custom_fields_list__data__id = ROOT_C__CATG__CUSTOM_FIELDS_HOMEOFFICE.isys_catg_custom_fields_list__data__id  \n LEFT JOIN isys_catg_custom_fields_list AS j5 ON obj_main.isys_obj__id = j5.isys_catg_custom_fields_list__isys_obj__id AND j5.isys_catg_custom_fields_list__field_key = \'c_1584637013723\'  AND j5.isys_catg_custom_fields_list__data__id = ROOT_C__CATG__CUSTOM_FIELDS_HOMEOFFICE.isys_catg_custom_fields_list__data__id  \n LEFT JOIN isys_catg_custom_fields_list AS j6 ON obj_main.isys_obj__id = j6.isys_catg_custom_fields_list__isys_obj__id AND j6.isys_catg_custom_fields_list__field_key = \'c_1587291961021\'  AND j6.isys_catg_custom_fields_list__data__id = ROOT_C__CATG__CUSTOM_FIELDS_HOMEOFFICE.isys_catg_custom_fields_list__data__id  \n LEFT JOIN isys_obj AS j7 ON j6.isys_catg_custom_fields_list__field_content = j7.isys_obj__id  \n LEFT JOIN isys_catg_custom_fields_list AS j8 ON obj_main.isys_obj__id = j8.isys_catg_custom_fields_list__isys_obj__id AND j8.isys_catg_custom_fields_list__field_key = \'c_1584636865495\'  AND j8.isys_catg_custom_fields_list__data__id = ROOT_C__CATG__CUSTOM_FIELDS_HOMEOFFICE.isys_catg_custom_fields_list__data__id  \n LEFT JOIN isys_catg_custom_fields_list AS j9 ON obj_main.isys_obj__id = j9.isys_catg_custom_fields_list__isys_obj__id AND j9.isys_catg_custom_fields_list__field_key = \'c_1584636865963\'  AND j9.isys_catg_custom_fields_list__data__id = ROOT_C__CATG__CUSTOM_FIELDS_HOMEOFFICE.isys_catg_custom_fields_list__data__id  \nLEFT JOIN isys_obj_type AS j10 ON j10.isys_obj_type__id = obj_main.isys_obj__isys_obj_type__id \n\nWHERE TRUE \n AND  ( (j10.isys_obj_type__id != \'60\' ) AND (j10.isys_obj_type__id != \'63\' ) ) AND ( (j3.isys_dialog_plus_custom__id != \'-1\'  AND j3.isys_dialog_plus_custom__id  IS NOT  NULL ) )\n ORDER BY obj_main.isys_obj__title DESC', 
            isys_report__query_row = '', 
            isys_report__datetime = NOW(), 
            isys_report__last_edited = NOW(), 
            isys_report__type = 'c', 
            isys_report__user_specific = 0, 
            isys_report__querybuilder_data = '{\"main_object\":[{\"g\":{\"C__CATG__GLOBAL\":[\"title\"]}},{\"g_custom\":{\"C__CATG__CUSTOM_FIELDS_HOMEOFFICE\":[\"f_popup_c_1584637083304\"]}},{\"g_custom\":{\"C__CATG__CUSTOM_FIELDS_HOMEOFFICE\":[\"f_popup_c_1584636999843\"]}},{\"g_custom\":{\"C__CATG__CUSTOM_FIELDS_HOMEOFFICE\":[\"f_popup_c_1584637013723\"]}},{\"g_custom\":{\"C__CATG__CUSTOM_FIELDS_HOMEOFFICE\":[\"f_popup_c_1587291961021\"]}},{\"g_custom\":{\"C__CATG__CUSTOM_FIELDS_HOMEOFFICE\":[\"f_text_c_1584636865495\"]}},{\"g_custom\":{\"C__CATG__CUSTOM_FIELDS_HOMEOFFICE\":[\"f_dialog_c_1584636865963\"]}}],\"lvls\":{\"1\":{\"C__CATG__CUSTOM_FIELDS_HOMEOFFICE-f_popup_c_1587291961021\":[]}},\"conditions\":{\"2\":[{\"category\":\"C__CATG__CUSTOM_FIELDS_HOMEOFFICE\",\"property\":\"C__CATG__CUSTOM_FIELDS_HOMEOFFICE-f_popup_c_1584637083304\",\"comparison\":\"!=\",\"value\":\"-1\"}]},\"default_sorting\":null,\"sorting_direction\":\"DESC\",\"statusFilter\":\"0\"}', 
            isys_report__isys_report_category__id = NULL, 
            isys_report__empty_values = 1, 
            isys_report__display_relations = 0, 
            isys_report__category_report = 0, 
            isys_report__const = 'C__HOMEOFFICE1', 
            isys_report__compressed_multivalue_results = 0,
            isys_report__show_html = 0;</exec>
      </sql>
    </query>
    <query>
      <title>Create CSV import profile 'device-import (devices.csv)'.</title>
      <check ident="C_VALUE_EXISTS">SELECT isys_csv_profile__id FROM isys_csv_profile WHERE isys_csv_profile__title = 'device-import (devices.csv)' LIMIT 1;</check>
      <sql>
        <exec ident="true">UPDATE isys_csv_profile SET 
            isys_csv_profile__title = 'device-import (devices.csv)', 
            isys_csv_profile__data = '{\"globalObjectType\":\"-1\",\"separator\":\";\",\"headlines\":true,\"defaultTemplate\":true,\"singlevalueOverwriteEmptyValues\":\"0\",\"multivalue\":\"column\",\"multivalueUpdateMode\":\"m_untouched\",\"assignments\":[{\"category\":\"\",\"property\":\"\"},{\"category\":\"object_title\",\"property\":\"\"},{\"category\":\"C__CATG__MODEL\",\"property\":\"serial\"},{\"category\":\"C__CATG__ASSIGNED_WORKSTATION\",\"property\":\"parent\",\"object_type\":\"C__OBJTYPE__WORKSTATION\",\"create_object\":true},{\"category\":\"object_type_dynamic\",\"property\":\"\"}],\"identificationKeys\":[{\"csvIdent\":\"2\",\"localIdent\":\"modelSerial\"}],\"identificationCounter\":\"1\",\"additionalPropertySearch\":[]}'
            WHERE isys_csv_profile__title LIKE 'device-import (devices.csv)'
            LIMIT 1;</exec>
        <exec ident="false">INSERT INTO isys_csv_profile SET 
            isys_csv_profile__title = 'device-import (devices.csv)', 
            isys_csv_profile__data = '{\"globalObjectType\":\"-1\",\"separator\":\";\",\"headlines\":true,\"defaultTemplate\":true,\"singlevalueOverwriteEmptyValues\":\"0\",\"multivalue\":\"column\",\"multivalueUpdateMode\":\"m_untouched\",\"assignments\":[{\"category\":\"\",\"property\":\"\"},{\"category\":\"object_title\",\"property\":\"\"},{\"category\":\"C__CATG__MODEL\",\"property\":\"serial\"},{\"category\":\"C__CATG__ASSIGNED_WORKSTATION\",\"property\":\"parent\",\"object_type\":\"C__OBJTYPE__WORKSTATION\",\"create_object\":true},{\"category\":\"object_type_dynamic\",\"property\":\"\"}],\"identificationKeys\":[{\"csvIdent\":\"2\",\"localIdent\":\"modelSerial\"}],\"identificationCounter\":\"1\",\"additionalPropertySearch\":[]}';</exec>
      </sql>
    </query>
    <query>
      <title>Create CSV import profile 'staff-import (staff.csv)'.</title>
      <check ident="C_VALUE_EXISTS">SELECT isys_csv_profile__id FROM isys_csv_profile WHERE isys_csv_profile__title = 'staff-import (staff.csv)' LIMIT 1;</check>
      <sql>
        <exec ident="true">UPDATE isys_csv_profile SET 
            isys_csv_profile__title = 'staff-import (staff.csv)', 
            isys_csv_profile__data = '{\"globalObjectType\":\"C__OBJTYPE__PERSON\",\"separator\":\";\",\"headlines\":true,\"defaultTemplate\":true,\"singlevalueOverwriteEmptyValues\":\"0\",\"multivalue\":\"column\",\"multivalueUpdateMode\":\"m_untouched\",\"assignments\":[{\"category\":\"object_title\",\"property\":\"\"},{\"category\":\"C__CATS__PERSON\",\"property\":\"last_name\"},{\"category\":\"C__CATS__PERSON\",\"property\":\"first_name\",\"object_type\":\"-1\",\"create_object\":false},{\"category\":\"C__CATS__PERSON_LOGIN\",\"property\":\"title\",\"object_type\":\"-1\",\"create_object\":true},{\"category\":\"C__CATG__PERSON_ASSIGNED_WORKSTATION\",\"property\":\"assigned_workstations\",\"object_type\":\"C__OBJTYPE__WORKSTATION\",\"create_object\":true},{\"category\":\"C__CATS__PERSON\",\"property\":\"mail\"},{\"category\":\"C__CATS__PERSON\",\"property\":\"phone_company\"},{\"category\":\"C__CATS__PERSON\",\"property\":\"phone_mobile\"}],\"identificationKeys\":[{\"csvIdent\":\"3\",\"localIdent\":\"username\"}],\"identificationCounter\":\"1\",\"additionalPropertySearch\":[]}'
            WHERE isys_csv_profile__title LIKE 'staff-import (staff.csv)'
            LIMIT 1;</exec>
        <exec ident="false">INSERT INTO isys_csv_profile SET 
            isys_csv_profile__title = 'staff-import (staff.csv)', 
            isys_csv_profile__data = '{\"globalObjectType\":\"C__OBJTYPE__PERSON\",\"separator\":\";\",\"headlines\":true,\"defaultTemplate\":true,\"singlevalueOverwriteEmptyValues\":\"0\",\"multivalue\":\"column\",\"multivalueUpdateMode\":\"m_untouched\",\"assignments\":[{\"category\":\"object_title\",\"property\":\"\"},{\"category\":\"C__CATS__PERSON\",\"property\":\"last_name\"},{\"category\":\"C__CATS__PERSON\",\"property\":\"first_name\",\"object_type\":\"-1\",\"create_object\":false},{\"category\":\"C__CATS__PERSON_LOGIN\",\"property\":\"title\",\"object_type\":\"-1\",\"create_object\":true},{\"category\":\"C__CATG__PERSON_ASSIGNED_WORKSTATION\",\"property\":\"assigned_workstations\",\"object_type\":\"C__OBJTYPE__WORKSTATION\",\"create_object\":true},{\"category\":\"C__CATS__PERSON\",\"property\":\"mail\"},{\"category\":\"C__CATS__PERSON\",\"property\":\"phone_company\"},{\"category\":\"C__CATS__PERSON\",\"property\":\"phone_mobile\"}],\"identificationKeys\":[{\"csvIdent\":\"3\",\"localIdent\":\"username\"}],\"identificationCounter\":\"1\",\"additionalPropertySearch\":[]}';</exec>
      </sql>
    </query>
  </queries>
</isys>
