<?xml version="1.0" encoding="UTF-8"?>
<!DOCTYPE isys [
	<!ELEMENT isys (info|queries)*>
	<!ELEMENT info (title|version|requirement|directory|revision|release)*>
	<!ELEMENT title (#PCDATA)>
	<!ELEMENT version (#PCDATA)>
	<!ELEMENT requirement (revision|version)*>
	<!ELEMENT revision (#PCDATA)>
	<!ELEMENT directory (#PCDATA)>
	<!ELEMENT release (#PCDATA)>
	<!ELEMENT queries (query)*>
	<!ELEMENT query (id|title|check|errmsg|sql)*>
	<!ELEMENT id (#PCDATA)>
	<!ELEMENT check (#PCDATA)>
	<!ATTLIST check ident CDATA #REQUIRED>
	<!ELEMENT errmsg (#PCDATA)>
	<!ELEMENT sql (exec)*>
	<!ELEMENT exec (#PCDATA)>
	<!ATTLIST exec ident CDATA #REQUIRED>
	]>
<isys>
	<info>
		<title>Events</title>
		<version>1.0</version>
		<release>2018-05-03</release>
	</info>
	<queries>

		<query>
			<title>Creating table "isys_event"</title>
			<check ident="C_CREATE_TABLE">isys_event</check>
			<sql>
				<exec ident="false">
					CREATE TABLE IF NOT EXISTS `isys_event` (
					`isys_event__id` int(10) unsigned NOT NULL AUTO_INCREMENT,
					`isys_event__isys_module__id` int(10) unsigned NOT NULL COMMENT 'module id',
					`isys_event__identifier` varchar(100) COLLATE utf8_unicode_ci NOT NULL,
					`isys_event__handler` varchar(200) COLLATE utf8_unicode_ci NOT NULL,
					`isys_event__title` varchar(100) COLLATE utf8_unicode_ci NOT NULL,
					`isys_event__description` text COLLATE utf8_unicode_ci NOT NULL,
					`isys_event__status` int(1) NOT NULL DEFAULT '2',
					PRIMARY KEY (`isys_event__id`),
					UNIQUE KEY `event_index` (`isys_event__isys_module__id`,`isys_event__identifier`),
					KEY `isys_event__status` (`isys_event__status`),
					KEY `isys_event__title` (`isys_event__title`),
					CONSTRAINT `isys_event__isys_module__id` FOREIGN KEY (`isys_event__isys_module__id`) REFERENCES `isys_module` (`isys_module__id`) ON DELETE CASCADE ON UPDATE CASCADE
					) ENGINE=InnoDB AUTO_INCREMENT=8 DEFAULT CHARSET=utf8 COLLATE=utf8_unicode_ci;

					INSERT INTO `isys_event` VALUES (1,2,'mod.cmdb.objectCreated','isys_module_cmdb_eventhandler::onObjectCreated','LC__MODULE__CMDB_EVENTS__OBJECT_CREATED','',2);
					INSERT INTO `isys_event` VALUES (2,2,'mod.cmdb.objectDeleted','isys_module_cmdb_eventhandler::onObjectDeleted','LC__MODULE__CMDB_EVENTS__OBJECT_DELETED','',2);
					INSERT INTO `isys_event` VALUES (3,2,'mod.cmdb.afterCreateCategoryEntry','isys_module_cmdb_eventhandler::onAfterCategoryEntryCreate','LC__MODULE__CMDB_EVENTS__AFTER_CATEGORY_CREATE','',2);
					INSERT INTO `isys_event` VALUES (4,2,'mod.cmdb.afterCategoryEntrySave','isys_module_cmdb_eventhandler::onAfterCategoryEntrySave','LC__MODULE__CMDB_EVENTS__AFTER_CATEGORY_SAVE','',2);
					INSERT INTO `isys_event` VALUES (5,2,'mod.cmdb.beforeRankRecord','isys_module_cmdb_eventhandler::onBeforeRankRecord','LC__MODULE__CMDB_EVENTS__BEFORE_RANK','',2);
					INSERT INTO `isys_event` VALUES (6,2,'mod.cmdb.afterObjectTypeSave','isys_module_cmdb_eventhandler::onAfterObjectTypeSave','LC__MODULE__CMDB_EVENTS__AFTER_OBJECT_TYPE_SAVE','',2);
					INSERT INTO `isys_event` VALUES (7,2,'mod.cmdb.afterObjectTypePurge','isys_module_cmdb_eventhandler::onAfterObjectTypePurge','LC__MODULE__CMDB_EVENTS__AFTER_OBJECT_TYPE_PURGE','',2);
				</exec>
			</sql>
		</query>

		<query>
			<title>Creating table "isys_event_subscription"</title>
			<check ident="C_CREATE_TABLE">isys_event_subscription</check>
			<sql>
				<exec ident="false">
					CREATE TABLE IF NOT EXISTS `isys_event_subscription` (
					`isys_event_subscription__id` int(10) unsigned NOT NULL AUTO_INCREMENT,
					`isys_event_subscription__isys_event__id` int(10) unsigned NOT NULL COMMENT 'event id',
					`isys_event_subscription__isys_obj__id` int(10) unsigned DEFAULT NULL COMMENT 'user id',
					`isys_event_subscription__title` varchar(255) COLLATE utf8_unicode_ci NOT NULL COMMENT 'description',
					`isys_event_subscription__queued` int(1) unsigned DEFAULT NULL COMMENT 'instant or queued event handling',
					`isys_event_subscription__type` varchar(100) COLLATE utf8_unicode_ci NOT NULL COMMENT 'event handler type',
					`isys_event_subscription__command` varchar(255) COLLATE utf8_unicode_ci NOT NULL COMMENT 'execution command',
					`isys_event_subscription__options` text COLLATE utf8_unicode_ci NOT NULL,
					`isys_event_subscription__date_created` datetime NOT NULL,
					PRIMARY KEY (`isys_event_subscription__id`),
					KEY `isys_event_subscription__isys_event__id` (`isys_event_subscription__isys_event__id`),
					KEY `isys_event_subscription__isys_obj__id` (`isys_event_subscription__isys_obj__id`),
					CONSTRAINT `isys_event_subscription__isys_event__id` FOREIGN KEY (`isys_event_subscription__isys_event__id`) REFERENCES `isys_event` (`isys_event__id`) ON DELETE CASCADE ON UPDATE CASCADE,
					CONSTRAINT `isys_event_subscription__isys_obj__id` FOREIGN KEY (`isys_event_subscription__isys_obj__id`) REFERENCES `isys_obj` (`isys_obj__id`) ON DELETE SET NULL ON UPDATE CASCADE
					) ENGINE=InnoDB DEFAULT CHARSET=utf8 COLLATE=utf8_unicode_ci;
				</exec>
			</sql>
		</query>

		<query>
			<title>Creating table "isys_event_log"</title>
			<check ident="C_CREATE_TABLE">isys_event_log</check>
			<sql>
				<exec ident="false">
					CREATE TABLE IF NOT EXISTS `isys_event_log` (
					`isys_event_log__id` int(10) unsigned NOT NULL AUTO_INCREMENT,
					`isys_event_log__isys_event_subscription__id` int(10) unsigned DEFAULT NULL COMMENT 'event subscription id',
					`isys_event_log__message` varchar(255) COLLATE utf8_unicode_ci NOT NULL,
					`isys_event_log__response` text COLLATE utf8_unicode_ci NOT NULL,
					`isys_event_log__response_code` int(1) NOT NULL DEFAULT '0',
					`isys_event_log__status` int(1) NOT NULL COMMENT 'process exit status',
					`isys_event_log__datetime` datetime NOT NULL,
					`isys_event_log__command` varchar(255) COLLATE utf8_unicode_ci DEFAULT NULL,
					PRIMARY KEY (`isys_event_log__id`),
					KEY `isys_event_log__isys_event_subscription__id` (`isys_event_log__isys_event_subscription__id`),
					CONSTRAINT `isys_event_log__isys_event_subscription__id` FOREIGN KEY (`isys_event_log__isys_event_subscription__id`) REFERENCES `isys_event_subscription` (`isys_event_subscription__id`) ON DELETE SET NULL ON UPDATE CASCADE
					) ENGINE=InnoDB DEFAULT CHARSET=utf8 COLLATE=utf8_unicode_ci;
				</exec>
			</sql>
		</query>

		<query>
			<title>Creating table "isys_event_queue"</title>
			<check ident="C_CREATE_TABLE">isys_event_queue</check>
			<sql>
				<exec ident="false">
					CREATE TABLE IF NOT EXISTS `isys_event_queue` (
					`isys_event_queue__id` int(10) unsigned NOT NULL AUTO_INCREMENT,
					`isys_event_queue__isys_event_subscription__id` int(10) unsigned NOT NULL COMMENT 'event subscription id',
					`isys_event_queue__data` text COLLATE utf8_unicode_ci NOT NULL,
					`isys_event_queue__datetime` datetime NOT NULL,
					PRIMARY KEY (`isys_event_queue__id`),
					KEY `isys_event_queue__isys_event_subscription__id` (`isys_event_queue__isys_event_subscription__id`),
					CONSTRAINT `isys_event_queue__isys_event_subscription__id` FOREIGN KEY (`isys_event_queue__isys_event_subscription__id`) REFERENCES `isys_event_subscription` (`isys_event_subscription__id`) ON DELETE CASCADE ON UPDATE CASCADE
					) ENGINE=InnoDB DEFAULT CHARSET=utf8 COLLATE=utf8_unicode_ci;
				</exec>
			</sql>
		</query>

        <!-- See ID-2697 -->
        <query>
            <title>Adding field: isys_event_log__command</title>
            <check ident="C_ADD_FIELD">isys_event_log, isys_event_log__command</check>
            <sql>
                <exec ident="false">
                    ALTER TABLE `isys_event_log` ADD isys_event_log__command VARCHAR(255) default null;
                </exec>
            </sql>
        </query>

        <!-- See EVENTS-2 -->
        <query>
            <title>Adding field: isys_event_subscription__source</title>
            <check ident="C_ADD_FIELD">isys_event_subscription, isys_event_subscription__source</check>
            <sql>
                <exec ident="false">
                    ALTER TABLE `isys_event_subscription` ADD isys_event_subscription__source VARCHAR(32) DEFAULT NULL;
                </exec>
            </sql>
        </query>

        <query>
            <title>Adding field: isys_event_subscription__action</title>
            <check ident="C_ADD_FIELD">isys_event_subscription, isys_event_subscription__action</check>
            <sql>
                <exec ident="false">
                    ALTER TABLE `isys_event_subscription` ADD isys_event_subscription__action VARCHAR(32) DEFAULT NULL;
                </exec>
            </sql>
        </query>

        <query>
            <title>Adding field: isys_event_subscription__reference</title>
            <check ident="C_ADD_FIELD">isys_event_subscription, isys_event_subscription__reference</check>
            <sql>
                <exec ident="false">
                    ALTER TABLE `isys_event_subscription` ADD isys_event_subscription__reference VARCHAR(32) DEFAULT NULL;
                </exec>
            </sql>
        </query>

        <query>
            <title>Adding field: isys_event_subscription__reference_option</title>
            <check ident="C_ADD_FIELD">isys_event_subscription, isys_event_subscription__reference_option</check>
            <sql>
                <exec ident="false">
                    ALTER TABLE `isys_event_subscription` ADD isys_event_subscription__reference_option text COLLATE utf8_unicode_ci DEFAULT NULL;
                </exec>
            </sql>
        </query>

        <query>
            <title>Adding field: isys_event_subscription__isys_event__id</title>
            <check ident="C_ADD_FIELD">isys_event_subscription, isys_event_subscription__isys_event__id</check>
            <sql>
                <exec ident="true">
                    ALTER TABLE `isys_event_subscription` MODIFY isys_event_subscription__isys_event__id int(10) unsigned DEFAULT NULL;
                </exec>
            </sql>
        </query>

        <query>
            <title>Adding field: isys_event_subscription__context</title>
            <check ident="C_ADD_FIELD">isys_event_subscription, isys_event_subscription__context</check>
            <sql>
                <exec ident="false">
                    ALTER TABLE `isys_event_subscription` ADD isys_event_subscription__context text COLLATE utf8_unicode_ci DEFAULT NULL;
                </exec>
            </sql>
        </query>

	</queries>
</isys>
