<?xml version="1.0"?>
<isys>
  <info>
    <title>i-diary</title>
    <version>1.3</version>
    <release>2024-04-19</release>
  </info>
  <queries>
    <query>
      <title>Create custom category 'Diary'.</title>
      <check ident="C_VALUE_EXISTS">SELECT isysgui_catg_custom__id FROM isysgui_catg_custom WHERE isysgui_catg_custom__const = 'C__CATG__CUSTOM_FIELDS_DIARY' LIMIT 1;</check>
      <sql>
        <exec ident="true">UPDATE isysgui_catg_custom SET 
            isysgui_catg_custom__type = 2, 
            isysgui_catg_custom__title = 'Diary', 
            isysgui_catg_custom__config = 'a:3:{s:15:\"c_1581927717973\";a:8:{s:4:\"type\";s:7:\"f_popup\";s:5:\"popup\";s:8:\"calendar\";s:5:\"extra\";s:13:\"date-datetime\";s:5:\"title\";s:4:\"Date\";s:7:\"default\";s:2:\"-1\";s:10:\"visibility\";s:7:\"visible\";s:12:\"show_in_list\";i:1;s:11:\"show_inline\";i:0;}s:15:\"c_1581927723207\";a:7:{s:4:\"type\";s:7:\"f_popup\";s:5:\"popup\";s:14:\"browser_object\";s:5:\"title\";s:6:\"Author\";s:10:\"identifier\";s:1:\"5\";s:10:\"visibility\";s:7:\"visible\";s:12:\"show_in_list\";i:1;s:11:\"show_inline\";i:0;}s:15:\"c_1581927732804\";a:5:{s:4:\"type\";s:9:\"f_wysiwyg\";s:5:\"title\";s:5:\"Entry\";s:10:\"visibility\";s:7:\"visible\";s:12:\"show_in_list\";i:1;s:11:\"show_inline\";i:0;}}', 
            isysgui_catg_custom__parent = 0, 
            isysgui_catg_custom__list_multi_value = 1, 
            isysgui_catg_custom__status = 2
            WHERE isysgui_catg_custom__const = 'C__CATG__CUSTOM_FIELDS_DIARY'
            LIMIT 1;</exec>
        <exec ident="false">INSERT INTO isysgui_catg_custom SET 
            isysgui_catg_custom__type = 2, 
            isysgui_catg_custom__title = 'Diary', 
            isysgui_catg_custom__config = 'a:3:{s:15:\"c_1581927717973\";a:8:{s:4:\"type\";s:7:\"f_popup\";s:5:\"popup\";s:8:\"calendar\";s:5:\"extra\";s:13:\"date-datetime\";s:5:\"title\";s:4:\"Date\";s:7:\"default\";s:2:\"-1\";s:10:\"visibility\";s:7:\"visible\";s:12:\"show_in_list\";i:1;s:11:\"show_inline\";i:0;}s:15:\"c_1581927723207\";a:7:{s:4:\"type\";s:7:\"f_popup\";s:5:\"popup\";s:14:\"browser_object\";s:5:\"title\";s:6:\"Author\";s:10:\"identifier\";s:1:\"5\";s:10:\"visibility\";s:7:\"visible\";s:12:\"show_in_list\";i:1;s:11:\"show_inline\";i:0;}s:15:\"c_1581927732804\";a:5:{s:4:\"type\";s:9:\"f_wysiwyg\";s:5:\"title\";s:5:\"Entry\";s:10:\"visibility\";s:7:\"visible\";s:12:\"show_in_list\";i:1;s:11:\"show_inline\";i:0;}}', 
            isysgui_catg_custom__parent = 0, 
            isysgui_catg_custom__list_multi_value = 1, 
            isysgui_catg_custom__const = 'C__CATG__CUSTOM_FIELDS_DIARY', 
            isysgui_catg_custom__status = 2;</exec>
      </sql>
    </query>
  </queries>
</isys>
