<?xml version="1.0" encoding="UTF-8"?>
<!DOCTYPE isys [
		<!ELEMENT isys (info|queries)*>
		<!ELEMENT info (title|version|requirement|directory|revision|release)*>
		<!ELEMENT title (#PCDATA)>
		<!ELEMENT version (#PCDATA)>
		<!ELEMENT requirement (revision|version)*>
		<!ELEMENT revision (#PCDATA)>
		<!ELEMENT directory (#PCDATA)>
		<!ELEMENT release (#PCDATA)>
		<!ELEMENT queries (query)*>
		<!ELEMENT query (id|title|check|errmsg|sql)*>
		<!ELEMENT id (#PCDATA)>
		<!ELEMENT check (#PCDATA)>
		<!ATTLIST check ident CDATA #REQUIRED>
		<!ELEMENT errmsg (#PCDATA)>
		<!ELEMENT sql (exec)*>
		<!ELEMENT exec (#PCDATA)>
		<!ATTLIST exec ident CDATA #REQUIRED>
		]>
<isys>
	<info>
		<title>SWAP-CI</title>
		<version>1.1.1</version>
		<release>2013-07-18</release>
	</info>
	<queries>
		<query>
			<id>1</id>
			<title>Add "swapped" CMDB status</title>
			<check ident="C_VALUE_EXISTS">
				SELECT isys_cmdb_status__id FROM isys_cmdb_status WHERE isys_cmdb_status__const = 'C__CMDB_STATUS__SWAPPED';
			</check>
			<sql>
				<exec ident="false">
					INSERT INTO isys_cmdb_status SET
					isys_cmdb_status__title = 'LC__CMDB_STATUS__SWAPPED',
					isys_cmdb_status__const = 'C__CMDB_STATUS__SWAPPED',
					isys_cmdb_status__status = 2,
					isys_cmdb_status__editable = 0,
					isys_cmdb_status__color = 'FF8800';
				</exec>
			</sql>
		</query>

		<query>
			<id>2</id>
			<title>Add Swap-CI configuration table</title>
			<check ident="C_CREATE_TABLE">isys_swapci_config</check>
			<sql>
				<exec ident="false">
					CREATE TABLE IF NOT EXISTS isys_swapci_config (
					isys_swapci_config__id int(10) unsigned NOT NULL AUTO_INCREMENT,
					isys_swapci_config__type varchar(255) COLLATE utf8_unicode_ci NOT NULL,
					isys_swapci_config__key varchar(255) COLLATE utf8_unicode_ci NOT NULL,
					isys_swapci_config__value text COLLATE utf8_unicode_ci,
					PRIMARY KEY (isys_swapci_config__id)
					) ENGINE=InnoDB;

					INSERT INTO isys_swapci_config (isys_swapci_config__id, isys_swapci_config__type, isys_swapci_config__key, isys_swapci_config__value) VALUES
					(1, 'int', 'consider_status', '0'),
					(2, 'int', 'archive_swapped_obj', '0'),
					(3, 'int', 'swap_sysid', '0'),
					(4, 'json', 'available_obj_types', '[]');
				</exec>
			</sql>
		</query>

		<query>
			<id>3</id>
			<title>Add Swap-CI archive table</title>
			<check ident="C_CREATE_TABLE">isys_swapci_archive</check>
			<sql>
				<exec ident="false">
					CREATE TABLE IF NOT EXISTS isys_swapci_archive (
					isys_swapci_archive__id int(10) unsigned NOT NULL AUTO_INCREMENT,
					isys_swapci_archive__isys_obj__id int(10) unsigned NOT NULL COMMENT 'Person object id, who started the process',
					isys_swapci_archive__datetime datetime NOT NULL,
					isys_swapci_archive__old_obj int(10) unsigned DEFAULT NULL,
					isys_swapci_archive__new_obj int(10) unsigned DEFAULT NULL,
					isys_swapci_archive__results text COLLATE utf8_unicode_ci NOT NULL COMMENT 'JSON encoded swap results',
					PRIMARY KEY (isys_swapci_archive__id),
					KEY isys_swapci_archive__isys_obj__id (isys_swapci_archive__isys_obj__id),
					KEY isys_swapci_archive__old_obj (isys_swapci_archive__old_obj),
					KEY isys_swapci_archive__new_obj (isys_swapci_archive__new_obj)
					) ENGINE=InnoDB;

					ALTER TABLE isys_swapci_archive
					ADD FOREIGN KEY (isys_swapci_archive__isys_obj__id) REFERENCES isys_obj (isys_obj__id) ON DELETE CASCADE ON UPDATE CASCADE,
					ADD FOREIGN KEY (isys_swapci_archive__old_obj) REFERENCES isys_obj (isys_obj__id) ON DELETE SET NULL ON UPDATE CASCADE,
					ADD FOREIGN KEY (isys_swapci_archive__new_obj) REFERENCES isys_obj (isys_obj__id) ON DELETE SET NULL ON UPDATE CASCADE;
				</exec>
			</sql>
		</query>

		<query>
			<id>4</id>
			<title>Add "swap_obj_status" configuration</title>
			<check ident="C_VALUE_EXISTS">
				SELECT isys_swapci_config__id FROM isys_swapci_config WHERE isys_swapci_config__key = 'swap_obj_status';
			</check>
			<sql>
				<exec ident="false">
					INSERT INTO isys_swapci_config (isys_swapci_config__type, isys_swapci_config__key, isys_swapci_config__value) VALUES
					('json', 'swap_obj_status', '[]');
				</exec>
			</sql>
		</query>

		<query>
			<id>5</id>
			<title>Adding default authorization rights</title>
			<check ident="C_VALUE_EXISTS">
				SELECT isys_auth__id
				FROM isys_auth
				INNER JOIN isys_module ON isys_module__id = isys_auth__isys_module__id
				WHERE isys_module__const = 'C__MODULE__SWAPCI'
				LIMIT 1;
			</check>
			<sql>
				<exec ident="false">
					SET @MODULE_ID = (SELECT isys_module__id FROM isys_module WHERE isys_module__const = 'C__MODULE__SWAPCI');
					SET @ADMIN = (SELECT isys_obj__id FROM isys_obj WHERE isys_obj__const = 'C__OBJ__PERSON_GROUP_ADMIN');
					SET @EDITOR = (SELECT isys_obj__id FROM isys_obj WHERE isys_obj__const = 'C__OBJ__PERSON_GROUP_EDITOR');
					SET @AUTHOR = (SELECT isys_obj__id FROM isys_obj WHERE isys_obj__const = 'C__OBJ__PERSON_GROUP_AUTHOR');
					SET @READER = (SELECT isys_obj__id FROM isys_obj WHERE isys_obj__const = 'C__OBJ__PERSON_GROUP_READER');

					INSERT INTO `isys_auth` (`isys_auth__isys_obj__id`, `isys_auth__type`, `isys_auth__isys_module__id`, `isys_auth__path`, `isys_auth__status`) VALUES
					(@ADMIN, 2048, @MODULE_ID, 'SWAP_GUI', 2),
					(@ADMIN, 2048, @MODULE_ID, 'SWAP_GUI_BY_WORKPLACE', 2),
					(@ADMIN, 2048, @MODULE_ID, 'SWAP_CONFIG', 2),
					(@ADMIN, 1, @MODULE_ID, 'SWAP_IN_LIST', 2),
					(@ADMIN, 1, @MODULE_ID, 'SWAP_IN_OBJ', 2),
					(@EDITOR, 8, @MODULE_ID, 'SWAP_GUI', 2),
					(@EDITOR, 8, @MODULE_ID, 'SWAP_GUI_BY_WORKPLACE', 2),
					(@EDITOR, 2, @MODULE_ID, 'SWAP_CONFIG', 2),
					(@EDITOR, 1, @MODULE_ID, 'SWAP_IN_LIST', 2),
					(@EDITOR, 1, @MODULE_ID, 'SWAP_IN_OBJ', 2),
					(@AUTHOR, 1, @MODULE_ID, 'SWAP_GUI', 2),
					(@AUTHOR, 1, @MODULE_ID, 'SWAP_GUI_BY_WORKPLACE', 2),
					(@AUTHOR, 2, @MODULE_ID, 'SWAP_CONFIG', 2),
					(@AUTHOR, 1, @MODULE_ID, 'SWAP_IN_LIST', 2),
					(@AUTHOR, 1, @MODULE_ID, 'SWAP_IN_OBJ', 2),
					(@READER, 1, @MODULE_ID, 'SWAP_GUI', 2),
					(@READER, 1, @MODULE_ID, 'SWAP_GUI_BY_WORKPLACE', 2),
					(@READER, 1, @MODULE_ID, 'SWAP_CONFIG', 2),
					(@READER, 1, @MODULE_ID, 'SWAP_IN_LIST', 2),
					(@READER, 1, @MODULE_ID, 'SWAP_IN_OBJ', 2);
				</exec>
			</sql>
		</query>
	</queries>
</isys>
