<?xml version="1.0" encoding="UTF-8"?>
<!DOCTYPE isys [
        <!ELEMENT isys (info|delete)*>
        <!ELEMENT info (title|version|requirement|directory|revision|release)*>
        <!ELEMENT title (#PCDATA)>
        <!ELEMENT version (#PCDATA)>
        <!ELEMENT requirement (revision|version)*>
        <!ELEMENT revision (#PCDATA)>
        <!ELEMENT directory (#PCDATA)>
        <!ELEMENT release (#PCDATA)>
        <!ELEMENT delete (file|dir)*>
        <!ELEMENT file (#PCDATA)>
        <!ELEMENT dir (#PCDATA)>
        ]>
<isys>
    <info>
        <title>i-doit v1.6</title>
        <version>1.6</version>
        <requirement>
            <revision>21500</revision>
            <version>1.6</version>
        </requirement>
        <directory>v1.6</directory>
        <revision>21600</revision>
        <release>2015-09-09</release>
    </info>
    <delete>
        <file>src/themes/default/smarty/templates/content/bottom/content/dashboard.tpl</file>
        <file>mandator</file>
        <file>src/handler/isys_handler_mandator.class.php</file>
        <file>isys_module.class.php</file>
        <file>isys_module_authable.class.php</file>
        <file>isys_module_hookable.class.php</file>
        <file>isys_module_installable.class.php</file>
        <file>isys_module_interface.class.php</file>
        <file>isys_module_template.class.php</file>
    </delete>
</isys>
