<?xml version="1.0" encoding="UTF-8"?>
<!DOCTYPE isys [
        <!ELEMENT isys (info|queries)*>
        <!ELEMENT info (title|version|requirement|directory|revision|release)*>
        <!ELEMENT title (#PCDATA)>
        <!ELEMENT version (#PCDATA)>
        <!ELEMENT requirement (revision|version)*>
        <!ELEMENT revision (#PCDATA)>
        <!ELEMENT directory (#PCDATA)>
        <!ELEMENT release (#PCDATA)>
        <!ELEMENT queries (query)*>
        <!ELEMENT query (id|title|check|errmsg|sql)*>
        <!ELEMENT id (#PCDATA)>
        <!ELEMENT check (#PCDATA)>
        <!ATTLIST check ident CDATA #REQUIRED>
        <!ELEMENT errmsg (#PCDATA)>
        <!ELEMENT sql (exec)*>
        <!ELEMENT exec (#PCDATA)>
        <!ATTLIST exec ident CDATA #REQUIRED>
        ]>
<isys>
    <info>
        <title>i-doit v1.6</title>
        <version>1.6</version>
        <requirement>
            <revision>21500</revision>
            <version>1.6</version>
        </requirement>
        <directory>v1.6</directory>
        <revision>21600</revision>
        <release>2015-09-09</release>
    </info>
    <queries>
        <query>
            <id>1</id>
            <title>Adding field: isys_licence__contract</title>
            <check ident="C_ADD_FIELD">isys_licence, isys_licence__contract</check>
            <errmsg></errmsg>
            <sql>
                <exec ident="false">
                    ALTER TABLE `isys_licence` ADD `isys_licence__contract` VARCHAR(10)  NULL  DEFAULT NULL  AFTER `isys_licence__isys_mandator__id`;
                </exec>
            </sql>
        </query>
        <query>
            <id>2</id>
            <title></title>
            <check ident="C_VALUE_EXISTS">SELECT * FROM isys_settings WHERE isys_settings__key LIKE 'cmdb.default-object-list.config.%' AND isys_settings__value LIKE 'SELECT%';</check>
            <errmsg></errmsg>
            <sql>
                <exec ident="false">
                    DELETE FROM isys_settings WHERE isys_settings__key LIKE 'cmdb.default-object-list.config.%' AND isys_settings__value LIKE 'SELECT%';
                </exec>
            </sql>
        </query>
    </queries>
</isys>
