[{"type":"2","title":"LC__CMDB__CAT_CUSTOM__WINDOWS_INFORMATION","configuration":"a:8:{s:15:\"c_1609741895786\";a:7:{s:4:\"type\";s:7:\"f_popup\";s:5:\"popup\";s:11:\"dialog_plus\";s:5:\"title\";s:20:\"LC__WININFO__VERSION\";s:10:\"identifier\";s:19:\"C__WININFO__VERSION\";s:10:\"visibility\";s:7:\"visible\";s:12:\"show_in_list\";i:1;s:11:\"show_inline\";i:0;}s:15:\"c_1609741918674\";a:7:{s:4:\"type\";s:7:\"f_popup\";s:5:\"popup\";s:11:\"dialog_plus\";s:5:\"title\";s:17:\"LC__WININFO__TYPE\";s:10:\"identifier\";s:16:\"C__WININFO__TYPE\";s:10:\"visibility\";s:7:\"visible\";s:12:\"show_in_list\";i:1;s:11:\"show_inline\";i:0;}s:15:\"c_1609741923656\";a:5:{s:4:\"type\";s:6:\"f_text\";s:5:\"title\";s:26:\"LC__WININFO__COMPUTER_NAME\";s:10:\"visibility\";s:7:\"visible\";s:12:\"show_in_list\";i:1;s:11:\"show_inline\";i:0;}s:15:\"c_1609742400869\";a:7:{s:4:\"type\";s:7:\"f_popup\";s:5:\"popup\";s:14:\"browser_object\";s:5:\"title\";s:26:\"LC__WININFO__LINKED_DOMAIN\";s:10:\"identifier\";s:2:\"18\";s:10:\"visibility\";s:7:\"visible\";s:12:\"show_in_list\";i:1;s:11:\"show_inline\";i:0;}s:15:\"c_1609742026891\";a:5:{s:4:\"type\";s:6:\"f_text\";s:5:\"title\";s:25:\"LC__WININFO__NETBIOS_NAME\";s:10:\"visibility\";s:7:\"visible\";s:12:\"show_in_list\";i:1;s:11:\"show_inline\";i:0;}s:15:\"c_1609742081237\";a:7:{s:4:\"type\";s:7:\"f_popup\";s:5:\"popup\";s:11:\"dialog_plus\";s:5:\"title\";s:22:\"LC__WININFO__WORKGROUP\";s:10:\"identifier\";s:21:\"C__WININFO__WORKGROUP\";s:10:\"visibility\";s:7:\"visible\";s:12:\"show_in_list\";i:1;s:11:\"show_inline\";i:0;}s:15:\"c_1609742093092\";a:5:{s:4:\"type\";s:6:\"f_text\";s:5:\"title\";s:22:\"LC__WININFO__LICENSING\";s:10:\"visibility\";s:7:\"visible\";s:12:\"show_in_list\";i:1;s:11:\"show_inline\";i:0;}s:15:\"c_1609742097302\";a:8:{s:4:\"type\";s:7:\"f_popup\";s:5:\"popup\";s:10:\"checkboxes\";s:5:\"title\";s:23:\"LC__WININFO__ACTIVATION\";s:10:\"identifier\";s:22:\"C__WININFO__ACTIVATION\";s:14:\"multiselection\";i:1;s:10:\"visibility\";s:7:\"visible\";s:12:\"show_in_list\";i:1;s:11:\"show_inline\";i:0;}}","parent":"0","sort":"0","constant":"C__CATG__CUSTOM_FIELDS_WINDOWS_INFORMATION","sourceTable":"isys_catg_custom_fields_list","className":"isys_cmdb_dao_category_g_custom_fields","listMultiValue":"0","status":"2","objectTypeAssignment":["C__OBJTYPE__GENERIC_TEMPLATE","C__OBJTYPE__WINDOWS_SERVER","C__OBJTYPE__WINDOWS_CLIENT"]},{"type":"2","title":"LC__CMDB__CAT_CUSTOM__WINDOWS_SERVER_GROUP","configuration":"a:1:{s:15:\"c_1609742152919\";a:5:{s:4:\"type\";s:6:\"f_text\";s:5:\"title\";s:24:\"LC__WINSERVERGROUP__INFO\";s:10:\"visibility\";s:7:\"visible\";s:12:\"show_in_list\";i:1;s:11:\"show_inline\";i:0;}}","parent":"0","sort":"0","constant":"C__CATG__CUSTOM_FIELDS_WINDOWS_SERVER_GROUP","sourceTable":"isys_catg_custom_fields_list","className":"isys_cmdb_dao_category_g_custom_fields","listMultiValue":"0","status":"2","objectTypeAssignment":["C__OBJTYPE__GENERIC_TEMPLATE","C__OBJTYPE__WINDOWS_SERVER"]},{"type":"2","title":"LC__CMDB__CAT_CUSTOM__WINDOWS_ROLES","configuration":"a:1:{s:15:\"c_1609742195882\";a:8:{s:4:\"type\";s:7:\"f_popup\";s:5:\"popup\";s:11:\"dialog_plus\";s:5:\"title\";s:18:\"LC__WINROLES__ROLE\";s:10:\"identifier\";s:17:\"C__WINROLES__ROLE\";s:14:\"multiselection\";i:1;s:10:\"visibility\";s:7:\"visible\";s:12:\"show_in_list\";i:1;s:11:\"show_inline\";i:0;}}","parent":"0","sort":"0","constant":"C__CATG__CUSTOM_FIELDS_WINDOWS_ROLES","sourceTable":"isys_catg_custom_fields_list","className":"isys_cmdb_dao_category_g_custom_fields","listMultiValue":"1","status":"2","objectTypeAssignment":["C__OBJTYPE__GENERIC_TEMPLATE","C__OBJTYPE__WINDOWS_SERVER"]},{"type":"2","title":"LC__CMDB__CAT_CUSTOM__WINDOWS_FEATURES","configuration":"a:1:{s:15:\"c_1609742254281\";a:8:{s:4:\"type\";s:7:\"f_popup\";s:5:\"popup\";s:11:\"dialog_plus\";s:5:\"title\";s:23:\"LC__WINFEATURE__FEATURE\";s:10:\"identifier\";s:22:\"C__WINFEATURE__FEATURE\";s:14:\"multiselection\";i:1;s:10:\"visibility\";s:7:\"visible\";s:12:\"show_in_list\";i:1;s:11:\"show_inline\";i:0;}}","parent":"0","sort":"0","constant":"C__CATG__CUSTOM_FIELDS_WINDOWS_FEATURES","sourceTable":"isys_catg_custom_fields_list","className":"isys_cmdb_dao_category_g_custom_fields","listMultiValue":"1","status":"2","objectTypeAssignment":["C__OBJTYPE__GENERIC_TEMPLATE","C__OBJTYPE__WINDOWS_SERVER"]},{"type":"2","title":"LC__CMDB__CAT_CUSTOM__WINDOWS_SERVICES","configuration":"a:4:{s:15:\"c_1609742298207\";a:5:{s:4:\"type\";s:6:\"f_text\";s:5:\"title\";s:28:\"LC__WINSERVICE__SERVICE_NAME\";s:10:\"visibility\";s:7:\"visible\";s:12:\"show_in_list\";i:1;s:11:\"show_inline\";i:0;}s:15:\"c_1609742301465\";a:5:{s:4:\"type\";s:6:\"f_text\";s:5:\"title\";s:22:\"LC__WINSERVICE__LAUNCH\";s:10:\"visibility\";s:7:\"visible\";s:12:\"show_in_list\";i:1;s:11:\"show_inline\";i:0;}s:15:\"c_1609742313711\";a:7:{s:4:\"type\";s:7:\"f_popup\";s:5:\"popup\";s:11:\"dialog_plus\";s:5:\"title\";s:22:\"LC__WINSERVICE__STATUS\";s:10:\"identifier\";s:21:\"C__WINSERVICE__STATUS\";s:10:\"visibility\";s:7:\"visible\";s:12:\"show_in_list\";i:1;s:11:\"show_inline\";i:0;}s:15:\"c_1609742332471\";a:7:{s:4:\"type\";s:7:\"f_popup\";s:5:\"popup\";s:14:\"browser_object\";s:5:\"title\";s:20:\"LC__WINSERVICE__USER\";s:10:\"identifier\";s:2:\"18\";s:10:\"visibility\";s:7:\"visible\";s:12:\"show_in_list\";i:1;s:11:\"show_inline\";i:0;}}","parent":"0","sort":"0","constant":"C__CATG__CUSTOM_FIELDS_WINDOWS_SERVICES","sourceTable":"isys_catg_custom_fields_list","className":"isys_cmdb_dao_category_g_custom_fields","listMultiValue":"1","status":"2","objectTypeAssignment":["C__OBJTYPE__GENERIC_TEMPLATE","C__OBJTYPE__WINDOWS_SERVER"]},{"type":"2","title":"LC__CMDB__CAT_CUSTOM__WINDOWS_UPDATE","configuration":"a:2:{s:15:\"c_1609742482779\";a:7:{s:4:\"type\";s:7:\"f_popup\";s:5:\"popup\";s:14:\"browser_object\";s:5:\"title\";s:28:\"LC__WINUPDATE__UPDATE_SERVER\";s:10:\"identifier\";s:2:\"18\";s:10:\"visibility\";s:7:\"visible\";s:12:\"show_in_list\";i:1;s:11:\"show_inline\";i:0;}s:15:\"c_1609742516027\";a:8:{s:4:\"type\";s:7:\"f_popup\";s:5:\"popup\";s:8:\"calendar\";s:5:\"extra\";s:13:\"date-datetime\";s:5:\"title\";s:26:\"LC__WINUPDATE__LAST_UPDATE\";s:7:\"default\";s:1:\"1\";s:10:\"visibility\";s:7:\"visible\";s:12:\"show_in_list\";i:1;s:11:\"show_inline\";i:0;}}","parent":"0","sort":"0","constant":"C__CATG__CUSTOM_FIELDS_WINDOWS_UPDATE","sourceTable":"isys_catg_custom_fields_list","className":"isys_cmdb_dao_category_g_custom_fields","listMultiValue":"0","status":"2","objectTypeAssignment":["C__OBJTYPE__GENERIC_TEMPLATE","C__OBJTYPE__WINDOWS_SERVER"]},{"type":"2","title":"LC__CMDB__CAT_CUSTOM__WINDOWS_EVENTS","configuration":"a:1:{s:15:\"c_1609742687272\";a:5:{s:4:\"type\";s:6:\"f_text\";s:5:\"title\";s:18:\"LC__WINEVENT__INFO\";s:10:\"visibility\";s:7:\"visible\";s:12:\"show_in_list\";i:1;s:11:\"show_inline\";i:0;}}","parent":"0","sort":"0","constant":"C__CATG__CUSTOM_FIELDS_WINDOWS_EVENTS","sourceTable":"isys_catg_custom_fields_list","className":"isys_cmdb_dao_category_g_custom_fields","listMultiValue":"0","status":"2","objectTypeAssignment":["C__OBJTYPE__GENERIC_TEMPLATE","C__OBJTYPE__WINDOWS_SERVER"]},{"type":"2","title":"LC__CMDB__CAT_CUSTOM__WINDOWS_DC","configuration":"a:4:{s:15:\"c_1609742781102\";a:7:{s:4:\"type\";s:7:\"f_popup\";s:5:\"popup\";s:11:\"dialog_plus\";s:5:\"title\";s:18:\"LC__WINDC__DC_ROLE\";s:10:\"identifier\";s:14:\"C__DC_ROLE_DNM\";s:10:\"visibility\";s:7:\"visible\";s:12:\"show_in_list\";i:1;s:11:\"show_inline\";i:0;}s:15:\"c_1609742826033\";a:7:{s:4:\"type\";s:7:\"f_popup\";s:5:\"popup\";s:14:\"browser_object\";s:5:\"title\";s:17:\"LC__WINDC__DOMAIN\";s:10:\"identifier\";s:2:\"18\";s:10:\"visibility\";s:7:\"visible\";s:12:\"show_in_list\";i:1;s:11:\"show_inline\";i:0;}s:15:\"c_1609742834340\";a:7:{s:4:\"type\";s:7:\"f_popup\";s:5:\"popup\";s:14:\"browser_object\";s:5:\"title\";s:27:\"LC__WINDC__GLOBAL_CATALOGUE\";s:10:\"identifier\";s:2:\"18\";s:10:\"visibility\";s:7:\"visible\";s:12:\"show_in_list\";i:1;s:11:\"show_inline\";i:0;}s:15:\"c_1609742855556\";a:5:{s:4:\"type\";s:6:\"f_text\";s:5:\"title\";s:25:\"LC__WINDC__DIR_PARTITIONS\";s:10:\"visibility\";s:7:\"visible\";s:12:\"show_in_list\";i:1;s:11:\"show_inline\";i:0;}}","parent":"0","sort":"0","constant":"C__CATG__CUSTOM_FIELDS_WINDOWS_DC","sourceTable":"isys_catg_custom_fields_list","className":"isys_cmdb_dao_category_g_custom_fields","listMultiValue":"0","status":"2","objectTypeAssignment":["C__OBJTYPE__GENERIC_TEMPLATE","C__OBJTYPE__WINDOWS_SERVER"]},{"type":"2","title":"LC__CMDB__CAT_CUSTOM__WINDOWS_FSMO_INFO","configuration":"a:5:{s:15:\"c_1609742987195\";a:7:{s:4:\"type\";s:7:\"f_popup\";s:5:\"popup\";s:14:\"browser_object\";s:5:\"title\";s:26:\"LC__WINFSMO__SCHEMA_MASTER\";s:10:\"identifier\";s:2:\"18\";s:10:\"visibility\";s:7:\"visible\";s:12:\"show_in_list\";i:1;s:11:\"show_inline\";i:0;}s:15:\"c_1609742994787\";a:7:{s:4:\"type\";s:7:\"f_popup\";s:5:\"popup\";s:14:\"browser_object\";s:5:\"title\";s:33:\"LC__WINFSMO__DOMAIN_NAMING_MASTER\";s:10:\"identifier\";s:2:\"18\";s:10:\"visibility\";s:7:\"visible\";s:12:\"show_in_list\";i:1;s:11:\"show_inline\";i:0;}s:15:\"c_1609743004610\";a:7:{s:4:\"type\";s:7:\"f_popup\";s:5:\"popup\";s:14:\"browser_object\";s:5:\"title\";s:23:\"LC__WINFSMO__RID_MASTER\";s:10:\"identifier\";s:2:\"18\";s:10:\"visibility\";s:7:\"visible\";s:12:\"show_in_list\";i:1;s:11:\"show_inline\";i:0;}s:15:\"c_1609743013183\";a:7:{s:4:\"type\";s:7:\"f_popup\";s:5:\"popup\";s:14:\"browser_object\";s:5:\"title\";s:23:\"LC__WINFSMO__PDC_MASTER\";s:10:\"identifier\";s:2:\"18\";s:10:\"visibility\";s:7:\"visible\";s:12:\"show_in_list\";i:1;s:11:\"show_inline\";i:0;}s:15:\"c_1609743025672\";a:7:{s:4:\"type\";s:7:\"f_popup\";s:5:\"popup\";s:14:\"browser_object\";s:5:\"title\";s:34:\"LC__WINFSMO__INFRASTRUCTURE_MASTER\";s:10:\"identifier\";s:2:\"18\";s:10:\"visibility\";s:7:\"visible\";s:12:\"show_in_list\";i:1;s:11:\"show_inline\";i:0;}}","parent":"0","sort":"0","constant":"C__CATG__CUSTOM_FIELDS_WINDOWS_FSMO_INFO","sourceTable":"isys_catg_custom_fields_list","className":"isys_cmdb_dao_category_g_custom_fields","listMultiValue":"0","status":"2","objectTypeAssignment":["C__OBJTYPE__GENERIC_TEMPLATE","C__OBJTYPE__WINDOWS_SERVER"]},{"type":"2","title":"LC__CMDB__CAT_CUSTOM__WINDOWS_GLOBAL_CATALOGUE","configuration":"a:1:{s:15:\"c_1609743130085\";a:7:{s:4:\"type\";s:7:\"f_popup\";s:5:\"popup\";s:14:\"browser_object\";s:5:\"title\";s:31:\"LC__WINGLOCAT__GLOBAL_CATALOGUE\";s:10:\"identifier\";s:2:\"18\";s:10:\"visibility\";s:7:\"visible\";s:12:\"show_in_list\";i:1;s:11:\"show_inline\";i:0;}}","parent":"0","sort":"0","constant":"C__CATG__CUSTOM_FIELDS_WINDOWS_GLOBAL_CATALOGUE","sourceTable":"isys_catg_custom_fields_list","className":"isys_cmdb_dao_category_g_custom_fields","listMultiValue":"0","status":"2","objectTypeAssignment":["C__OBJTYPE__GENERIC_TEMPLATE","C__OBJTYPE__WINDOWS_SERVER"]},{"type":"2","title":"LC__CMDB__CAT_CUSTOM__WINDOWS_NTFS_SHARES","configuration":"a:4:{s:15:\"c_1609743331583\";a:5:{s:4:\"type\";s:6:\"f_text\";s:5:\"title\";s:22:\"LC__WINNTFSSHARE__NAME\";s:10:\"visibility\";s:7:\"visible\";s:12:\"show_in_list\";i:1;s:11:\"show_inline\";i:0;}s:15:\"c_1609743334327\";a:5:{s:4:\"type\";s:6:\"f_text\";s:5:\"title\";s:29:\"LC__WINNTFSSHARE__FOLDER_PATH\";s:10:\"visibility\";s:7:\"visible\";s:12:\"show_in_list\";i:1;s:11:\"show_inline\";i:0;}s:15:\"c_1609743338924\";a:7:{s:4:\"type\";s:7:\"f_popup\";s:5:\"popup\";s:14:\"browser_object\";s:5:\"title\";s:22:\"LC__WINNTFSSHARE__USER\";s:10:\"identifier\";s:2:\"18\";s:10:\"visibility\";s:7:\"visible\";s:12:\"show_in_list\";i:1;s:11:\"show_inline\";i:0;}s:15:\"c_1609743366435\";a:8:{s:4:\"type\";s:7:\"f_popup\";s:5:\"popup\";s:10:\"checkboxes\";s:5:\"title\";s:24:\"LC__WINNTFSSHARE__RIGHTS\";s:10:\"identifier\";s:23:\"C__WINNTFSSHARE__RIGHTS\";s:14:\"multiselection\";i:1;s:10:\"visibility\";s:7:\"visible\";s:12:\"show_in_list\";i:1;s:11:\"show_inline\";i:0;}}","parent":"0","sort":"0","constant":"C__CATG__CUSTOM_FIELDS_WINDOWS_NTFS_SHARES","sourceTable":"isys_catg_custom_fields_list","className":"isys_cmdb_dao_category_g_custom_fields","listMultiValue":"1","status":"2","objectTypeAssignment":["C__OBJTYPE__GENERIC_TEMPLATE","C__OBJTYPE__WINDOWS_SERVER"]},{"type":"2","title":"LC__CMDB__CAT_CUSTOM__FOREST_INFORMATION","configuration":"a:5:{s:15:\"c_1609743421507\";a:5:{s:4:\"type\";s:6:\"f_text\";s:5:\"title\";s:20:\"LC__FORESTINFO__NAME\";s:10:\"visibility\";s:7:\"visible\";s:12:\"show_in_list\";i:1;s:11:\"show_inline\";i:0;}s:15:\"c_1609743423665\";a:8:{s:4:\"type\";s:7:\"f_popup\";s:5:\"popup\";s:11:\"dialog_plus\";s:5:\"title\";s:25:\"LC__FORESTINFO__FUNCLEVEL\";s:10:\"identifier\";s:24:\"C__FORESTINFO__FUNCLEVEL\";s:14:\"multiselection\";i:1;s:10:\"visibility\";s:7:\"visible\";s:12:\"show_in_list\";i:1;s:11:\"show_inline\";i:0;}s:15:\"c_1609743435199\";a:8:{s:4:\"type\";s:7:\"f_popup\";s:5:\"popup\";s:14:\"browser_object\";s:5:\"title\";s:29:\"LC__FORESTINFO_LINKED_DOMAINS\";s:10:\"identifier\";s:2:\"18\";s:14:\"multiselection\";i:1;s:10:\"visibility\";s:7:\"visible\";s:12:\"show_in_list\";i:1;s:11:\"show_inline\";i:0;}s:15:\"c_1609743463707\";a:8:{s:4:\"type\";s:7:\"f_popup\";s:5:\"popup\";s:11:\"dialog_plus\";s:5:\"title\";s:32:\"LC__FORESTINFO__DOMAIN_FUNCLEVEL\";s:10:\"identifier\";s:28:\"C__DOMAININFO__DOM_FUNCLEVEL\";s:14:\"multiselection\";i:1;s:10:\"visibility\";s:7:\"visible\";s:12:\"show_in_list\";i:1;s:11:\"show_inline\";i:0;}s:15:\"c_1609743480785\";a:8:{s:4:\"type\";s:7:\"f_popup\";s:5:\"popup\";s:14:\"browser_object\";s:5:\"title\";s:39:\"LC__FORESTINFO_LINKED_DOMAIN_CONTROLLER\";s:10:\"identifier\";s:2:\"18\";s:14:\"multiselection\";i:1;s:10:\"visibility\";s:7:\"visible\";s:12:\"show_in_list\";i:1;s:11:\"show_inline\";i:0;}}","parent":"0","sort":"0","constant":"C__CATG__CUSTOM_FIELDS_FOREST_INFORMATION","sourceTable":"isys_catg_custom_fields_list","className":"isys_cmdb_dao_category_g_custom_fields","listMultiValue":"0","status":"2","objectTypeAssignment":["C__OBJTYPE__GENERIC_TEMPLATE","C__OBJTYPE__AD_FOREST"]},{"type":"2","title":"LC__CMDB__CAT_CUSTOM__AD_FSMO_ROLES","configuration":"a:2:{s:15:\"c_1609743572018\";a:7:{s:4:\"type\";s:7:\"f_popup\";s:5:\"popup\";s:14:\"browser_object\";s:5:\"title\";s:25:\"LC__ADFSMO__LINKED_SERVER\";s:10:\"identifier\";s:2:\"18\";s:10:\"visibility\";s:7:\"visible\";s:12:\"show_in_list\";i:1;s:11:\"show_inline\";i:0;}s:15:\"c_1609743593591\";a:7:{s:4:\"type\";s:7:\"f_popup\";s:5:\"popup\";s:11:\"dialog_plus\";s:5:\"title\";s:16:\"LC__ADFSMO__ROLE\";s:10:\"identifier\";s:15:\"C__ADFSMO__ROLE\";s:10:\"visibility\";s:7:\"visible\";s:12:\"show_in_list\";i:1;s:11:\"show_inline\";i:0;}}","parent":"0","sort":"0","constant":"C__CATG__CUSTOM_FIELDS_AD_FSMO_ROLES","sourceTable":"isys_catg_custom_fields_list","className":"isys_cmdb_dao_category_g_custom_fields","listMultiValue":"1","status":"2","objectTypeAssignment":["C__OBJTYPE__GENERIC_TEMPLATE","C__OBJTYPE__AD_FOREST","C__OBJTYPE__AD_DOMAIN"]},{"type":"2","title":"LC__CMDB__CAT_CUSTOM__AD_GLOBAL_CATALOGUE","configuration":"a:1:{s:15:\"c_1609743643854\";a:7:{s:4:\"type\";s:7:\"f_popup\";s:5:\"popup\";s:14:\"browser_object\";s:5:\"title\";s:27:\"LC__ADGLOCAT__LINKED_SERVER\";s:10:\"identifier\";s:2:\"18\";s:10:\"visibility\";s:7:\"visible\";s:12:\"show_in_list\";i:1;s:11:\"show_inline\";i:0;}}","parent":"0","sort":"0","constant":"C__CATG__CUSTOM_FIELDS_AD_GLOBAL_CATALOGUE","sourceTable":"isys_catg_custom_fields_list","className":"isys_cmdb_dao_category_g_custom_fields","listMultiValue":"0","status":"2","objectTypeAssignment":["C__OBJTYPE__GENERIC_TEMPLATE","C__OBJTYPE__AD_FOREST"]},{"type":"2","title":"LC__CMDB__CAT_CUSTOM__FOREST_TRUSTS","configuration":"a:1:{s:15:\"c_1609743714509\";a:7:{s:4:\"type\";s:7:\"f_popup\";s:5:\"popup\";s:14:\"browser_object\";s:5:\"title\";s:30:\"LC__FORESTTRUST__LINKED_FOREST\";s:10:\"identifier\";s:2:\"18\";s:10:\"visibility\";s:7:\"visible\";s:12:\"show_in_list\";i:1;s:11:\"show_inline\";i:0;}}","parent":"0","sort":"0","constant":"C__CATG__CUSTOM_FIELDS_FOREST_TRUSTS","sourceTable":"isys_catg_custom_fields_list","className":"isys_cmdb_dao_category_g_custom_fields","listMultiValue":"1","status":"2","objectTypeAssignment":["C__OBJTYPE__GENERIC_TEMPLATE","C__OBJTYPE__AD_FOREST"]},{"type":"2","title":"LC__CMDB__CAT_CUSTOM__DOMAIN_INFORMATION","configuration":"a:4:{s:15:\"c_1609743799188\";a:5:{s:4:\"type\";s:6:\"f_text\";s:5:\"title\";s:27:\"LC__DOMAININFO__DOMAIN_NAME\";s:10:\"visibility\";s:7:\"visible\";s:12:\"show_in_list\";i:1;s:11:\"show_inline\";i:0;}s:15:\"c_1609743807955\";a:8:{s:4:\"type\";s:7:\"f_popup\";s:5:\"popup\";s:11:\"dialog_plus\";s:5:\"title\";s:29:\"LC__DOMAININFO__DOM_FUNCLEVEL\";s:10:\"identifier\";s:28:\"C__DOMAININFO__DOM_FUNCLEVEL\";s:14:\"multiselection\";i:1;s:10:\"visibility\";s:7:\"visible\";s:12:\"show_in_list\";i:1;s:11:\"show_inline\";i:0;}s:15:\"c_1609743820497\";a:8:{s:4:\"type\";s:7:\"f_popup\";s:5:\"popup\";s:14:\"browser_object\";s:5:\"title\";s:26:\"LC__DOMAININFO__DNS_SERVER\";s:10:\"identifier\";s:2:\"18\";s:14:\"multiselection\";i:1;s:10:\"visibility\";s:7:\"visible\";s:12:\"show_in_list\";i:1;s:11:\"show_inline\";i:0;}s:15:\"c_1609743828652\";a:8:{s:4:\"type\";s:7:\"f_popup\";s:5:\"popup\";s:14:\"browser_object\";s:5:\"title\";s:27:\"LC__DOMAININFO__LDAP_SERVER\";s:10:\"identifier\";s:2:\"18\";s:14:\"multiselection\";i:1;s:10:\"visibility\";s:7:\"visible\";s:12:\"show_in_list\";i:1;s:11:\"show_inline\";i:0;}}","parent":"0","sort":"0","constant":"C__CATG__CUSTOM_FIELDS_DOMAIN_INFORMATION","sourceTable":"isys_catg_custom_fields_list","className":"isys_cmdb_dao_category_g_custom_fields","listMultiValue":"0","status":"2","objectTypeAssignment":["C__OBJTYPE__GENERIC_TEMPLATE","C__OBJTYPE__AD_DOMAIN"]},{"type":"2","title":"LC__CMDB__CAT_CUSTOM__DOMAIN_SCHEMA","configuration":"a:2:{s:15:\"c_1609743915579\";a:7:{s:4:\"type\";s:7:\"f_popup\";s:5:\"popup\";s:11:\"dialog_plus\";s:5:\"title\";s:33:\"LC__DOMAIN_SCHEMA__SCHEMA_VERSION\";s:10:\"identifier\";s:32:\"C__DOMAIN_SCHEMA__SCHEMA_VERSION\";s:10:\"visibility\";s:7:\"visible\";s:12:\"show_in_list\";i:1;s:11:\"show_inline\";i:0;}s:15:\"c_1609743923520\";a:5:{s:4:\"type\";s:10:\"f_textarea\";s:5:\"title\";s:28:\"LC__DOMAIN_SCHEMA_EXTENSIONS\";s:10:\"visibility\";s:7:\"visible\";s:12:\"show_in_list\";i:1;s:11:\"show_inline\";i:0;}}","parent":"0","sort":"0","constant":"C__CATG__CUSTOM_FIELDS_DOMAIN_SCHEMA","sourceTable":"isys_catg_custom_fields_list","className":"isys_cmdb_dao_category_g_custom_fields","listMultiValue":"0","status":"2","objectTypeAssignment":["C__OBJTYPE__GENERIC_TEMPLATE","C__OBJTYPE__AD_DOMAIN"]},{"type":"2","title":"LC__CMDB__CAT_CUSTOM__DOMAIN_CONTROLLERS","configuration":"a:2:{s:15:\"c_1609743968043\";a:8:{s:4:\"type\";s:7:\"f_popup\";s:5:\"popup\";s:14:\"browser_object\";s:5:\"title\";s:18:\"LC__DC__PRIMARY_DC\";s:10:\"identifier\";s:2:\"18\";s:14:\"multiselection\";i:1;s:10:\"visibility\";s:7:\"visible\";s:12:\"show_in_list\";i:1;s:11:\"show_inline\";i:0;}s:15:\"c_1609744076802\";a:8:{s:4:\"type\";s:7:\"f_popup\";s:5:\"popup\";s:14:\"browser_object\";s:5:\"title\";s:17:\"LC__DC__BACKUP_DC\";s:10:\"identifier\";s:2:\"18\";s:14:\"multiselection\";i:1;s:10:\"visibility\";s:7:\"visible\";s:12:\"show_in_list\";i:1;s:11:\"show_inline\";i:0;}}","parent":"0","sort":"0","constant":"C__CATG__CUSTOM_FIELDS_DOMAIN_CONTROLLERS","sourceTable":"isys_catg_custom_fields_list","className":"isys_cmdb_dao_category_g_custom_fields","listMultiValue":"0","status":"2","objectTypeAssignment":["C__OBJTYPE__GENERIC_TEMPLATE","C__OBJTYPE__AD_DOMAIN"]},{"type":"2","title":"LC__CMDB__CAT_CUSTOM__DOMAIN_TRUSTS","configuration":"a:1:{s:15:\"c_1609744317587\";a:8:{s:4:\"type\";s:7:\"f_popup\";s:5:\"popup\";s:14:\"browser_object\";s:5:\"title\";s:30:\"LC__DOMAINTRUST_LINKED_DOMAINS\";s:10:\"identifier\";s:2:\"18\";s:14:\"multiselection\";i:1;s:10:\"visibility\";s:7:\"visible\";s:12:\"show_in_list\";i:1;s:11:\"show_inline\";i:0;}}","parent":"0","sort":"0","constant":"C__CATG__CUSTOM_FIELDS_DOMAIN_TRUSTS","sourceTable":"isys_catg_custom_fields_list","className":"isys_cmdb_dao_category_g_custom_fields","listMultiValue":"0","status":"2","objectTypeAssignment":["C__OBJTYPE__GENERIC_TEMPLATE","C__OBJTYPE__AD_DOMAIN"]},{"type":"2","title":"LC__CMDB__CAT_CUSTOM__DOMAIN_SITES","configuration":"a:1:{s:15:\"c_1609744402980\";a:8:{s:4:\"type\";s:7:\"f_popup\";s:5:\"popup\";s:14:\"browser_object\";s:5:\"title\";s:29:\"LC__DOMAINSITES__LINKED_SITES\";s:10:\"identifier\";s:2:\"18\";s:14:\"multiselection\";i:1;s:10:\"visibility\";s:7:\"visible\";s:12:\"show_in_list\";i:1;s:11:\"show_inline\";i:0;}}","parent":"0","sort":"0","constant":"C__CATG__CUSTOM_FIELDS_DOMAIN_SITES","sourceTable":"isys_catg_custom_fields_list","className":"isys_cmdb_dao_category_g_custom_fields","listMultiValue":"0","status":"2","objectTypeAssignment":["C__OBJTYPE__GENERIC_TEMPLATE","C__OBJTYPE__AD_DOMAIN"]},{"type":"2","title":"LC__CMDB__CAT_CUSTOM__DIRECTORY_PARTITIONS","configuration":"a:1:{s:15:\"c_1609744464528\";a:5:{s:4:\"type\";s:6:\"f_text\";s:5:\"title\";s:25:\"LC__DIRPART__DIRPART_INFO\";s:10:\"visibility\";s:7:\"visible\";s:12:\"show_in_list\";i:1;s:11:\"show_inline\";i:0;}}","parent":"0","sort":"0","constant":"C__CATG__CUSTOM_FIELDS_DIRECTORY_PARTITIONS","sourceTable":"isys_catg_custom_fields_list","className":"isys_cmdb_dao_category_g_custom_fields","listMultiValue":"1","status":"2","objectTypeAssignment":["C__OBJTYPE__GENERIC_TEMPLATE","C__OBJTYPE__AD_DOMAIN"]},{"type":"2","title":"LC__CMDB__CAT_CUSTOM__DOMAIN_STRUCTURE","configuration":"a:5:{s:15:\"c_1609744619840\";a:8:{s:4:\"type\";s:7:\"f_popup\";s:5:\"popup\";s:14:\"browser_object\";s:5:\"title\";s:23:\"LC__DOMAINSTRUCT__USERS\";s:10:\"identifier\";s:2:\"18\";s:14:\"multiselection\";i:1;s:10:\"visibility\";s:7:\"visible\";s:12:\"show_in_list\";i:1;s:11:\"show_inline\";i:0;}s:15:\"c_1609744657050\";a:8:{s:4:\"type\";s:7:\"f_popup\";s:5:\"popup\";s:14:\"browser_object\";s:5:\"title\";s:24:\"LC__DOMAINSTRUCT__GROUPS\";s:10:\"identifier\";s:2:\"18\";s:14:\"multiselection\";i:1;s:10:\"visibility\";s:7:\"visible\";s:12:\"show_in_list\";i:1;s:11:\"show_inline\";i:0;}s:15:\"c_1609744662809\";a:8:{s:4:\"type\";s:7:\"f_popup\";s:5:\"popup\";s:14:\"browser_object\";s:5:\"title\";s:26:\"LC__DOMAINSTRUCT__COMPUTER\";s:10:\"identifier\";s:2:\"18\";s:14:\"multiselection\";i:1;s:10:\"visibility\";s:7:\"visible\";s:12:\"show_in_list\";i:1;s:11:\"show_inline\";i:0;}s:15:\"c_1609744673477\";a:8:{s:4:\"type\";s:7:\"f_popup\";s:5:\"popup\";s:14:\"browser_object\";s:5:\"title\";s:24:\"LC__DOMAINSTRUCT__SERVER\";s:10:\"identifier\";s:2:\"18\";s:14:\"multiselection\";i:1;s:10:\"visibility\";s:7:\"visible\";s:12:\"show_in_list\";i:1;s:11:\"show_inline\";i:0;}s:15:\"c_1609744681156\";a:8:{s:4:\"type\";s:7:\"f_popup\";s:5:\"popup\";s:14:\"browser_object\";s:5:\"title\";s:24:\"LC__DOMAINSTRUCT__OTHERS\";s:10:\"identifier\";s:2:\"18\";s:14:\"multiselection\";i:1;s:10:\"visibility\";s:7:\"visible\";s:12:\"show_in_list\";i:1;s:11:\"show_inline\";i:0;}}","parent":"0","sort":"0","constant":"C__CATG__CUSTOM_FIELDS_DOMAIN_STRUCTURE","sourceTable":"isys_catg_custom_fields_list","className":"isys_cmdb_dao_category_g_custom_fields","listMultiValue":"1","status":"2","objectTypeAssignment":["C__OBJTYPE__GENERIC_TEMPLATE","C__OBJTYPE__AD_DOMAIN"]},{"type":"2","title":"LC__CMDB__CAT_CUSTOM__SITE_INFORMATION","configuration":"a:3:{s:15:\"c_1609744732444\";a:5:{s:4:\"type\";s:6:\"f_text\";s:5:\"title\";s:23:\"LC__SITEINFO__SITE_NAME\";s:10:\"visibility\";s:7:\"visible\";s:12:\"show_in_list\";i:1;s:11:\"show_inline\";i:0;}s:15:\"c_1609744737082\";a:8:{s:4:\"type\";s:7:\"f_popup\";s:5:\"popup\";s:14:\"browser_object\";s:5:\"title\";s:28:\"LC__SITEINFO__LINKED_SUBNETS\";s:10:\"identifier\";s:2:\"18\";s:14:\"multiselection\";i:1;s:10:\"visibility\";s:7:\"visible\";s:12:\"show_in_list\";i:1;s:11:\"show_inline\";i:0;}s:15:\"c_1609744743774\";a:8:{s:4:\"type\";s:7:\"f_popup\";s:5:\"popup\";s:14:\"browser_object\";s:5:\"title\";s:27:\"LC__SITEINFO__LINKED_SERVER\";s:10:\"identifier\";s:2:\"18\";s:14:\"multiselection\";i:1;s:10:\"visibility\";s:7:\"visible\";s:12:\"show_in_list\";i:1;s:11:\"show_inline\";i:0;}}","parent":"0","sort":"0","constant":"C__CATG__CUSTOM_FIELDS_SITE_INFORMATION","sourceTable":"isys_catg_custom_fields_list","className":"isys_cmdb_dao_category_g_custom_fields","listMultiValue":"0","status":"2","objectTypeAssignment":["C__OBJTYPE__GENERIC_TEMPLATE","C__OBJTYPE__AD_SITE"]},{"type":"2","title":"LC__CMDB__CAT_CUSTOM__SITE_LINKS","configuration":"a:2:{s:15:\"c_1609744789953\";a:7:{s:4:\"type\";s:7:\"f_popup\";s:5:\"popup\";s:14:\"browser_object\";s:5:\"title\";s:26:\"LC__SITELINKS__LINKED_SITE\";s:10:\"identifier\";s:2:\"18\";s:10:\"visibility\";s:7:\"visible\";s:12:\"show_in_list\";i:1;s:11:\"show_inline\";i:0;}s:15:\"c_1609744795903\";a:8:{s:4:\"type\";s:7:\"f_popup\";s:5:\"popup\";s:8:\"calendar\";s:5:\"extra\";s:13:\"date-datetime\";s:5:\"title\";s:28:\"LC__SITELINKS__SYNC_SCHEDULE\";s:7:\"default\";s:1:\"1\";s:10:\"visibility\";s:7:\"visible\";s:12:\"show_in_list\";i:1;s:11:\"show_inline\";i:0;}}","parent":"0","sort":"0","constant":"C__CATG__CUSTOM_FIELDS_SITE_LINKS","sourceTable":"isys_catg_custom_fields_list","className":"isys_cmdb_dao_category_g_custom_fields","listMultiValue":"1","status":"2","objectTypeAssignment":["C__OBJTYPE__GENERIC_TEMPLATE","C__OBJTYPE__AD_SITE"]},{"type":"2","title":"LC__CMDB__CAT_CUSTOM__DNS_SERVER","configuration":"a:2:{s:15:\"c_1609744964111\";a:7:{s:4:\"type\";s:7:\"f_popup\";s:5:\"popup\";s:14:\"browser_object\";s:5:\"title\";s:28:\"LC__DNSSERVER__LINKED_SERVER\";s:10:\"identifier\";s:2:\"18\";s:10:\"visibility\";s:7:\"visible\";s:12:\"show_in_list\";i:1;s:11:\"show_inline\";i:0;}s:15:\"c_1609744989812\";a:7:{s:4:\"type\";s:7:\"f_popup\";s:5:\"popup\";s:11:\"dialog_plus\";s:5:\"title\";s:19:\"LC__DNSSERVER__ROLE\";s:10:\"identifier\";s:18:\"C__DNSSERVER__ROLE\";s:10:\"visibility\";s:7:\"visible\";s:12:\"show_in_list\";i:1;s:11:\"show_inline\";i:0;}}","parent":"0","sort":"0","constant":"C__CATG__CUSTOM_FIELDS_DNS_SERVER","sourceTable":"isys_catg_custom_fields_list","className":"isys_cmdb_dao_category_g_custom_fields","listMultiValue":"1","status":"2","objectTypeAssignment":["C__OBJTYPE__GENERIC_TEMPLATE","C__OBJTYPE__DNS_SERVER"]},{"type":"2","title":"LC__CMDB__CAT_CUSTOM__DNS_ZONE_RECORDS","configuration":"a:5:{s:15:\"c_1609745035706\";a:5:{s:4:\"type\";s:6:\"f_text\";s:5:\"title\";s:20:\"LC__ZONERECORD__NAME\";s:10:\"visibility\";s:7:\"visible\";s:12:\"show_in_list\";i:1;s:11:\"show_inline\";i:0;}s:15:\"c_1609745037936\";a:5:{s:4:\"type\";s:6:\"f_text\";s:5:\"title\";s:19:\"LC__ZONERECORD__TTL\";s:10:\"visibility\";s:7:\"visible\";s:12:\"show_in_list\";i:1;s:11:\"show_inline\";i:0;}s:15:\"c_1609745045526\";a:7:{s:4:\"type\";s:7:\"f_popup\";s:5:\"popup\";s:11:\"dialog_plus\";s:5:\"title\";s:21:\"LC__ZONERECORD__CLASS\";s:10:\"identifier\";s:20:\"C__ZONERECORD__CLASS\";s:10:\"visibility\";s:7:\"visible\";s:12:\"show_in_list\";i:1;s:11:\"show_inline\";i:0;}s:15:\"c_1609745049429\";a:7:{s:4:\"type\";s:7:\"f_popup\";s:5:\"popup\";s:11:\"dialog_plus\";s:5:\"title\";s:20:\"LC__ZONERECORD__TYPE\";s:10:\"identifier\";s:19:\"C__ZONERECORD__TYPE\";s:10:\"visibility\";s:7:\"visible\";s:12:\"show_in_list\";i:1;s:11:\"show_inline\";i:0;}s:15:\"c_1609745054743\";a:5:{s:4:\"type\";s:10:\"f_textarea\";s:5:\"title\";s:20:\"LC__ZONERECORD__DATA\";s:10:\"visibility\";s:7:\"visible\";s:12:\"show_in_list\";i:1;s:11:\"show_inline\";i:0;}}","parent":"0","sort":"0","constant":"C__CATG__CUSTOM_FIELDS_DNS_ZONE_RECORDS","sourceTable":"isys_catg_custom_fields_list","className":"isys_cmdb_dao_category_g_custom_fields","listMultiValue":"1","status":"2","objectTypeAssignment":["C__OBJTYPE__GENERIC_TEMPLATE","C__OBJTYPE__DNS_SERVER"]},{"type":"2","title":"LC__CMDB__CAT_CUSTOM__DHCP_SERVER","configuration":"a:2:{s:15:\"c_1609745121363\";a:7:{s:4:\"type\";s:7:\"f_popup\";s:5:\"popup\";s:14:\"browser_object\";s:5:\"title\";s:29:\"LC__DHCPSERVER__LINKED_SERVER\";s:10:\"identifier\";s:2:\"18\";s:10:\"visibility\";s:7:\"visible\";s:12:\"show_in_list\";i:1;s:11:\"show_inline\";i:0;}s:15:\"c_1609745128171\";a:5:{s:4:\"type\";s:6:\"f_text\";s:5:\"title\";s:23:\"LC__DHCPSERVER__OPtIONS\";s:10:\"visibility\";s:7:\"visible\";s:12:\"show_in_list\";i:1;s:11:\"show_inline\";i:0;}}","parent":"0","sort":"0","constant":"C__CATG__CUSTOM_FIELDS_DHCP_SERVER","sourceTable":"isys_catg_custom_fields_list","className":"isys_cmdb_dao_category_g_custom_fields","listMultiValue":"1","status":"2","objectTypeAssignment":["C__OBJTYPE__GENERIC_TEMPLATE","C__OBJTYPE__DHCP_SERVER"]},{"type":"2","title":"LC__CMDB__CAT_CUSTOM__DHCP_ZONES","configuration":"a:4:{s:15:\"c_1609745160283\";a:5:{s:4:\"type\";s:6:\"f_text\";s:5:\"title\";s:18:\"LC__DHCPZONE__NAME\";s:10:\"visibility\";s:7:\"visible\";s:12:\"show_in_list\";i:1;s:11:\"show_inline\";i:0;}s:15:\"c_1609745164173\";a:7:{s:4:\"type\";s:7:\"f_popup\";s:5:\"popup\";s:14:\"browser_object\";s:5:\"title\";s:31:\"LC__DHCPZONE__LINKED_LAYER3_NET\";s:10:\"identifier\";s:2:\"18\";s:10:\"visibility\";s:7:\"visible\";s:12:\"show_in_list\";i:1;s:11:\"show_inline\";i:0;}s:15:\"c_1609745177574\";a:8:{s:4:\"type\";s:7:\"f_popup\";s:5:\"popup\";s:14:\"browser_object\";s:5:\"title\";s:30:\"LC__DHCPZONE__LINKED_NET_ZONES\";s:10:\"identifier\";s:2:\"18\";s:14:\"multiselection\";i:1;s:10:\"visibility\";s:7:\"visible\";s:12:\"show_in_list\";i:1;s:11:\"show_inline\";i:0;}s:15:\"c_1609745184870\";a:8:{s:4:\"type\";s:7:\"f_popup\";s:5:\"popup\";s:14:\"browser_object\";s:5:\"title\";s:28:\"LC__DHCPZONE__LINKED_SYSTEMS\";s:10:\"identifier\";s:2:\"18\";s:14:\"multiselection\";i:1;s:10:\"visibility\";s:7:\"visible\";s:12:\"show_in_list\";i:1;s:11:\"show_inline\";i:0;}}","parent":"0","sort":"0","constant":"C__CATG__CUSTOM_FIELDS_DHCP_ZONES","sourceTable":"isys_catg_custom_fields_list","className":"isys_cmdb_dao_category_g_custom_fields","listMultiValue":"1","status":"2","objectTypeAssignment":["C__OBJTYPE__GENERIC_TEMPLATE","C__OBJTYPE__DHCP_SERVER"]},{"type":"2","title":"LC__CMDB__CAT_CUSTOM__CERT_AUTH_INFO","configuration":"a:2:{s:15:\"c_1609745256804\";a:5:{s:4:\"type\";s:10:\"f_textarea\";s:5:\"title\";s:30:\"LC__CERTAUTHINFO__CERT_DETAILS\";s:10:\"visibility\";s:7:\"visible\";s:12:\"show_in_list\";i:1;s:11:\"show_inline\";i:0;}s:15:\"c_1609745272376\";a:8:{s:4:\"type\";s:7:\"f_popup\";s:5:\"popup\";s:11:\"dialog_plus\";s:5:\"title\";s:32:\"LC__CERTAUTHINFO__AVAILABLE_TEMP\";s:10:\"identifier\";s:31:\"C__CERTAUTHINFO__AVAILABLE_TEMP\";s:14:\"multiselection\";i:1;s:10:\"visibility\";s:7:\"visible\";s:12:\"show_in_list\";i:1;s:11:\"show_inline\";i:0;}}","parent":"0","sort":"0","constant":"C__CATG__CUSTOM_FIELDS_CERT_AUTH_INFO","sourceTable":"isys_catg_custom_fields_list","className":"isys_cmdb_dao_category_g_custom_fields","listMultiValue":"0","status":"2","objectTypeAssignment":["C__OBJTYPE__GENERIC_TEMPLATE","C__OBJTYPE__CERT_AUTH"]},{"type":"2","title":"LC__CMDB__CAT_CUSTOM__ISSUED_CERT","configuration":"a:6:{s:15:\"c_1609745305409\";a:5:{s:4:\"type\";s:6:\"f_text\";s:5:\"title\";s:20:\"LC__ISSUEDCERT__NAME\";s:10:\"visibility\";s:7:\"visible\";s:12:\"show_in_list\";i:1;s:11:\"show_inline\";i:0;}s:15:\"c_1609745310242\";a:7:{s:4:\"type\";s:7:\"f_popup\";s:5:\"popup\";s:11:\"dialog_plus\";s:5:\"title\";s:24:\"LC__ISSUEDCERT__TEMPLATE\";s:10:\"identifier\";s:23:\"C__ISSUEDCERT__TEMPLATE\";s:10:\"visibility\";s:7:\"visible\";s:12:\"show_in_list\";i:1;s:11:\"show_inline\";i:0;}s:15:\"c_1609745316868\";a:5:{s:4:\"type\";s:10:\"f_textarea\";s:5:\"title\";s:23:\"LC__ISSUEDCERT__DETAILS\";s:10:\"visibility\";s:7:\"visible\";s:12:\"show_in_list\";i:1;s:11:\"show_inline\";i:0;}s:15:\"c_1609745332975\";a:8:{s:4:\"type\";s:7:\"f_popup\";s:5:\"popup\";s:14:\"browser_object\";s:5:\"title\";s:29:\"LC__ISSUEDCERT__LINKED_SERVER\";s:10:\"identifier\";s:2:\"18\";s:14:\"multiselection\";i:1;s:10:\"visibility\";s:7:\"visible\";s:12:\"show_in_list\";i:1;s:11:\"show_inline\";i:0;}s:15:\"c_1609745341414\";a:5:{s:4:\"type\";s:10:\"f_textarea\";s:5:\"title\";s:27:\"LC__ISSUEDCERT__PRIVATE_KEY\";s:10:\"visibility\";s:7:\"visible\";s:12:\"show_in_list\";i:1;s:11:\"show_inline\";i:0;}s:15:\"c_1609745346771\";a:5:{s:4:\"type\";s:10:\"f_textarea\";s:5:\"title\";s:26:\"LC__ISSUEDCERT__PUBLIC_KEY\";s:10:\"visibility\";s:7:\"visible\";s:12:\"show_in_list\";i:1;s:11:\"show_inline\";i:0;}}","parent":"0","sort":"0","constant":"C__CATG__CUSTOM_FIELDS_ISSUED_CERT","sourceTable":"isys_catg_custom_fields_list","className":"isys_cmdb_dao_category_g_custom_fields","listMultiValue":"1","status":"2","objectTypeAssignment":["C__OBJTYPE__GENERIC_TEMPLATE","C__OBJTYPE__CERT_AUTH"]},{"type":"2","title":"LC__CMDB__CAT_CUSTOM__RDP_SETTINGS","configuration":"a:6:{s:15:\"c_1609745597302\";a:5:{s:4:\"type\";s:6:\"f_text\";s:5:\"title\";s:21:\"LC__RDP__FULL_ADDRESS\";s:10:\"visibility\";s:7:\"visible\";s:12:\"show_in_list\";i:1;s:11:\"show_inline\";i:0;}s:15:\"c_1609745605517\";a:5:{s:4:\"type\";s:6:\"f_text\";s:5:\"title\";s:20:\"LC__RDP__ALT_ADDRESS\";s:10:\"visibility\";s:7:\"visible\";s:12:\"show_in_list\";i:1;s:11:\"show_inline\";i:0;}s:15:\"c_1609745610036\";a:5:{s:4:\"type\";s:6:\"f_text\";s:5:\"title\";s:15:\"LC__RDP__DOMAIN\";s:10:\"visibility\";s:7:\"visible\";s:12:\"show_in_list\";i:1;s:11:\"show_inline\";i:0;}s:15:\"c_1609745613199\";a:5:{s:4:\"type\";s:6:\"f_text\";s:5:\"title\";s:16:\"LC__RDP__GATEWAY\";s:10:\"visibility\";s:7:\"visible\";s:12:\"show_in_list\";i:1;s:11:\"show_inline\";i:0;}s:15:\"c_1609745615351\";a:5:{s:4:\"type\";s:6:\"f_text\";s:5:\"title\";s:17:\"LC__RDP__USERNAME\";s:10:\"visibility\";s:7:\"visible\";s:12:\"show_in_list\";i:1;s:11:\"show_inline\";i:0;}s:15:\"c_1609745618689\";a:5:{s:4:\"type\";s:6:\"f_text\";s:5:\"title\";s:17:\"LC__RDP__PASSWORD\";s:10:\"visibility\";s:7:\"visible\";s:12:\"show_in_list\";i:1;s:11:\"show_inline\";i:0;}}","parent":"0","sort":"0","constant":"C__CATG__CUSTOM_FIELDS_RDP_SETTINGS","sourceTable":"isys_catg_custom_fields_list","className":"isys_cmdb_dao_category_g_custom_fields","listMultiValue":"0","status":"2","objectTypeAssignment":["C__OBJTYPE__GENERIC_TEMPLATE","C__OBJTYPE__WINDOWS_CLIENT"]}]