{"isys_dialog_plus_custom:C__ADFSMO__ROLE":[{"title":"LC__AD_ROLE_PDC","constant":"C__AD_ROLE_PDC","sort":0},{"title":"LC__AD_ROLE_SM","constant":"C__AD_ROLE_SM","sort":0},{"title":"LC__AD_ROLE_RID","constant":"C__AD_ROLE_RID","sort":0},{"title":"LC__AD_ROLE_DIM","constant":"C__AD_ROLE_DIM","sort":0},{"title":"LC__AD_ROLE_DNM","constant":"C__AD_ROLE_DNM","sort":0}],"isys_dialog_plus_custom:C__DNSSERVER__ROLE":[{"title":"LC__DNS_ROLE_MASTER","constant":"C__DNS_ROLE_MASTER","sort":0},{"title":"LC__DNS_ROLE_SLAVE","constant":"C__DNS_ROLE_SLAVE","sort":0}],"isys_dialog_plus_custom:C__ZONERECORD__CLASS":[{"title":"LC__DNS_CLASS_INTERNET","constant":"C__DNS_CLASS_INTERNET","sort":0},{"title":"LC__DNS_CLASS_CHAOSNET","constant":"C__DNS_CLASS_CHAOSNET","sort":0},{"title":"LC__DNS_CLASS_HESIOD","constant":"C__DNS_CLASS_HESIOD","sort":0}],"isys_dialog_plus_custom:C__DOMAININFO__DOM_FUNCLEVEL":[{"title":"LC__DFL_UNI_GROUP","constant":"C__DFL_UNI_GROUP","sort":0},{"title":"LC__DFL_GROUP_NESTING","constant":"C__DFL_GROUP_NESTING","sort":0},{"title":"LC__DFL_SEC_TO_DIST_GRP","constant":"C__DFL_SEC_TO_DIST_GRP","sort":0},{"title":"LC__DFL_SID_HISTORY","constant":"C__DFL_SID_HISTORY","sort":0},{"title":"LC__DFL_DC_RENAME","constant":"C__DFL_DC_RENAME","sort":0},{"title":"LC__DFL_LAST_LOG_TIME","constant":"C__DFL_LAST_LOG_TIME","sort":0},{"title":"LC__DFL_PASSWORD_POLICIES","constant":"C__DFL_PASSWORD_POLICIES","sort":0},{"title":"LC__DFL_SELECT_AUTH","constant":"C__DFL_SELECT_AUTH","sort":0},{"title":"LC__DFL_DFS_REPLICATION","constant":"C__DFL_DFS_REPLICATION","sort":0},{"title":"LC__DFL_DFS_NAMESPACE","constant":"C__DFL_DFS_NAMESPACE","sort":0},{"title":"LC__DFL_AES_KERB","constant":"C__DFL_AES_KERB","sort":0},{"title":"LC__DFL_LAST_LOG_INTER","constant":"C__DFL_LAST_LOG_INTER","sort":0},{"title":"LC__DFL_FINE_ACC_PASS_POLICIES","constant":"C__DFL_FINE_ACC_PASS_POLICIES","sort":0},{"title":"LC__DFL_PERS_VIRT_DESKTOPS","constant":"C__DFL_PERS_VIRT_DESKTOPS","sort":0},{"title":"LC__DFL_LOGON_METHODS","constant":"C__DFL_LOGON_METHODS","sort":0},{"title":"LC__DFL_AUTO_SPN","constant":"C__DFL_AUTO_SPN","sort":0},{"title":"LC__DFL_KDC_SUPPORT","constant":"C__DFL_KDC_SUPPORT","sort":0},{"title":"LC__DFL_PROTECTED_AUTH_POLICIES","constant":"C__DFL_PROTECTED_AUTH_POLICIES","sort":0},{"title":"LC__DFL_AUTH_POLICIES","constant":"C__DFL_AUTH_POLICIES","sort":0},{"title":"LC__DFL_AUTH_POLICY_SILOS","constant":"C__DFL_AUTH_POLICY_SILOS","sort":0},{"title":"LC__DFL_AUTO_DISTRIBUTING_NTLM","constant":"C__DFL_AUTO_DISTRIBUTING_NTLM","sort":0},{"title":"LC__DFL_NETWORK_NTLM","constant":"C__DFL_NETWORK_NTLM","sort":0},{"title":"LC__DFL_KERB_PKINIT","constant":"C__DFL_KERB_PKINIT","sort":0}],"isys_dialog_plus_custom:C__DOMAIN_SCHEMA__SCHEMA_VERSION":[{"title":"LC__DOMAIN_SCHEMA_13","constant":"C__DOMAIN_SCHEMA_13","sort":0},{"title":"LC__DOMAIN_SCHEMA_30","constant":"C__DOMAIN_SCHEMA_30","sort":0},{"title":"LC__DOMAIN_SCHEMA_31","constant":"C__DOMAIN_SCHEMA_31","sort":0},{"title":"LC__DOMAIN_SCHEMA_44","constant":"C__DOMAIN_SCHEMA_44","sort":0},{"title":"LC__DOMAIN_SCHEMA_47","constant":"C__DOMAIN_SCHEMA_47","sort":0},{"title":"LC__DOMAIN_SCHEMA_56","constant":"C__DOMAIN_SCHEMA_56","sort":0},{"title":"LC__DOMAIN_SCHEMA_69","constant":"C__DOMAIN_SCHEMA_69","sort":0},{"title":"LC__DOMAIN_SCHEMA_87","constant":"C__DOMAIN_SCHEMA_87","sort":0},{"title":"LC__DOMAIN_SCHEMA_88","constant":"C__DOMAIN_SCHEMA_88","sort":0}],"isys_dialog_plus_custom:C__FORESTINFO__FUNCLEVEL":[{"title":"LC__FFL_FOREST_TRUST","constant":"C__FFL_FOREST_TRUST","sort":0},{"title":"LC__FFL_DOMAIN_RENAME","constant":"C__FFL_DOMAIN_RENAME","sort":0},{"title":"LC__FFL_LINKED_VAL_REPLICATION","constant":"C__FFL_LINKED_VAL_REPLICATION","sort":0},{"title":"LC__FFL_DEPLOY_RODC","constant":"C__FFL_DEPLOY_RODC","sort":0},{"title":"LC__FFL_IMPRO_KCC","constant":"C__FFL_IMPRO_KCC","sort":0},{"title":"LC__FFL_DYN_OBJ_INSTANCES","constant":"C__FFL_DYN_OBJ_INSTANCES","sort":0},{"title":"LC__FFL_CONV_INETORG_PERSON","constant":"C__FFL_CONV_INETORG_PERSON","sort":0},{"title":"LC__FFL_APP_LDAP_GROUPS","constant":"C__FFL_APP_LDAP_GROUPS","sort":0},{"title":"LC__FFL_DEACT_REDEF_ATTR","constant":"C__FFL_DEACT_REDEF_ATTR","sort":0},{"title":"LC__FFL_DFS_NAMESPACES","constant":"C__FFL_DFS_NAMESPACES","sort":0},{"title":"LC__FFL_AD_RECYCLE_BIN","constant":"C__FFL_AD_RECYCLE_BIN","sort":0},{"title":"LC__FFL_PAM","constant":"C__FFL_PAM","sort":0}],"isys_dialog_plus_custom:C__DC_ROLE_DNM":[{"title":"LC__DC_ROLE_DNM","constant":"C__DC_ROLE_DNM","sort":0},{"title":"LC__DC_ROLE_PDC","constant":"C__DC_ROLE_PDC","sort":0},{"title":"LC__DC_ROLE_SM","constant":"C__DC_ROLE_SM","sort":0},{"title":"LC__DC_ROLE_RID","constant":"C__DC_ROLE_RID","sort":0},{"title":"LC__DC_ROLE_DIM","constant":"C__DC_ROLE_DIM","sort":0}],"isys_dialog_plus_custom:C__WININFO__ACTIVATION":[{"title":"LC__WINDOWS_ACTIVATION_TRUE","constant":"C__WINDOWS_ACTIVATION_TRUE","sort":0},{"title":"LC__WINDOWS_ACTIVATION_FALSE","constant":"C__WINDOWS_ACTIVATION_FALSE","sort":0}],"isys_dialog_plus_custom:C__WININFO__TYPE":[{"title":"LC__WINTYPE__DESKTOP","constant":"C__WINTYPE__DESKTOP","sort":0},{"title":"LC__WINTYPE__SERVER","constant":"C__WINTYPE__SERVER","sort":0}],"isys_dialog_plus_custom:C__WININFO__VERSION":[{"title":"LC__WINVERSION__XP","constant":"C__WINVERSION__XP","sort":0},{"title":"LC__WINVERSION__2000","constant":"C__WINVERSION__2000","sort":0},{"title":"LC__WINVERSION__VISTA","constant":"C__WINVERSION__XP","sort":0},{"title":"LC__WINVERSION__7","constant":"C__WINVERSION__7","sort":0},{"title":"LC__WINVERSION__8","constant":"C__WINVERSION__8","sort":0},{"title":"LC__WINVERSION__10","constant":"C__WINVERSION__10","sort":0},{"title":"LC__WINVERSION__2003","constant":"C__WINVERSION__2003","sort":0},{"title":"LC__WINVERSION__2003_R2","constant":"C__WINVERSION__2003_R2","sort":0},{"title":"LC__WINVERSION__2008","constant":"C__WINVERSION__2008","sort":0},{"title":"LC__WINVERSION__2008_R2","constant":"C__WINVERSION__2008_R2","sort":0},{"title":"LC__WINVERSION__2012","constant":"C__WINVERSION__2012","sort":0},{"title":"LC__WINVERSION__2012_R2","constant":"C__WINVERSION__2012_R2","sort":0},{"title":"LC__WINVERSION__2016","constant":"C__WINVERSION__2016","sort":0},{"title":"LC__WINVERSION__2019","constant":"C__WINVERSION__2019","sort":0},{"title":"LC__WINVERSION__81","constant":"C__WINVERSION__81","sort":0}],"isys_dialog_plus_custom:C__WININFO__WORKGROUP":[{"title":"LC__WINWG__WG","constant":"C__WINWG__WG","sort":0}],"isys_dialog_plus_custom:C__WINNTFSSHARE__RIGHTS":[{"title":"LC__RIGHTS_READ","constant":"C__RIGHTS_READ","sort":0},{"title":"LC__RIGHTS_WRITE","constant":"C__RIGHTS_WRITE","sort":0},{"title":"LC__RIGHTS_EXECUTE","constant":"C__RIGHTS_EXECUTE","sort":0},{"title":"LC__RIGHTS_ADMIN","constant":"C__RIGHTS_ADMIN","sort":0}],"isys_dialog_plus_custom:C__WINSERVICE__STATUS":[{"title":"LC__SERVSTAT__STARTED","constant":"C__SERVSTAT__STARTED","sort":0},{"title":"LC__SERVSTAT__STOPPED","constant":"C__SERVSTAT__STOPPED","sort":0},{"title":"LC__SERVSTAT__PAUSED","constant":"C__SERVSTAT__PAUSED","sort":0}]}