[{"constant":"C__OBJTYPE__AD_DOMAIN","global":["C__CATG__VIRTUAL_TICKETS","C__CATG__GLOBAL","C__CATG__RELATION","C__CATG__MULTIEDIT","C__CATG__LOGBOOK","C__CATG__VIRTUAL_AUTH","C__CATG__PLANNING"],"specific":null,"custom":["C__CATG__CUSTOM_FIELDS_AD_FSMO_ROLES","C__CATG__CUSTOM_FIELDS_DIRECTORY_PARTITIONS","C__CATG__CUSTOM_FIELDS_DOMAIN_CONTROLLERS","C__CATG__CUSTOM_FIELDS_DOMAIN_INFORMATION","C__CATG__CUSTOM_FIELDS_DOMAIN_SCHEMA","C__CATG__CUSTOM_FIELDS_DOMAIN_SITES","C__CATG__CUSTOM_FIELDS_DOMAIN_STRUCTURE","C__CATG__CUSTOM_FIELDS_DOMAIN_TRUSTS"]},{"constant":"C__OBJTYPE__AD_FOREST","global":["C__CATG__VIRTUAL_TICKETS","C__CATG__GLOBAL","C__CATG__RELATION","C__CATG__MULTIEDIT","C__CATG__LOGBOOK","C__CATG__VIRTUAL_AUTH","C__CATG__PLANNING"],"specific":null,"custom":["C__CATG__CUSTOM_FIELDS_AD_FSMO_ROLES","C__CATG__CUSTOM_FIELDS_AD_GLOBAL_CATALOGUE","C__CATG__CUSTOM_FIELDS_FOREST_INFORMATION","C__CATG__CUSTOM_FIELDS_FOREST_TRUSTS"]},{"constant":"C__OBJTYPE__AD_SITE","global":["C__CATG__VIRTUAL_TICKETS","C__CATG__GLOBAL","C__CATG__RELATION","C__CATG__MULTIEDIT","C__CATG__LOGBOOK","C__CATG__VIRTUAL_AUTH","C__CATG__PLANNING"],"specific":null,"custom":["C__CATG__CUSTOM_FIELDS_SITE_INFORMATION","C__CATG__CUSTOM_FIELDS_SITE_LINKS"]},{"constant":"C__OBJTYPE__CERT_AUTH","global":["C__CATG__VIRTUAL_TICKETS","C__CATG__GLOBAL","C__CATG__RELATION","C__CATG__MULTIEDIT","C__CATG__LOGBOOK","C__CATG__VIRTUAL_AUTH","C__CATG__PLANNING"],"specific":null,"custom":["C__CATG__CUSTOM_FIELDS_CERT_AUTH_INFO","C__CATG__CUSTOM_FIELDS_ISSUED_CERT"]},{"constant":"C__OBJTYPE__DHCP_SERVER","global":["C__CATG__VIRTUAL_TICKETS","C__CATG__GLOBAL","C__CATG__OPERATING_SYSTEM","C__CATG__RELATION","C__CATG__IP","C__CATG__MULTIEDIT","C__CATG__LOGBOOK","C__CATG__VIRTUAL_AUTH","C__CATG__PLANNING"],"specific":null,"custom":["C__CATG__CUSTOM_FIELDS_DHCP_SERVER","C__CATG__CUSTOM_FIELDS_DHCP_ZONES"]},{"constant":"C__OBJTYPE__DNS_SERVER","global":["C__CATG__VIRTUAL_TICKETS","C__CATG__GLOBAL","C__CATG__OPERATING_SYSTEM","C__CATG__RELATION","C__CATG__IP","C__CATG__MULTIEDIT","C__CATG__LOGBOOK","C__CATG__VIRTUAL_AUTH","C__CATG__PLANNING"],"specific":null,"custom":["C__CATG__CUSTOM_FIELDS_DNS_SERVER","C__CATG__CUSTOM_FIELDS_DNS_ZONE_RECORDS"]},{"constant":"C__OBJTYPE__WINDOWS_CLIENT","global":["C__CATG__VIRTUAL_TICKETS","C__CATG__GLOBAL","C__CATG__OPERATING_SYSTEM","C__CATG__RELATION","C__CATG__IP","C__CATG__MULTIEDIT","C__CATG__LOGBOOK","C__CATG__VIRTUAL_AUTH","C__CATG__PLANNING"],"specific":null,"custom":["C__CATG__CUSTOM_FIELDS_RDP_SETTINGS","C__CATG__CUSTOM_FIELDS_WINDOWS_INFORMATION"]},{"constant":"C__OBJTYPE__WINDOWS_SERVER","global":["C__CATG__VIRTUAL_TICKETS","C__CATG__GLOBAL","C__CATG__OPERATING_SYSTEM","C__CATG__RELATION","C__CATG__IP","C__CATG__LDAP_DN","C__CATG__MULTIEDIT","C__CATG__LOGBOOK","C__CATG__VIRTUAL_AUTH","C__CATG__PLANNING"],"specific":null,"custom":["C__CATG__CUSTOM_FIELDS_WINDOWS_DC","C__CATG__CUSTOM_FIELDS_WINDOWS_EVENTS","C__CATG__CUSTOM_FIELDS_WINDOWS_FEATURES","C__CATG__CUSTOM_FIELDS_WINDOWS_FSMO_INFO","C__CATG__CUSTOM_FIELDS_WINDOWS_GLOBAL_CATALOGUE","C__CATG__CUSTOM_FIELDS_WINDOWS_INFORMATION","C__CATG__CUSTOM_FIELDS_WINDOWS_NTFS_SHARES","C__CATG__CUSTOM_FIELDS_WINDOWS_ROLES","C__CATG__CUSTOM_FIELDS_WINDOWS_SERVER_GROUP","C__CATG__CUSTOM_FIELDS_WINDOWS_SERVICES","C__CATG__CUSTOM_FIELDS_WINDOWS_UPDATE"]}]