[{"type":"2","title":"Diary","configuration":"a:3:{s:15:\"c_1581927717973\";a:8:{s:4:\"type\";s:7:\"f_popup\";s:5:\"popup\";s:8:\"calendar\";s:5:\"extra\";s:13:\"date-datetime\";s:5:\"title\";s:4:\"Date\";s:7:\"default\";s:2:\"-1\";s:10:\"visibility\";s:7:\"visible\";s:12:\"show_in_list\";i:1;s:11:\"show_inline\";i:0;}s:15:\"c_1581927723207\";a:7:{s:4:\"type\";s:7:\"f_popup\";s:5:\"popup\";s:14:\"browser_object\";s:5:\"title\";s:6:\"Author\";s:10:\"identifier\";s:1:\"5\";s:10:\"visibility\";s:7:\"visible\";s:12:\"show_in_list\";i:1;s:11:\"show_inline\";i:0;}s:15:\"c_1581927732804\";a:5:{s:4:\"type\";s:9:\"f_wysiwyg\";s:5:\"title\";s:5:\"Entry\";s:10:\"visibility\";s:7:\"visible\";s:12:\"show_in_list\";i:1;s:11:\"show_inline\";i:0;}}","parent":"0","sort":"0","constant":"C__CATG__CUSTOM_FIELDS_DIARY","sourceTable":"isys_catg_custom_fields_list","className":"isys_cmdb_dao_category_g_custom_fields","listMultiValue":"1","status":"2","objectTypeAssignment":["C__OBJTYPE__SERVER","C__OBJTYPE__VIRTUAL_SERVER","C__OBJTYPE__GENERIC_TEMPLATE","C__OBJTYPE__CLIENT"]}]