<?xml version="1.0"?>
<isys>
  <info>
    <title>DNS Documentation</title>
    <version>0.1</version>
    <release>2020-03-19</release>
  </info>
  <queries>
    <query>
      <title>Create object type group 'DNS'.</title>
      <check ident="C_VALUE_EXISTS">SELECT isys_obj_type_group__id FROM isys_obj_type_group WHERE isys_obj_type_group__const = 'C__OBJTYPE_GROUP__SD_DNS' LIMIT 1;</check>
      <sql>
        <exec ident="true">UPDATE isys_obj_type_group SET 
            isys_obj_type_group__title = 'DNS', 
            isys_obj_type_group__status = 2
            WHERE isys_obj_type_group__const = 'C__OBJTYPE_GROUP__SD_DNS'
            LIMIT 1;</exec>
        <exec ident="false">INSERT INTO isys_obj_type_group SET 
            isys_obj_type_group__title = 'DNS', 
            isys_obj_type_group__const = 'C__OBJTYPE_GROUP__SD_DNS', 
            isys_obj_type_group__status = 2;</exec>
      </sql>
    </query>
    <query>
      <title>Create object type 'DNS Server'.</title>
      <check ident="C_VALUE_EXISTS">SELECT isys_obj_type__id FROM isys_obj_type WHERE isys_obj_type__const = 'C__DNS_SERVER' LIMIT 1;</check>
      <sql>
        <exec ident="true">UPDATE isys_obj_type SET 
            isys_obj_type__isys_obj_type_group__id = (SELECT isys_obj_type_group__id FROM isys_obj_type_group WHERE isys_obj_type_group__const = 'C__OBJTYPE_GROUP__SD_DNS' LIMIT 1),
            
            
            isys_obj_type__title = 'DNS Server', 
            isys_obj_type__selfdefined = 1,
            isys_obj_type__container = 0,
            isys_obj_type__obj_img_name = 'server.png',
            isys_obj_type__icon = 'images/icons/silk/server.png',
            isys_obj_type__sort = '65535',
            isys_obj_type__status = 2,
            isys_obj_type__show_in_tree = 1,
            isys_obj_type__show_in_rack = 1,
            isys_obj_type__overview = 0,
            isys_obj_type__color = 'FF121A',
            isys_obj_type__class_name = 'isys_cmdb_dao_list_objects_all',
            isys_obj_type__sysid_prefix = '',
            isys_obj_type__relation_master = 0,
            isys_obj_type__use_template_title = 0
            WHERE isys_obj_type__const = 'C__DNS_SERVER'
            LIMIT 1;</exec>
        <exec ident="false">INSERT INTO isys_obj_type SET 
            isys_obj_type__isys_obj_type_group__id = (SELECT isys_obj_type_group__id FROM isys_obj_type_group WHERE isys_obj_type_group__const = 'C__OBJTYPE_GROUP__SD_DNS' LIMIT 1),
            
            
            isys_obj_type__title = 'DNS Server', 
            isys_obj_type__selfdefined = 1,
            isys_obj_type__container = 0,
            isys_obj_type__obj_img_name = 'server.png',
            isys_obj_type__icon = 'images/icons/silk/server.png',
            isys_obj_type__const = 'C__DNS_SERVER',
            isys_obj_type__sort = '65535',
            isys_obj_type__status = 2,
            isys_obj_type__show_in_tree = 1,
            isys_obj_type__show_in_rack = 1,
            isys_obj_type__overview = 0,
            isys_obj_type__color = 'FF121A',
            isys_obj_type__class_name = 'isys_cmdb_dao_list_objects_all',
            isys_obj_type__sysid_prefix = '',
            isys_obj_type__relation_master = 0,
            isys_obj_type__use_template_title = 0;</exec>
      </sql>
    </query>
    <query>
      <title>Create object type 'DNS Zone'.</title>
      <check ident="C_VALUE_EXISTS">SELECT isys_obj_type__id FROM isys_obj_type WHERE isys_obj_type__const = 'C__DNS_ZONE' LIMIT 1;</check>
      <sql>
        <exec ident="true">UPDATE isys_obj_type SET 
            isys_obj_type__isys_obj_type_group__id = (SELECT isys_obj_type_group__id FROM isys_obj_type_group WHERE isys_obj_type_group__const = 'C__OBJTYPE_GROUP__SD_DNS' LIMIT 1),
            
            
            isys_obj_type__title = 'DNS Zone', 
            isys_obj_type__selfdefined = 1,
            isys_obj_type__container = 0,
            isys_obj_type__obj_img_name = 'service.jpg',
            isys_obj_type__icon = 'images/icons/silk/chart_pie.png',
            isys_obj_type__sort = '65535',
            isys_obj_type__status = 2,
            isys_obj_type__show_in_tree = 1,
            isys_obj_type__show_in_rack = 0,
            isys_obj_type__overview = 0,
            isys_obj_type__color = '031CFF',
            isys_obj_type__class_name = 'isys_cmdb_dao_list_objects_all',
            isys_obj_type__sysid_prefix = '',
            isys_obj_type__relation_master = 0,
            isys_obj_type__use_template_title = 0
            WHERE isys_obj_type__const = 'C__DNS_ZONE'
            LIMIT 1;</exec>
        <exec ident="false">INSERT INTO isys_obj_type SET 
            isys_obj_type__isys_obj_type_group__id = (SELECT isys_obj_type_group__id FROM isys_obj_type_group WHERE isys_obj_type_group__const = 'C__OBJTYPE_GROUP__SD_DNS' LIMIT 1),
            
            
            isys_obj_type__title = 'DNS Zone', 
            isys_obj_type__selfdefined = 1,
            isys_obj_type__container = 0,
            isys_obj_type__obj_img_name = 'service.jpg',
            isys_obj_type__icon = 'images/icons/silk/chart_pie.png',
            isys_obj_type__const = 'C__DNS_ZONE',
            isys_obj_type__sort = '65535',
            isys_obj_type__status = 2,
            isys_obj_type__show_in_tree = 1,
            isys_obj_type__show_in_rack = 0,
            isys_obj_type__overview = 0,
            isys_obj_type__color = '031CFF',
            isys_obj_type__class_name = 'isys_cmdb_dao_list_objects_all',
            isys_obj_type__sysid_prefix = '',
            isys_obj_type__relation_master = 0,
            isys_obj_type__use_template_title = 0;</exec>
      </sql>
    </query>
    <query>
      <title>Create custom category 'DNS Records'.</title>
      <check ident="C_VALUE_EXISTS">SELECT isysgui_catg_custom__id FROM isysgui_catg_custom WHERE isysgui_catg_custom__const = 'C__CATG__CUSTOM_FIELDS_DNS_RECORDS' LIMIT 1;</check>
      <sql>
        <exec ident="true">UPDATE isysgui_catg_custom SET 
            isysgui_catg_custom__type = 2, 
            isysgui_catg_custom__title = 'DNS Records', 
            isysgui_catg_custom__config = 'a:5:{s:15:\"c_1579591005583\";a:4:{s:4:\"type\";s:6:\"f_text\";s:5:\"title\";s:4:\"Name\";s:10:\"visibility\";s:7:\"visible\";s:12:\"show_in_list\";i:1;}s:15:\"c_1579591018368\";a:4:{s:4:\"type\";s:6:\"f_text\";s:5:\"title\";s:3:\"TTL\";s:10:\"visibility\";s:7:\"visible\";s:12:\"show_in_list\";i:1;}s:15:\"c_1579591038612\";a:6:{s:4:\"type\";s:7:\"f_popup\";s:5:\"popup\";s:11:\"dialog_plus\";s:5:\"title\";s:5:\"CLASS\";s:10:\"identifier\";s:12:\"Record_Class\";s:10:\"visibility\";s:7:\"visible\";s:12:\"show_in_list\";i:1;}s:15:\"c_1579591225540\";a:6:{s:4:\"type\";s:7:\"f_popup\";s:5:\"popup\";s:11:\"dialog_plus\";s:5:\"title\";s:4:\"TYPE\";s:10:\"identifier\";s:11:\"Record_Type\";s:10:\"visibility\";s:7:\"visible\";s:12:\"show_in_list\";i:1;}s:15:\"c_1579591396094\";a:4:{s:4:\"type\";s:6:\"f_text\";s:5:\"title\";s:4:\"DATA\";s:10:\"visibility\";s:7:\"visible\";s:12:\"show_in_list\";i:1;}}', 
            isysgui_catg_custom__parent = 0,  
            isysgui_catg_custom__list_multi_value = 1, 
            isysgui_catg_custom__status = 2
            WHERE isysgui_catg_custom__const = 'C__CATG__CUSTOM_FIELDS_DNS_RECORDS'
            LIMIT 1;</exec>
        <exec ident="false">INSERT INTO isysgui_catg_custom SET 
            isysgui_catg_custom__type = 2, 
            isysgui_catg_custom__title = 'DNS Records', 
            isysgui_catg_custom__config = 'a:5:{s:15:\"c_1579591005583\";a:4:{s:4:\"type\";s:6:\"f_text\";s:5:\"title\";s:4:\"Name\";s:10:\"visibility\";s:7:\"visible\";s:12:\"show_in_list\";i:1;}s:15:\"c_1579591018368\";a:4:{s:4:\"type\";s:6:\"f_text\";s:5:\"title\";s:3:\"TTL\";s:10:\"visibility\";s:7:\"visible\";s:12:\"show_in_list\";i:1;}s:15:\"c_1579591038612\";a:6:{s:4:\"type\";s:7:\"f_popup\";s:5:\"popup\";s:11:\"dialog_plus\";s:5:\"title\";s:5:\"CLASS\";s:10:\"identifier\";s:12:\"Record_Class\";s:10:\"visibility\";s:7:\"visible\";s:12:\"show_in_list\";i:1;}s:15:\"c_1579591225540\";a:6:{s:4:\"type\";s:7:\"f_popup\";s:5:\"popup\";s:11:\"dialog_plus\";s:5:\"title\";s:4:\"TYPE\";s:10:\"identifier\";s:11:\"Record_Type\";s:10:\"visibility\";s:7:\"visible\";s:12:\"show_in_list\";i:1;}s:15:\"c_1579591396094\";a:4:{s:4:\"type\";s:6:\"f_text\";s:5:\"title\";s:4:\"DATA\";s:10:\"visibility\";s:7:\"visible\";s:12:\"show_in_list\";i:1;}}', 
            isysgui_catg_custom__parent = 0, 
            isysgui_catg_custom__const = 'C__CATG__CUSTOM_FIELDS_DNS_RECORDS', 
            isysgui_catg_custom__list_multi_value = 1,  
            isysgui_catg_custom__status = 2;</exec>
      </sql>
    </query>
    <query>
      <title>Create custom category 'Authoritative Nameservers'.</title>
      <check ident="C_VALUE_EXISTS">SELECT isysgui_catg_custom__id FROM isysgui_catg_custom WHERE isysgui_catg_custom__const = 'C__CATG__CUSTOM_FIELDS_AUTHORITATIVE_NAMESERVERS' LIMIT 1;</check>
      <sql>
        <exec ident="true">UPDATE isysgui_catg_custom SET 
            isysgui_catg_custom__type = 2, 
            isysgui_catg_custom__title = 'Authoritative Nameservers', 
            isysgui_catg_custom__config = 'a:2:{s:15:\"c_1579764519338\";a:6:{s:4:\"type\";s:7:\"f_popup\";s:5:\"popup\";s:14:\"browser_object\";s:5:\"title\";s:17:\"DNS Server Objekt\";s:10:\"identifier\";s:2:\"18\";s:10:\"visibility\";s:7:\"visible\";s:12:\"show_in_list\";i:1;}s:15:\"c_1579764501769\";a:6:{s:4:\"type\";s:7:\"f_popup\";s:5:\"popup\";s:11:\"dialog_plus\";s:5:\"title\";s:5:\"Rolle\";s:10:\"identifier\";s:9:\"Zone_Role\";s:10:\"visibility\";s:7:\"visible\";s:12:\"show_in_list\";i:1;}}', 
            isysgui_catg_custom__parent = 0,  
            isysgui_catg_custom__list_multi_value = 1, 
            isysgui_catg_custom__status = 2
            WHERE isysgui_catg_custom__const = 'C__CATG__CUSTOM_FIELDS_AUTHORITATIVE_NAMESERVERS'
            LIMIT 1;</exec>
        <exec ident="false">INSERT INTO isysgui_catg_custom SET 
            isysgui_catg_custom__type = 2, 
            isysgui_catg_custom__title = 'Authoritative Nameservers', 
            isysgui_catg_custom__config = 'a:2:{s:15:\"c_1579764519338\";a:6:{s:4:\"type\";s:7:\"f_popup\";s:5:\"popup\";s:14:\"browser_object\";s:5:\"title\";s:17:\"DNS Server Objekt\";s:10:\"identifier\";s:2:\"18\";s:10:\"visibility\";s:7:\"visible\";s:12:\"show_in_list\";i:1;}s:15:\"c_1579764501769\";a:6:{s:4:\"type\";s:7:\"f_popup\";s:5:\"popup\";s:11:\"dialog_plus\";s:5:\"title\";s:5:\"Rolle\";s:10:\"identifier\";s:9:\"Zone_Role\";s:10:\"visibility\";s:7:\"visible\";s:12:\"show_in_list\";i:1;}}', 
            isysgui_catg_custom__parent = 0, 
            isysgui_catg_custom__const = 'C__CATG__CUSTOM_FIELDS_AUTHORITATIVE_NAMESERVERS', 
            isysgui_catg_custom__list_multi_value = 1,  
            isysgui_catg_custom__status = 2;</exec>
      </sql>
    </query>
    <query>
      <title>Create custom category 'DNS Zones'.</title>
      <check ident="C_VALUE_EXISTS">SELECT isysgui_catg_custom__id FROM isysgui_catg_custom WHERE isysgui_catg_custom__const = 'C__CATG__CUSTOM_FIELDS_DNS_ZONES' LIMIT 1;</check>
      <sql>
        <exec ident="true">UPDATE isysgui_catg_custom SET 
            isysgui_catg_custom__type = 2, 
            isysgui_catg_custom__title = 'DNS Zones', 
            isysgui_catg_custom__config = 'a:1:{s:15:\"c_1579764798848\";a:6:{s:4:\"type\";s:7:\"f_popup\";s:5:\"popup\";s:14:\"report_browser\";s:5:\"title\";s:0:\"\";s:10:\"identifier\";s:24:\"C__ZONENMITGLIEDSCHAFTEN\";s:10:\"visibility\";s:7:\"visible\";s:12:\"show_in_list\";i:1;}}', 
            isysgui_catg_custom__parent = 0,  
            isysgui_catg_custom__list_multi_value = 0, 
            isysgui_catg_custom__status = 2
            WHERE isysgui_catg_custom__const = 'C__CATG__CUSTOM_FIELDS_DNS_ZONES'
            LIMIT 1;</exec>
        <exec ident="false">INSERT INTO isysgui_catg_custom SET 
            isysgui_catg_custom__type = 2, 
            isysgui_catg_custom__title = 'DNS Zones', 
            isysgui_catg_custom__config = 'a:1:{s:15:\"c_1579764798848\";a:6:{s:4:\"type\";s:7:\"f_popup\";s:5:\"popup\";s:14:\"report_browser\";s:5:\"title\";s:0:\"\";s:10:\"identifier\";s:24:\"C__ZONENMITGLIEDSCHAFTEN\";s:10:\"visibility\";s:7:\"visible\";s:12:\"show_in_list\";i:1;}}', 
            isysgui_catg_custom__parent = 0, 
            isysgui_catg_custom__const = 'C__CATG__CUSTOM_FIELDS_DNS_ZONES', 
            isysgui_catg_custom__list_multi_value = 0,  
            isysgui_catg_custom__status = 2;</exec>
      </sql>
    </query>
    <query>
      <title>Create custom category 'SOA Record'.</title>
      <check ident="C_VALUE_EXISTS">SELECT isysgui_catg_custom__id FROM isysgui_catg_custom WHERE isysgui_catg_custom__const = 'C__CATG__CUSTOM_FIELDS_SOA_RECORD' LIMIT 1;</check>
      <sql>
        <exec ident="true">UPDATE isysgui_catg_custom SET 
            isysgui_catg_custom__type = 2, 
            isysgui_catg_custom__title = 'SOA Record', 
            isysgui_catg_custom__config = 'a:9:{s:15:\"c_1584606018785\";a:4:{s:4:\"type\";s:6:\"f_text\";s:5:\"title\";s:3:\"TTL\";s:10:\"visibility\";s:7:\"visible\";s:12:\"show_in_list\";i:1;}s:15:\"c_1584606024280\";a:6:{s:4:\"type\";s:7:\"f_popup\";s:5:\"popup\";s:11:\"dialog_plus\";s:5:\"title\";s:5:\"CLASS\";s:10:\"identifier\";s:9:\"SOA_Class\";s:10:\"visibility\";s:7:\"visible\";s:12:\"show_in_list\";i:1;}s:15:\"c_1584606137520\";a:4:{s:4:\"type\";s:6:\"f_text\";s:5:\"title\";s:18:\"Primary Nameserver\";s:10:\"visibility\";s:7:\"visible\";s:12:\"show_in_list\";i:1;}s:15:\"c_1584607330416\";a:4:{s:4:\"type\";s:6:\"f_text\";s:5:\"title\";s:27:\"Administrator E-Mailadresse\";s:10:\"visibility\";s:7:\"visible\";s:12:\"show_in_list\";i:1;}s:15:\"c_1584606916199\";a:4:{s:4:\"type\";s:6:\"f_text\";s:5:\"title\";s:6:\"SERIAL\";s:10:\"visibility\";s:7:\"visible\";s:12:\"show_in_list\";i:1;}s:15:\"c_1584607140717\";a:4:{s:4:\"type\";s:6:\"f_text\";s:5:\"title\";s:7:\"REFRESH\";s:10:\"visibility\";s:7:\"visible\";s:12:\"show_in_list\";i:1;}s:15:\"c_1584607172563\";a:4:{s:4:\"type\";s:6:\"f_text\";s:5:\"title\";s:5:\"RETRY\";s:10:\"visibility\";s:7:\"visible\";s:12:\"show_in_list\";i:1;}s:15:\"c_1584607182117\";a:4:{s:4:\"type\";s:6:\"f_text\";s:5:\"title\";s:6:\"EXPIRE\";s:10:\"visibility\";s:7:\"visible\";s:12:\"show_in_list\";i:1;}s:15:\"c_1584607187024\";a:4:{s:4:\"type\";s:6:\"f_text\";s:5:\"title\";s:7:\"MINIMUM\";s:10:\"visibility\";s:7:\"visible\";s:12:\"show_in_list\";i:1;}}', 
            isysgui_catg_custom__parent = 0,  
            isysgui_catg_custom__list_multi_value = 0, 
            isysgui_catg_custom__status = 2
            WHERE isysgui_catg_custom__const = 'C__CATG__CUSTOM_FIELDS_SOA_RECORD'
            LIMIT 1;</exec>
        <exec ident="false">INSERT INTO isysgui_catg_custom SET 
            isysgui_catg_custom__type = 2, 
            isysgui_catg_custom__title = 'SOA Record', 
            isysgui_catg_custom__config = 'a:9:{s:15:\"c_1584606018785\";a:4:{s:4:\"type\";s:6:\"f_text\";s:5:\"title\";s:3:\"TTL\";s:10:\"visibility\";s:7:\"visible\";s:12:\"show_in_list\";i:1;}s:15:\"c_1584606024280\";a:6:{s:4:\"type\";s:7:\"f_popup\";s:5:\"popup\";s:11:\"dialog_plus\";s:5:\"title\";s:5:\"CLASS\";s:10:\"identifier\";s:9:\"SOA_Class\";s:10:\"visibility\";s:7:\"visible\";s:12:\"show_in_list\";i:1;}s:15:\"c_1584606137520\";a:4:{s:4:\"type\";s:6:\"f_text\";s:5:\"title\";s:18:\"Primary Nameserver\";s:10:\"visibility\";s:7:\"visible\";s:12:\"show_in_list\";i:1;}s:15:\"c_1584607330416\";a:4:{s:4:\"type\";s:6:\"f_text\";s:5:\"title\";s:27:\"Administrator E-Mailadresse\";s:10:\"visibility\";s:7:\"visible\";s:12:\"show_in_list\";i:1;}s:15:\"c_1584606916199\";a:4:{s:4:\"type\";s:6:\"f_text\";s:5:\"title\";s:6:\"SERIAL\";s:10:\"visibility\";s:7:\"visible\";s:12:\"show_in_list\";i:1;}s:15:\"c_1584607140717\";a:4:{s:4:\"type\";s:6:\"f_text\";s:5:\"title\";s:7:\"REFRESH\";s:10:\"visibility\";s:7:\"visible\";s:12:\"show_in_list\";i:1;}s:15:\"c_1584607172563\";a:4:{s:4:\"type\";s:6:\"f_text\";s:5:\"title\";s:5:\"RETRY\";s:10:\"visibility\";s:7:\"visible\";s:12:\"show_in_list\";i:1;}s:15:\"c_1584607182117\";a:4:{s:4:\"type\";s:6:\"f_text\";s:5:\"title\";s:6:\"EXPIRE\";s:10:\"visibility\";s:7:\"visible\";s:12:\"show_in_list\";i:1;}s:15:\"c_1584607187024\";a:4:{s:4:\"type\";s:6:\"f_text\";s:5:\"title\";s:7:\"MINIMUM\";s:10:\"visibility\";s:7:\"visible\";s:12:\"show_in_list\";i:1;}}', 
            isysgui_catg_custom__parent = 0, 
            isysgui_catg_custom__const = 'C__CATG__CUSTOM_FIELDS_SOA_RECORD', 
            isysgui_catg_custom__list_multi_value = 0,  
            isysgui_catg_custom__status = 2;</exec>
      </sql>
    </query>
    <query>
      <title>Create overview page assignment between object type 'C__DNS_SERVER' and global category C__CATG__GLOBAL.</title>
      <check ident="C_VALUE_EXISTS">SELECT * 
                    FROM isys_obj_type_2_isysgui_catg_overview
                    WHERE isys_obj_type__id = (SELECT isys_obj_type__id FROM isys_obj_type WHERE isys_obj_type__const = 'C__DNS_SERVER' LIMIT 1)
                    AND isysgui_catg__id = (SELECT isysgui_catg__id FROM isysgui_catg WHERE isysgui_catg__const = 'C__CATG__GLOBAL' LIMIT 1) 
                    LIMIT 1;</check>
      <sql>
        <exec ident="true">UPDATE isys_obj_type_2_isysgui_catg_overview 
                    SET isys_obj_type_2_isysgui_catg_overview__sort = 0
                    WHERE isys_obj_type__id = (SELECT isys_obj_type__id FROM isys_obj_type WHERE isys_obj_type__const = 'C__DNS_SERVER' LIMIT 1)
                    AND isysgui_catg__id = (SELECT isysgui_catg__id FROM isysgui_catg WHERE isysgui_catg__const = 'C__CATG__GLOBAL' LIMIT 1);</exec>
        <exec ident="false">INSERT INTO isys_obj_type_2_isysgui_catg_overview 
                    SET isys_obj_type__id = (SELECT isys_obj_type__id FROM isys_obj_type WHERE isys_obj_type__const = 'C__DNS_SERVER' LIMIT 1),
                    isysgui_catg__id = (SELECT isysgui_catg__id FROM isysgui_catg WHERE isysgui_catg__const = 'C__CATG__GLOBAL' LIMIT 1),
                    isys_obj_type_2_isysgui_catg_overview__sort = 0;</exec>
      </sql>
    </query>
    <query>
      <title>Create overview page assignment between object type 'C__DNS_ZONE' and global category C__CATG__GLOBAL.</title>
      <check ident="C_VALUE_EXISTS">SELECT * 
                    FROM isys_obj_type_2_isysgui_catg_overview
                    WHERE isys_obj_type__id = (SELECT isys_obj_type__id FROM isys_obj_type WHERE isys_obj_type__const = 'C__DNS_ZONE' LIMIT 1)
                    AND isysgui_catg__id = (SELECT isysgui_catg__id FROM isysgui_catg WHERE isysgui_catg__const = 'C__CATG__GLOBAL' LIMIT 1) 
                    LIMIT 1;</check>
      <sql>
        <exec ident="true">UPDATE isys_obj_type_2_isysgui_catg_overview 
                    SET isys_obj_type_2_isysgui_catg_overview__sort = 0
                    WHERE isys_obj_type__id = (SELECT isys_obj_type__id FROM isys_obj_type WHERE isys_obj_type__const = 'C__DNS_ZONE' LIMIT 1)
                    AND isysgui_catg__id = (SELECT isysgui_catg__id FROM isysgui_catg WHERE isysgui_catg__const = 'C__CATG__GLOBAL' LIMIT 1);</exec>
        <exec ident="false">INSERT INTO isys_obj_type_2_isysgui_catg_overview 
                    SET isys_obj_type__id = (SELECT isys_obj_type__id FROM isys_obj_type WHERE isys_obj_type__const = 'C__DNS_ZONE' LIMIT 1),
                    isysgui_catg__id = (SELECT isysgui_catg__id FROM isysgui_catg WHERE isysgui_catg__const = 'C__CATG__GLOBAL' LIMIT 1),
                    isys_obj_type_2_isysgui_catg_overview__sort = 0;</exec>
      </sql>
    </query>
    <query>
      <title>Create report 'DNS Mitgliedschaften'.</title>
      <check ident="C_VALUE_EXISTS">SELECT isys_report__id FROM isys_report WHERE isys_report__const = 'C__DNS_MITGLIEDSCHAFTEN' LIMIT 1;</check>
      <sql>
        <exec ident="true">UPDATE isys_report SET 
            isys_report__title = 'DNS Mitgliedschaften', 
            isys_report__description = '', 
            isys_report__query = 'SELECT \nobj_main.isys_obj__id AS \'__id__\', \nobj_main.isys_obj__title AS \'LC__UNIVERSAL__TITLE###1\', \nj5.isys_catg_ip_list__hostname AS \'LC__CATP__IP__HOSTNAME###47\', \nj2.isys_cats_net_ip_addresses_list__title AS \'LC__CATG__IP_ADDRESS###47\' \n\n FROM isys_obj AS obj_main \nINNER JOIN isys_cmdb_status AS obj_main_status ON obj_main_status.isys_cmdb_status__id = obj_main.isys_obj__isys_cmdb_status__id \nLEFT JOIN isys_catg_ip_list AS j5 ON j5.isys_catg_ip_list__isys_obj__id = obj_main.isys_obj__id  \nLEFT JOIN isys_cats_net_ip_addresses_list AS j2 ON j2.isys_cats_net_ip_addresses_list__id = j5.isys_catg_ip_list__isys_cats_net_ip_addresses_list__id \nLEFT JOIN isys_obj AS j4 ON j4.isys_obj__id = j2.isys_cats_net_ip_addresses_list__isys_obj__id \nLEFT JOIN isys_obj_type AS j7 ON j7.isys_obj_type__id = obj_main.isys_obj__isys_obj_type__id \nLEFT JOIN isys_catg_custom_fields_list AS ROOT_C__CATG__CUSTOM_FIELDS_AUTHORITATIVE_NAMESERVERS ON obj_main.isys_obj__id = ROOT_C__CATG__CUSTOM_FIELDS_AUTHORITATIVE_NAMESERVERS.isys_catg_custom_fields_list__isys_obj__id\n                                AND ROOT_C__CATG__CUSTOM_FIELDS_AUTHORITATIVE_NAMESERVERS.isys_catg_custom_fields_list__isysgui_catg_custom__id = (SELECT isysgui_catg_custom__id FROM isysgui_catg_custom WHERE isysgui_catg_custom__const = \'C__CATG__CUSTOM_FIELDS_AUTHORITATIVE_NAMESERVERS\')\n                                AND ROOT_C__CATG__CUSTOM_FIELDS_AUTHORITATIVE_NAMESERVERS.isys_catg_custom_fields_list__field_type = \'commentary\'  LEFT JOIN isys_catg_custom_fields_list AS j9 ON obj_main.isys_obj__id = j9.isys_catg_custom_fields_list__isys_obj__id AND j9.isys_catg_custom_fields_list__field_key = \'c_1579764519338\' \n                                AND j9.isys_catg_custom_fields_list__data__id = ROOT_C__CATG__CUSTOM_FIELDS_AUTHORITATIVE_NAMESERVERS.isys_catg_custom_fields_list__data__id  \n LEFT JOIN isys_obj AS j10 ON j9.isys_catg_custom_fields_list__field_content = j10.isys_obj__id  \n\nWHERE TRUE \n AND  ( (j7.isys_obj_type__id != \'60\' ) AND (j7.isys_obj_type__id != \'63\' ) ) AND (  (j10.isys_obj__id PLACEHOLDER.2 \'object-id\')  )\n ORDER BY obj_main.isys_obj__title ASC', 
            isys_report__query_row = '', 
            isys_report__last_edited = NOW(), 
            isys_report__user_specific = 0, 
            isys_report__querybuilder_data = '{\"main_object\":[{\"g\":{\"C__CATG__GLOBAL\":[\"title\"]}},{\"g\":{\"C__CATG__IP\":[\"hostname\"]}},{\"g\":{\"C__CATG__IP\":[\"hostaddress\"]}}],\"lvls\":null,\"conditions\":{\"2\":[{\"category\":\"C__CATG__CUSTOM_FIELDS_AUTHORITATIVE_NAMESERVERS\",\"property\":\"C__CATG__CUSTOM_FIELDS_AUTHORITATIVE_NAMESERVERS-f_popup_c_1579764519338\",\"comparison\":\"PLACEHOLDER\",\"value\":\"object-id\",\"user_input\":\"\"}]},\"default_sorting\":null,\"sorting_direction\":\"ASC\",\"statusFilter\":\"0\"}', 
            isys_report__isys_report_category__id = NULL, 
            isys_report__empty_values = 1, 
            isys_report__display_relations = 0, 
            isys_report__category_report = 1, 
            isys_report__compressed_multivalue_results = 0,
            isys_report__show_html = 0
            WHERE isys_report__const = 'C__DNS_MITGLIEDSCHAFTEN'
            LIMIT 1;</exec>
        <exec ident="false">INSERT INTO isys_report SET 
            isys_report__title = 'DNS Mitgliedschaften', 
            isys_report__description = '', 
            isys_report__query = 'SELECT \nobj_main.isys_obj__id AS \'__id__\', \nobj_main.isys_obj__title AS \'LC__UNIVERSAL__TITLE###1\', \nj5.isys_catg_ip_list__hostname AS \'LC__CATP__IP__HOSTNAME###47\', \nj2.isys_cats_net_ip_addresses_list__title AS \'LC__CATG__IP_ADDRESS###47\' \n\n FROM isys_obj AS obj_main \nINNER JOIN isys_cmdb_status AS obj_main_status ON obj_main_status.isys_cmdb_status__id = obj_main.isys_obj__isys_cmdb_status__id \nLEFT JOIN isys_catg_ip_list AS j5 ON j5.isys_catg_ip_list__isys_obj__id = obj_main.isys_obj__id  \nLEFT JOIN isys_cats_net_ip_addresses_list AS j2 ON j2.isys_cats_net_ip_addresses_list__id = j5.isys_catg_ip_list__isys_cats_net_ip_addresses_list__id \nLEFT JOIN isys_obj AS j4 ON j4.isys_obj__id = j2.isys_cats_net_ip_addresses_list__isys_obj__id \nLEFT JOIN isys_obj_type AS j7 ON j7.isys_obj_type__id = obj_main.isys_obj__isys_obj_type__id \nLEFT JOIN isys_catg_custom_fields_list AS ROOT_C__CATG__CUSTOM_FIELDS_AUTHORITATIVE_NAMESERVERS ON obj_main.isys_obj__id = ROOT_C__CATG__CUSTOM_FIELDS_AUTHORITATIVE_NAMESERVERS.isys_catg_custom_fields_list__isys_obj__id\n                                AND ROOT_C__CATG__CUSTOM_FIELDS_AUTHORITATIVE_NAMESERVERS.isys_catg_custom_fields_list__isysgui_catg_custom__id = (SELECT isysgui_catg_custom__id FROM isysgui_catg_custom WHERE isysgui_catg_custom__const = \'C__CATG__CUSTOM_FIELDS_AUTHORITATIVE_NAMESERVERS\')\n                                AND ROOT_C__CATG__CUSTOM_FIELDS_AUTHORITATIVE_NAMESERVERS.isys_catg_custom_fields_list__field_type = \'commentary\'  LEFT JOIN isys_catg_custom_fields_list AS j9 ON obj_main.isys_obj__id = j9.isys_catg_custom_fields_list__isys_obj__id AND j9.isys_catg_custom_fields_list__field_key = \'c_1579764519338\' \n                                AND j9.isys_catg_custom_fields_list__data__id = ROOT_C__CATG__CUSTOM_FIELDS_AUTHORITATIVE_NAMESERVERS.isys_catg_custom_fields_list__data__id  \n LEFT JOIN isys_obj AS j10 ON j9.isys_catg_custom_fields_list__field_content = j10.isys_obj__id  \n\nWHERE TRUE \n AND  ( (j7.isys_obj_type__id != \'60\' ) AND (j7.isys_obj_type__id != \'63\' ) ) AND (  (j10.isys_obj__id PLACEHOLDER.2 \'object-id\')  )\n ORDER BY obj_main.isys_obj__title ASC', 
            isys_report__query_row = '', 
            isys_report__datetime = NOW(), 
            isys_report__last_edited = NOW(), 
            isys_report__type = 'c', 
            isys_report__user_specific = 0, 
            isys_report__querybuilder_data = '{\"main_object\":[{\"g\":{\"C__CATG__GLOBAL\":[\"title\"]}},{\"g\":{\"C__CATG__IP\":[\"hostname\"]}},{\"g\":{\"C__CATG__IP\":[\"hostaddress\"]}}],\"lvls\":null,\"conditions\":{\"2\":[{\"category\":\"C__CATG__CUSTOM_FIELDS_AUTHORITATIVE_NAMESERVERS\",\"property\":\"C__CATG__CUSTOM_FIELDS_AUTHORITATIVE_NAMESERVERS-f_popup_c_1579764519338\",\"comparison\":\"PLACEHOLDER\",\"value\":\"object-id\",\"user_input\":\"\"}]},\"default_sorting\":null,\"sorting_direction\":\"ASC\",\"statusFilter\":\"0\"}', 
            isys_report__isys_report_category__id = NULL, 
            isys_report__empty_values = 1, 
            isys_report__display_relations = 0, 
            isys_report__category_report = 1, 
            isys_report__const = 'C__DNS_MITGLIEDSCHAFTEN', 
            isys_report__compressed_multivalue_results = 0,
            isys_report__show_html = 0;</exec>
      </sql>
    </query>
    <query>
      <title>Create report 'Zonenmitgliedschaften'.</title>
      <check ident="C_VALUE_EXISTS">SELECT isys_report__id FROM isys_report WHERE isys_report__const = 'C__ZONENMITGLIEDSCHAFTEN' LIMIT 1;</check>
      <sql>
        <exec ident="true">UPDATE isys_report SET 
            isys_report__title = 'Zonenmitgliedschaften', 
            isys_report__description = '', 
            isys_report__query = 'SELECT \nobj_main.isys_obj__id AS \'__id__\', \nobj_main.isys_obj__title AS \'LC__UNIVERSAL__TITLE###1\', \nj3.isys_obj__title AS \'DNS Server Objekt###9\', \nj5.isys_dialog_plus_custom__title AS \'Rolle###9\' \n\n FROM isys_obj AS obj_main \nINNER JOIN isys_cmdb_status AS obj_main_status ON obj_main_status.isys_cmdb_status__id = obj_main.isys_obj__isys_cmdb_status__id \nLEFT JOIN isys_catg_custom_fields_list AS ROOT_C__CATG__CUSTOM_FIELDS_AUTHORITATIVE_NAMESERVERS ON obj_main.isys_obj__id = ROOT_C__CATG__CUSTOM_FIELDS_AUTHORITATIVE_NAMESERVERS.isys_catg_custom_fields_list__isys_obj__id\n                                AND ROOT_C__CATG__CUSTOM_FIELDS_AUTHORITATIVE_NAMESERVERS.isys_catg_custom_fields_list__isysgui_catg_custom__id = (SELECT isysgui_catg_custom__id FROM isysgui_catg_custom WHERE isysgui_catg_custom__const = \'C__CATG__CUSTOM_FIELDS_AUTHORITATIVE_NAMESERVERS\')\n                                AND ROOT_C__CATG__CUSTOM_FIELDS_AUTHORITATIVE_NAMESERVERS.isys_catg_custom_fields_list__field_type = \'commentary\'  LEFT JOIN isys_catg_custom_fields_list AS j2 ON obj_main.isys_obj__id = j2.isys_catg_custom_fields_list__isys_obj__id AND j2.isys_catg_custom_fields_list__field_key = \'c_1579764519338\' \n                                AND j2.isys_catg_custom_fields_list__data__id = ROOT_C__CATG__CUSTOM_FIELDS_AUTHORITATIVE_NAMESERVERS.isys_catg_custom_fields_list__data__id  \n LEFT JOIN isys_obj AS j3 ON j2.isys_catg_custom_fields_list__field_content = j3.isys_obj__id  \n LEFT JOIN isys_catg_custom_fields_list AS j4 ON obj_main.isys_obj__id = j4.isys_catg_custom_fields_list__isys_obj__id AND j4.isys_catg_custom_fields_list__field_key = \'c_1579764501769\'  AND j4.isys_catg_custom_fields_list__data__id = ROOT_C__CATG__CUSTOM_FIELDS_AUTHORITATIVE_NAMESERVERS.isys_catg_custom_fields_list__data__id  \n LEFT JOIN isys_dialog_plus_custom AS j5 ON j4.isys_catg_custom_fields_list__field_content = j5.isys_dialog_plus_custom__id  \nLEFT JOIN isys_obj_type AS j6 ON j6.isys_obj_type__id = obj_main.isys_obj__isys_obj_type__id \n\nWHERE TRUE \n AND  ( (j6.isys_obj_type__id != \'60\' ) AND (j6.isys_obj_type__id != \'63\' ) ) AND (  (j3.isys_obj__id PLACEHOLDER.2 \'object-id\')  )\n ORDER BY obj_main.isys_obj__title ASC', 
            isys_report__query_row = '', 
            isys_report__last_edited = NOW(), 
            isys_report__user_specific = 0, 
            isys_report__querybuilder_data = '{\"main_object\":[{\"g\":{\"C__CATG__GLOBAL\":[\"title\"]}},{\"g_custom\":{\"C__CATG__CUSTOM_FIELDS_AUTHORITATIVE_NAMESERVERS\":[\"f_popup_c_1579764519338\"]}},{\"g_custom\":{\"C__CATG__CUSTOM_FIELDS_AUTHORITATIVE_NAMESERVERS\":[\"f_popup_c_1579764501769\"]}}],\"lvls\":null,\"conditions\":{\"2\":[{\"category\":\"C__CATG__CUSTOM_FIELDS_AUTHORITATIVE_NAMESERVERS\",\"property\":\"C__CATG__CUSTOM_FIELDS_AUTHORITATIVE_NAMESERVERS-f_popup_c_1579764519338\",\"comparison\":\"PLACEHOLDER\",\"value\":\"object-id\",\"user_input\":\"\"}]},\"default_sorting\":null,\"sorting_direction\":\"ASC\",\"statusFilter\":\"0\"}', 
            isys_report__isys_report_category__id = NULL, 
            isys_report__empty_values = 1, 
            isys_report__display_relations = 0, 
            isys_report__category_report = 1, 
            isys_report__compressed_multivalue_results = 0,
            isys_report__show_html = 0
            WHERE isys_report__const = 'C__ZONENMITGLIEDSCHAFTEN'
            LIMIT 1;</exec>
        <exec ident="false">INSERT INTO isys_report SET 
            isys_report__title = 'Zonenmitgliedschaften', 
            isys_report__description = '', 
            isys_report__query = 'SELECT \nobj_main.isys_obj__id AS \'__id__\', \nobj_main.isys_obj__title AS \'LC__UNIVERSAL__TITLE###1\', \nj3.isys_obj__title AS \'DNS Server Objekt###9\', \nj5.isys_dialog_plus_custom__title AS \'Rolle###9\' \n\n FROM isys_obj AS obj_main \nINNER JOIN isys_cmdb_status AS obj_main_status ON obj_main_status.isys_cmdb_status__id = obj_main.isys_obj__isys_cmdb_status__id \nLEFT JOIN isys_catg_custom_fields_list AS ROOT_C__CATG__CUSTOM_FIELDS_AUTHORITATIVE_NAMESERVERS ON obj_main.isys_obj__id = ROOT_C__CATG__CUSTOM_FIELDS_AUTHORITATIVE_NAMESERVERS.isys_catg_custom_fields_list__isys_obj__id\n                                AND ROOT_C__CATG__CUSTOM_FIELDS_AUTHORITATIVE_NAMESERVERS.isys_catg_custom_fields_list__isysgui_catg_custom__id = (SELECT isysgui_catg_custom__id FROM isysgui_catg_custom WHERE isysgui_catg_custom__const = \'C__CATG__CUSTOM_FIELDS_AUTHORITATIVE_NAMESERVERS\')\n                                AND ROOT_C__CATG__CUSTOM_FIELDS_AUTHORITATIVE_NAMESERVERS.isys_catg_custom_fields_list__field_type = \'commentary\'  LEFT JOIN isys_catg_custom_fields_list AS j2 ON obj_main.isys_obj__id = j2.isys_catg_custom_fields_list__isys_obj__id AND j2.isys_catg_custom_fields_list__field_key = \'c_1579764519338\' \n                                AND j2.isys_catg_custom_fields_list__data__id = ROOT_C__CATG__CUSTOM_FIELDS_AUTHORITATIVE_NAMESERVERS.isys_catg_custom_fields_list__data__id  \n LEFT JOIN isys_obj AS j3 ON j2.isys_catg_custom_fields_list__field_content = j3.isys_obj__id  \n LEFT JOIN isys_catg_custom_fields_list AS j4 ON obj_main.isys_obj__id = j4.isys_catg_custom_fields_list__isys_obj__id AND j4.isys_catg_custom_fields_list__field_key = \'c_1579764501769\'  AND j4.isys_catg_custom_fields_list__data__id = ROOT_C__CATG__CUSTOM_FIELDS_AUTHORITATIVE_NAMESERVERS.isys_catg_custom_fields_list__data__id  \n LEFT JOIN isys_dialog_plus_custom AS j5 ON j4.isys_catg_custom_fields_list__field_content = j5.isys_dialog_plus_custom__id  \nLEFT JOIN isys_obj_type AS j6 ON j6.isys_obj_type__id = obj_main.isys_obj__isys_obj_type__id \n\nWHERE TRUE \n AND  ( (j6.isys_obj_type__id != \'60\' ) AND (j6.isys_obj_type__id != \'63\' ) ) AND (  (j3.isys_obj__id PLACEHOLDER.2 \'object-id\')  )\n ORDER BY obj_main.isys_obj__title ASC', 
            isys_report__query_row = '', 
            isys_report__datetime = NOW(), 
            isys_report__last_edited = NOW(), 
            isys_report__type = 'c', 
            isys_report__user_specific = 0, 
            isys_report__querybuilder_data = '{\"main_object\":[{\"g\":{\"C__CATG__GLOBAL\":[\"title\"]}},{\"g_custom\":{\"C__CATG__CUSTOM_FIELDS_AUTHORITATIVE_NAMESERVERS\":[\"f_popup_c_1579764519338\"]}},{\"g_custom\":{\"C__CATG__CUSTOM_FIELDS_AUTHORITATIVE_NAMESERVERS\":[\"f_popup_c_1579764501769\"]}}],\"lvls\":null,\"conditions\":{\"2\":[{\"category\":\"C__CATG__CUSTOM_FIELDS_AUTHORITATIVE_NAMESERVERS\",\"property\":\"C__CATG__CUSTOM_FIELDS_AUTHORITATIVE_NAMESERVERS-f_popup_c_1579764519338\",\"comparison\":\"PLACEHOLDER\",\"value\":\"object-id\",\"user_input\":\"\"}]},\"default_sorting\":null,\"sorting_direction\":\"ASC\",\"statusFilter\":\"0\"}', 
            isys_report__isys_report_category__id = NULL, 
            isys_report__empty_values = 1, 
            isys_report__display_relations = 0, 
            isys_report__category_report = 1, 
            isys_report__const = 'C__ZONENMITGLIEDSCHAFTEN', 
            isys_report__compressed_multivalue_results = 0,
            isys_report__show_html = 0;</exec>
      </sql>
    </query>
  </queries>
</isys>
