<?xml version="1.0" encoding="UTF-8"?>
<!--suppress ALL -->
<isys>
    <delete>
        <!-- Removing old 'isys_maintenance_reportview_fpdi.class.php' (was renamed to 'isys_maintenance_reportview_pdf.class.php') -->
        <file>src/classes/modules/maintenance/reportview/isys_maintenance_reportview_fpdi.class.php</file>

        <!-- Remove outdated autoloader and controller -->
        <file>src/classes/modules/maintenance/isys_module_maintenance_autoload.class.php</file>
        <file>src/classes/modules/maintenance/handler/controller/isys_handler_maintenance_notification.class.php</file>
        <dir>src/classes/modules/maintenance/handler/controller</dir>

        <!-- Remove unnecessary install class -->
        <dir>src/classes/modules/maintenance/install/isys_module_maintenance_install.class.php</dir>
    </delete>
</isys>
