<?xml version="1.0" encoding="UTF-8"?>
<!--suppress ALL -->
<isys>
	<queries>
		<query>
			<id>1</id>
			<title>Create table: isys_floorplan</title>
			<check ident="C_CREATE_TABLE">isys_floorplan</check>
			<sql>
				<exec ident="false">
					CREATE TABLE IF NOT EXISTS `isys_floorplan` (
					`isys_floorplan__id` int(10) unsigned NOT NULL AUTO_INCREMENT,
					`isys_floorplan__isys_obj__id` int(10) unsigned NOT NULL,
					`isys_floorplan__configuration` text COLLATE utf8_unicode_ci NOT NULL,
					`isys_floorplan__isys_floorplan_type__id` int(10) unsigned DEFAULT NULL,
					`isys_floorplan__status` int(10) unsigned NOT NULL DEFAULT '2',
					PRIMARY KEY (`isys_floorplan__id`)
					) ENGINE=InnoDB  DEFAULT CHARSET=utf8 COLLATE=utf8_unicode_ci;

					ALTER TABLE `isys_floorplan`
					ADD CONSTRAINT `isys_floorplan__isys_obj__id` FOREIGN KEY (`isys_floorplan__isys_obj__id`) REFERENCES `isys_obj` (`isys_obj__id`) ON DELETE CASCADE ON UPDATE CASCADE;
				</exec>
			</sql>
		</query>

		<query>
			<id>2</id>
			<title>Create table: isys_floorplan_objects</title>
			<check ident="C_CREATE_TABLE">isys_floorplan_objects</check>
			<sql>
				<exec ident="false">
					CREATE TABLE IF NOT EXISTS `isys_floorplan_objects` (
					`isys_floorplan_objects__id` int(10) unsigned NOT NULL AUTO_INCREMENT,
					`isys_floorplan_objects__isys_obj__id` int(10) unsigned NOT NULL,
					`isys_floorplan_objects__isys_floorplan__id` int(10) unsigned NOT NULL,
					`isys_floorplan_objects__gps` POINT NOT NULL,
					`isys_floorplan_objects__configuration` text COLLATE utf8_unicode_ci NULL,
					`isys_floorplan_objects__status` int(10) unsigned NOT NULL DEFAULT '2',
					PRIMARY KEY (`isys_floorplan_objects__id`)
					) ENGINE=InnoDB  DEFAULT CHARSET=utf8 COLLATE=utf8_unicode_ci;

					ALTER TABLE `isys_floorplan_objects`
					ADD CONSTRAINT `isys_floorplan_objects__isys_obj__id` FOREIGN KEY (`isys_floorplan_objects__isys_obj__id`) REFERENCES `isys_obj` (`isys_obj__id`) ON DELETE CASCADE ON UPDATE CASCADE,
					ADD CONSTRAINT `isys_floorplan_objects__isys_floorplan__id` FOREIGN KEY (`isys_floorplan_objects__isys_floorplan__id`) REFERENCES `isys_floorplan` (`isys_floorplan__id`) ON DELETE CASCADE ON UPDATE CASCADE;
				</exec>
			</sql>
		</query>

		<query>
			<id>3</id>
			<title>Create table: isys_floorplan_polygons</title>
			<check ident="C_CREATE_TABLE">isys_floorplan_polygons</check>
			<sql>
				<exec ident="false">
					CREATE TABLE IF NOT EXISTS `isys_floorplan_polygons` (
					`isys_floorplan_polygons__id` int(10) unsigned NOT NULL AUTO_INCREMENT,
					`isys_floorplan_polygons__title` varchar(255) COLLATE utf8_unicode_ci NOT NULL,
					`isys_floorplan_polygons__points` text COLLATE utf8_unicode_ci NOT NULL,
					`isys_floorplan_polygons__deletable` tinyint(1) unsigned NOT NULL DEFAULT '1',
					`isys_floorplan_polygons__status` int(10) unsigned NOT NULL DEFAULT '2',
					PRIMARY KEY (`isys_floorplan_polygons__id`)
					) ENGINE=InnoDB DEFAULT CHARSET=utf8 COLLATE=utf8_unicode_ci ;

					INSERT INTO `isys_floorplan_polygons` (`isys_floorplan_polygons__title`, `isys_floorplan_polygons__points`, `isys_floorplan_polygons__deletable`, `isys_floorplan_polygons__status`) VALUES
					('LC__MODULE__FLOORPLAN__POPUP_POLYGON__POLYGON_RECTANGLE', '[{"x":-100,"y":-100},{"x":100,"y":-100},{"x":100,"y":100},{"x":-100,"y":100}]', 0, 2),
					('LC__MODULE__FLOORPLAN__POPUP_POLYGON__POLYGON_T', '[{"x":-100,"y":-100},{"x":100,"y":-100},{"x":100,"y":0},{"x":30,"y":0},{"x":30,"y":100},{"x":-30,"y":100},{"x":-30,"y":0},{"x":-100,"y":0}]', 0, 2),
					('LC__MODULE__FLOORPLAN__POPUP_POLYGON__POLYGON_L', '[{"x":-100,"y":-100},{"x":0,"y":-100},{"x":0,"y":0},{"x":100,"y":0},{"x":100,"y":100},{"x":-100,"y":100}]', 0, 2),
					('LC__MODULE__FLOORPLAN__POPUP_POLYGON__POLYGON_U', '[{"x":-100,"y":-100},{"x":-30,"y":-100},{"x":-30,"y":30},{"x":30,"y":30},{"x":30,"y":-100},{"x":100,"y":-100},{"x":100,"y":100},{"x":-100,"y":100}]', 0, 2),
					('LC__MODULE__FLOORPLAN__POPUP_POLYGON__POLYGON_OCTAGON', '[{"x":-30,"y":-100},{"x":30,"y":-100},{"x":100,"y":-30},{"x":100,"y":30},{"x":30,"y":100},{"x":-30,"y":100},{"x":-100,"y":30},{"x":-100,"y":-30}]', 0, 2);
				</exec>
			</sql>
		</query>

        <query>
            <id>4</id>
            <title>Create default rights</title>
            <check ident="C_VALUE_EXISTS">SELECT isys_auth__id FROM isys_auth WHERE isys_auth__isys_module__id = (SELECT isys_module__id FROM isys_module WHERE isys_module__const = "C__MODULE__FLOORPLAN" LIMIT 1);</check>
            <sql>
                <exec ident="false">
                    SET @MODULE = (SELECT isys_module__id FROM isys_module WHERE isys_module__const = "C__MODULE__FLOORPLAN" LIMIT 1);
                    SET @ADMIN = (SELECT isys_obj__id FROM isys_obj WHERE isys_obj__const = "C__OBJ__PERSON_GROUP_ADMIN" LIMIT 1);

                    INSERT INTO isys_auth
                    (isys_auth__isys_obj__id, isys_auth__type, isys_auth__isys_module__id, isys_auth__path, isys_auth__status) VALUES
                    (@ADMIN, 3, @MODULE, 'VISUALIZATION', 2);
                </exec>
            </sql>
        </query>

        <query>
            <id>5</id>
            <title>Create floorplan category</title>
            <check ident="C_VALUE_EXISTS">SELECT isysgui_catg__id FROM isysgui_catg WHERE isysgui_catg__const = "C__CATG__FLOORPLAN";</check>
            <sql>
                <exec ident="false">
                    INSERT INTO isysgui_catg SET
                    isysgui_catg__type = 1,
                    isysgui_catg__title = 'LC__CATG__FLOORPLAN',
                    isysgui_catg__const = 'C__CATG__FLOORPLAN',
                    isysgui_catg__source_table = 'isys_catg_virtual',
                    isysgui_catg__class_name = 'isys_cmdb_dao_category_g_floorplan',
                    isysgui_catg__sort = 999,
                    isysgui_catg__list_multi_value = 0,
                    isysgui_catg__search = 0,
                    isysgui_catg__status = 2,
                    isysgui_catg__overview = 0;
                </exec>
            </sql>
        </query>

        <query>
            <id>6</id>
            <title>Change the polygon-point-field to TEXT</title>
            <check ident="C_ADD_FIELD">isys_floorplan_polygons, isys_floorplan_polygons__points</check>
            <sql>
                <exec ident="true">
                    ALTER TABLE isys_floorplan_polygons CHANGE isys_floorplan_polygons__points isys_floorplan_polygons__points text COLLATE utf8_unicode_ci NOT NULL;
                </exec>
            </sql>
        </query>

        <query>
            <id>7</id>
            <title>Adding "last changed" to the floorplan table</title>
            <check ident="C_ADD_FIELD">isys_floorplan, isys_floorplan__updated</check>
            <sql>
                <exec ident="false">
                    ALTER TABLE isys_floorplan ADD isys_floorplan__updated DATETIME DEFAULT NULL;
                </exec>
            </sql>
        </query>

        <query>
            <id>8</id>
            <title>Create table: isys_floorplan_profile</title>
            <check ident="C_CREATE_TABLE">isys_floorplan_profile</check>
            <sql>
                <exec ident="false">
                    CREATE TABLE `isys_floorplan_profile` (
                    `isys_floorplan_profile__id` int(10) unsigned NOT NULL AUTO_INCREMENT,
                    `isys_floorplan_profile__title` varchar(255) COLLATE utf8_unicode_ci DEFAULT NULL,
                    `isys_floorplan_profile__const` varchar(255) COLLATE utf8_unicode_ci DEFAULT NULL,
                    `isys_floorplan_profile__config` text COLLATE utf8_unicode_ci,
                    `isys_floorplan_profile__status` int(10) unsigned NOT NULL DEFAULT '2',
                    PRIMARY KEY (`isys_floorplan_profile__id`)
                    ) ENGINE=InnoDB DEFAULT CHARSET=utf8 COLLATE=utf8_unicode_ci;
                </exec>
            </sql>
        </query>

        <query>
            <id>9</id>
            <title>Create floorplan category</title>
            <check ident="C_VALUE_EXISTS">SELECT isys_floorplan_profile__id FROM isys_floorplan_profile WHERE isys_floorplan_profile__const = "C_DEFAULT_FLOORPLAN_PROFILE";</check>
            <sql>
                <exec ident="false">
                    INSERT INTO isys_floorplan_profile SET
                    isys_floorplan_profile__title = 'LC__FLOORPLAN_PROFILE__DEFAULT_PROFILE',
                    isys_floorplan_profile__const = 'C_DEFAULT_FLOORPLAN_PROFILE',
                    isys_floorplan_profile__config = '{\"highlightColor\":\"#5897FB\",\"objectTypes\":[],\"displayRadius\":\"1\",\"changeTabOnObjectSelect\":\"1\",\"properties\":[{\"g\":{\"C__CATG__GLOBAL\":[\"17\",\"_tag\",\"Tags (Allgemein)\"]}},{\"g\":{\"C__CATG__GLOBAL\":[\"9\",\"category\",\"Kategorie (Allgemein)\"]}},{\"g\":{\"C__CATG__GLOBAL\":[\"10\",\"sysid\",\"SYS-ID (Allgemein)\"]}}]}',
                    isys_floorplan_profile__status = 2;
                </exec>
            </sql>
        </query>

        <query>
            <id>10</id>
            <title>Create floorplan authorization rules for profiles</title>
            <check ident="C_VALUE_EXISTS">
                SELECT isys_auth__id FROM isys_auth
                WHERE isys_auth__isys_module__id = (SELECT isys_module__id FROM isys_module WHERE isys_module__const = 'C__MODULE__FLOORPLAN' LIMIT 1)
                AND isys_auth__path LIKE 'FLOORPLAN_PROFILES';
            </check>
            <sql>
                <exec ident="false">
                    SET @MODULE = (SELECT isys_module__id FROM isys_module WHERE isys_module__const = "C__MODULE__FLOORPLAN" LIMIT 1);
                    SET @ADMIN = (SELECT isys_obj__id FROM isys_obj WHERE isys_obj__const = "C__OBJ__PERSON_GROUP_ADMIN" LIMIT 1);

                    INSERT INTO isys_auth
                    (isys_auth__isys_obj__id, isys_auth__type, isys_auth__isys_module__id, isys_auth__path, isys_auth__status) VALUES
                    (@ADMIN, 4095, @MODULE, 'FLOORPLAN_PROFILES', 2);
                </exec>
            </sql>
        </query>

        <query>
            <id>11</id>
            <title>Create table: isys_floorplan_layers</title>
            <check ident="C_CREATE_TABLE">isys_floorplan_layers</check>
            <sql>
                <exec ident="false">
                    CREATE TABLE IF NOT EXISTS `isys_floorplan_layers` (
                    `isys_floorplan_layers__id` int(10) unsigned NOT NULL AUTO_INCREMENT,
                    `isys_floorplan_layers__title` varchar(255) COLLATE utf8_unicode_ci DEFAULT NULL,
                    `isys_floorplan_layers__color` varchar(7) COLLATE utf8_unicode_ci DEFAULT NULL,
                    `isys_floorplan_layers__isys_floorplan__id` int(10) unsigned NOT NULL,
                    `isys_floorplan_layers__sort` int(2) unsigned NOT NULL,
                    `isys_floorplan_layers__configuration` text COLLATE utf8_unicode_ci NULL,
                    `isys_floorplan_layers__status` int(10) unsigned NOT NULL DEFAULT '2',
                    PRIMARY KEY (`isys_floorplan_layers__id`)
                    ) ENGINE=InnoDB  DEFAULT CHARSET=utf8 COLLATE=utf8_unicode_ci;

                    ALTER TABLE `isys_floorplan_layers`
                    ADD CONSTRAINT `isys_floorplan_layers__isys_floorplan__id` FOREIGN KEY (`isys_floorplan_layers__isys_floorplan__id`) REFERENCES `isys_floorplan` (`isys_floorplan__id`) ON DELETE CASCADE ON UPDATE CASCADE;
                </exec>
            </sql>
        </query>

        <query>
            <id>12</id>
            <title>Add floorplan object sorting</title>
            <check ident="C_ADD_FIELD">isys_floorplan_objects, isys_floorplan_objects__sort</check>
            <sql>
                <exec ident="false">
                    ALTER TABLE `isys_floorplan_objects`
                    ADD `isys_floorplan_objects__sort` int(2) unsigned NOT NULL;
                </exec>
            </sql>
        </query>

        <query>
            <id>13</id>
            <title>Connect floorplan objects to layers</title>
            <check ident="C_ADD_FIELD">isys_floorplan_objects, isys_floorplan_objects__isys_floorplan_layers</check>
            <sql>
                <exec ident="false">
                    ALTER TABLE `isys_floorplan_objects`
                    ADD `isys_floorplan_objects__isys_floorplan_layers` int(10) unsigned DEFAULT NULL,
                    ADD CONSTRAINT `isys_floorplan_objects__isys_floorplan_layers` FOREIGN KEY (`isys_floorplan_objects__isys_floorplan_layers`) REFERENCES `isys_floorplan_layers` (`isys_floorplan_layers__id`) ON DELETE SET NULL ON UPDATE CASCADE;
                </exec>
            </sql>
        </query>

        <query>
            <id>14</id>
            <title>Add snapshot BLOB field</title>
            <check ident="C_ADD_FIELD">isys_floorplan, isys_floorplan__snapshot</check>
            <sql>
                <exec ident="false">
                    ALTER TABLE `isys_floorplan`
                    ADD `isys_floorplan__snapshot` mediumblob DEFAULT NULL;
                </exec>
            </sql>
        </query>

        <query>
            <id>15</id>
            <title>Rename polygons RECTANGLE</title>
            <check ident="C_EXECUTE"></check>
            <sql>
                <exec ident="false">
                    UPDATE isys_floorplan_polygons
                    SET isys_floorplan_polygons__title = 'LC__MODULE__FLOORPLAN__POPUP_EDITOR__POLYGON_RECTANGLE'
                    WHERE isys_floorplan_polygons__title = 'LC__MODULE__FLOORPLAN__POPUP_POLYGON__POLYGON_RECTANGLE'
                    LIMIT 1;
                </exec>
            </sql>
        </query>

        <query>
            <id>16</id>
            <title>Rename polygons T</title>
            <check ident="C_EXECUTE"></check>
            <sql>
                <exec ident="false">
                    UPDATE isys_floorplan_polygons
                    SET isys_floorplan_polygons__title = 'LC__MODULE__FLOORPLAN__POPUP_EDITOR__POLYGON_T'
                    WHERE isys_floorplan_polygons__title = 'LC__MODULE__FLOORPLAN__POPUP_POLYGON__POLYGON_T'
                    LIMIT 1;
                </exec>
            </sql>
        </query>

        <query>
            <id>17</id>
            <title>Rename polygons L</title>
            <check ident="C_EXECUTE"></check>
            <sql>
                <exec ident="false">
                    UPDATE isys_floorplan_polygons
                    SET isys_floorplan_polygons__title = 'LC__MODULE__FLOORPLAN__POPUP_EDITOR__POLYGON_L'
                    WHERE isys_floorplan_polygons__title = 'LC__MODULE__FLOORPLAN__POPUP_POLYGON__POLYGON_L'
                    LIMIT 1;
                </exec>
            </sql>
        </query>

        <query>
            <id>18</id>
            <title>Rename polygons U</title>
            <check ident="C_EXECUTE"></check>
            <sql>
                <exec ident="false">
                    UPDATE isys_floorplan_polygons
                    SET isys_floorplan_polygons__title = 'LC__MODULE__FLOORPLAN__POPUP_EDITOR__POLYGON_U'
                    WHERE isys_floorplan_polygons__title = 'LC__MODULE__FLOORPLAN__POPUP_POLYGON__POLYGON_U'
                    LIMIT 1;
                </exec>
            </sql>
        </query>

        <query>
            <id>19</id>
            <title>Rename polygons OCTAGON</title>
            <check ident="C_EXECUTE"></check>
            <sql>
                <exec ident="false">
                    UPDATE isys_floorplan_polygons
                    SET isys_floorplan_polygons__title = 'LC__MODULE__FLOORPLAN__POPUP_EDITOR__POLYGON_OCTAGON'
                    WHERE isys_floorplan_polygons__title = 'LC__MODULE__FLOORPLAN__POPUP_POLYGON__POLYGON_OCTAGON'
                    LIMIT 1;
                </exec>
            </sql>
        </query>

        <query>
            <id>20</id>
            <title>Create table: isys_floorplan_layouts</title>
            <check ident="C_CREATE_TABLE">isys_floorplan_layouts</check>
            <sql>
                <exec ident="false">
                    CREATE TABLE IF NOT EXISTS `isys_floorplan_layouts` (
                    `isys_floorplan_layouts__id` int(10) unsigned NOT NULL AUTO_INCREMENT,
                    `isys_floorplan_layouts__title` varchar(255) COLLATE utf8_unicode_ci NOT NULL,
                    `isys_floorplan_layouts__layout` text COLLATE utf8_unicode_ci NOT NULL,
                    `isys_floorplan_layouts__forms` mediumtext COLLATE utf8_unicode_ci DEFAULT NULL,
                    `isys_floorplan_layouts__deletable` tinyint(1) unsigned NOT NULL DEFAULT '1',
                    `isys_floorplan_layouts__status` int(10) unsigned NOT NULL DEFAULT '2',
                    PRIMARY KEY (`isys_floorplan_layouts__id`),
                    UNIQUE KEY `isys_floorplan_layouts__title` (`isys_floorplan_layouts__title`)
                    ) ENGINE=InnoDB DEFAULT CHARSET=utf8 COLLATE=utf8_unicode_ci ;

                    INSERT INTO `isys_floorplan_layouts` (`isys_floorplan_layouts__title`, `isys_floorplan_layouts__layout`, `isys_floorplan_layouts__forms`, `isys_floorplan_layouts__deletable`, `isys_floorplan_layouts__status`) VALUES
                    ('LC__MODULE__FLOORPLAN__POPUP_EDITOR__POLYGON_RECTANGLE', '{\"data\":[{\"x\":-200,\"y\":-200},{\"x\":200,\"y\":-200},{\"x\":200,\"y\":200},{\"x\":-200,\"y\":200}],\"style\":{\"fill\":\"#ffffff\",\"fillOpacity\":0.5,\"stroke\":\"#000000\",\"strokeWidth\":1}}', '[]', 0, 2),
                    ('LC__MODULE__FLOORPLAN__POPUP_EDITOR__POLYGON_T', '{\"data\":[{\"x\":-300,\"y\":-200},{\"x\":300,\"y\":-200},{\"x\":300,\"y\":0},{\"x\":100,\"y\":0},{\"x\":100,\"y\":200},{\"x\":-100,\"y\":200},{\"x\":-100,\"y\":0},{\"x\":-300,\"y\":0}],\"style\":{\"fill\":\"#ffffff\",\"fillOpacity\":0.5,\"stroke\":\"#000000\",\"strokeWidth\":1}}', '[]', 0, 2),
                    ('LC__MODULE__FLOORPLAN__POPUP_EDITOR__POLYGON_L', '{\"data\":[{\"x\":-200,\"y\":-200},{\"x\":0,\"y\":-200},{\"x\":0,\"y\":0},{\"x\":200,\"y\":0},{\"x\":200,\"y\":200},{\"x\":-200,\"y\":200}],\"style\":{\"fill\":\"#ffffff\",\"fillOpacity\":0.5,\"stroke\":\"#000000\",\"strokeWidth\":1}}', '[]', 0, 2),
                    ('LC__MODULE__FLOORPLAN__POPUP_EDITOR__POLYGON_U', '{\"data\":[{\"x\":100,\"y\":-200},{\"x\":300,\"y\":-200},{\"x\":300,\"y\":200},{\"x\":-300,\"y\":200},{\"x\":-300,\"y\":-200},{\"x\":-100,\"y\":-200},{\"x\":-100,\"y\":0},{\"x\":100,\"y\":0}],\"style\":{\"fill\":\"#ffffff\",\"fillOpacity\":0.5,\"stroke\":\"#000000\",\"strokeWidth\":1}}', '[]', 0, 2);
                </exec>
            </sql>
        </query>

        <query>
            <id>21</id>
            <title>Add layout field</title>
            <check ident="C_ADD_FIELD">isys_floorplan, isys_floorplan__layout</check>
            <sql>
                <exec ident="false">
                    ALTER TABLE `isys_floorplan`
                    ADD `isys_floorplan__layout` text COLLATE utf8_unicode_ci DEFAULT NULL;
                </exec>
            </sql>
        </query>

        <query>
            <id>22</id>
            <title>Add forms field</title>
            <check ident="C_ADD_FIELD">isys_floorplan, isys_floorplan__forms</check>
            <sql>
                <exec ident="false">
                    ALTER TABLE `isys_floorplan`
                    ADD `isys_floorplan__forms` mediumtext COLLATE utf8_unicode_ci DEFAULT NULL;
                </exec>
            </sql>
        </query>

        <query>
            <title>Set correct unit reference</title>
            <check ident="C_VALUE_EXISTS">
                SELECT isys_module__id
                FROM isys_module
                WHERE isys_module__const = 'C__MODULE__FLOORPLAN'
                LIMIT 1;
            </check>
            <sql>
                <exec ident="true">
                    UPDATE isys_module
                    SET isys_module__icon = 'images/axialis/cad/floor-plan.svg'
                    WHERE isys_module__const = 'C__MODULE__FLOORPLAN'
                    LIMIT 1;
                </exec>
            </sql>
        </query>

    </queries>
</isys>
