<?xml version="1.0" encoding="UTF-8"?>
<!--suppress ALL -->
<isys>
    <delete>
        <!-- Removing some old Floorplan (< 1.2) files (that have been moved or renamed) -->
        <file>src/classes/modules/floorplan/assets/polygon-thumbs.html</file>
        <file>src/classes/modules/floorplan/assets/js/visualization_gui.js</file>
        <file>src/classes/modules/floorplan/assets/js/polygonEditor.js</file>
        <file>src/classes/modules/floorplan/src/popup/isys_popup_floorplan_selection.class.php</file>
        <file>src/classes/modules/floorplan/templates/popupFloorplanSelection.tpl</file>
        <file>src/classes/modules/floorplan/templates/popupPolygonEditor.tpl</file>
    </delete>
</isys>
