<?xml version="1.0"?>
<isys>
  <info>
    <title>Key book</title>
    <version>0.19</version>
    <release>2022-07-13</release>
  </info>
  <queries>
    <query>
      <title>Create object type 'Schl&#xFC;sselkasten'.</title>
      <check ident="C_VALUE_EXISTS">SELECT isys_obj_type__id FROM isys_obj_type WHERE isys_obj_type__const = 'C__KEY_BOX' LIMIT 1;</check>
      <sql>
        <exec ident="true">UPDATE isys_obj_type SET 
            isys_obj_type__isys_obj_type_group__id = (SELECT isys_obj_type_group__id FROM isys_obj_type_group WHERE isys_obj_type_group__const = 'C__OBJTYPE_GROUP__OTHER' LIMIT 1),
            
            
            isys_obj_type__title = 'Schl&#xFC;sselkasten', 
            isys_obj_type__selfdefined = 1,
            isys_obj_type__container = 0,
            isys_obj_type__obj_img_name = 'empty.png',
            isys_obj_type__icon = 'images/icons/silk/box.png',
            isys_obj_type__sort = '65535',
            isys_obj_type__status = 2,
            isys_obj_type__show_in_tree = 1,
            isys_obj_type__show_in_rack = 0,
            isys_obj_type__overview = 0,
            isys_obj_type__color = 'FFFFFF',
            isys_obj_type__class_name = 'isys_cmdb_dao_list_objects_all',
            isys_obj_type__sysid_prefix = '',
            isys_obj_type__relation_master = 0,
            isys_obj_type__use_template_title = 0
            WHERE isys_obj_type__const = 'C__KEY_BOX'
            LIMIT 1;</exec>
        <exec ident="false">INSERT INTO isys_obj_type SET 
            isys_obj_type__isys_obj_type_group__id = (SELECT isys_obj_type_group__id FROM isys_obj_type_group WHERE isys_obj_type_group__const = 'C__OBJTYPE_GROUP__OTHER' LIMIT 1),
            
            
            isys_obj_type__title = 'Schl&#xFC;sselkasten', 
            isys_obj_type__selfdefined = 1,
            isys_obj_type__container = 0,
            isys_obj_type__obj_img_name = 'empty.png',
            isys_obj_type__icon = 'images/icons/silk/box.png',
            isys_obj_type__const = 'C__KEY_BOX',
            isys_obj_type__sort = '65535',
            isys_obj_type__status = 2,
            isys_obj_type__show_in_tree = 1,
            isys_obj_type__show_in_rack = 0,
            isys_obj_type__overview = 0,
            isys_obj_type__color = 'FFFFFF',
            isys_obj_type__class_name = 'isys_cmdb_dao_list_objects_all',
            isys_obj_type__sysid_prefix = '',
            isys_obj_type__relation_master = 0,
            isys_obj_type__use_template_title = 0;</exec>
      </sql>
    </query>
    <query>
      <title>Create object type 'Keys'.</title>
      <check ident="C_VALUE_EXISTS">SELECT isys_obj_type__id FROM isys_obj_type WHERE isys_obj_type__const = 'C__KEYS' LIMIT 1;</check>
      <sql>
        <exec ident="true">UPDATE isys_obj_type SET 
            isys_obj_type__isys_obj_type_group__id = (SELECT isys_obj_type_group__id FROM isys_obj_type_group WHERE isys_obj_type_group__const = 'C__OBJTYPE_GROUP__OTHER' LIMIT 1),
            
            
            isys_obj_type__title = 'Keys', 
            isys_obj_type__selfdefined = 1,
            isys_obj_type__container = 0,
            isys_obj_type__obj_img_name = 'empty.png',
            isys_obj_type__icon = 'images/icons/silk/key.png',
            isys_obj_type__sort = '65535',
            isys_obj_type__status = 2,
            isys_obj_type__show_in_tree = 1,
            isys_obj_type__show_in_rack = 0,
            isys_obj_type__overview = 0,
            isys_obj_type__color = 'FFFFFF',
            isys_obj_type__class_name = 'isys_cmdb_dao_list_objects_all',
            isys_obj_type__sysid_prefix = '',
            isys_obj_type__relation_master = 0,
            isys_obj_type__use_template_title = 0
            WHERE isys_obj_type__const = 'C__KEYS'
            LIMIT 1;</exec>
        <exec ident="false">INSERT INTO isys_obj_type SET 
            isys_obj_type__isys_obj_type_group__id = (SELECT isys_obj_type_group__id FROM isys_obj_type_group WHERE isys_obj_type_group__const = 'C__OBJTYPE_GROUP__OTHER' LIMIT 1),
            
            
            isys_obj_type__title = 'Keys', 
            isys_obj_type__selfdefined = 1,
            isys_obj_type__container = 0,
            isys_obj_type__obj_img_name = 'empty.png',
            isys_obj_type__icon = 'images/icons/silk/key.png',
            isys_obj_type__const = 'C__KEYS',
            isys_obj_type__sort = '65535',
            isys_obj_type__status = 2,
            isys_obj_type__show_in_tree = 1,
            isys_obj_type__show_in_rack = 0,
            isys_obj_type__overview = 0,
            isys_obj_type__color = 'FFFFFF',
            isys_obj_type__class_name = 'isys_cmdb_dao_list_objects_all',
            isys_obj_type__sysid_prefix = '',
            isys_obj_type__relation_master = 0,
            isys_obj_type__use_template_title = 0;</exec>
      </sql>
    </query>
    <query>
      <title>Create custom category 'Eingelagerte Schl&#xFC;ssel'.</title>
      <check ident="C_VALUE_EXISTS">SELECT isysgui_catg_custom__id FROM isysgui_catg_custom WHERE isysgui_catg_custom__const = 'C__CATG__CUSTOM_FIELDS_EINGELAGERTE_SCHLUESSEL' LIMIT 1;</check>
      <sql>
        <exec ident="true">UPDATE isysgui_catg_custom SET 
            isysgui_catg_custom__type = 2, 
            isysgui_catg_custom__title = 'Eingelagerte Schl&#xFC;ssel', 
            isysgui_catg_custom__config = 'a:1:{s:15:\"c_1648221449001\";a:7:{s:4:\"type\";s:7:\"f_popup\";s:5:\"popup\";s:14:\"report_browser\";s:5:\"title\";s:23:\"Eingelagerte Schl&#xFC;ssel\";s:10:\"identifier\";s:29:\"C__VAR_EINGELAGERTE_SCHLUSSEL\";s:10:\"visibility\";s:7:\"visible\";s:12:\"show_in_list\";i:1;s:11:\"show_inline\";i:0;}}', 
            isysgui_catg_custom__parent = 0, 
            isysgui_catg_custom__list_multi_value = 0, 
            isysgui_catg_custom__status = 2
            WHERE isysgui_catg_custom__const = 'C__CATG__CUSTOM_FIELDS_EINGELAGERTE_SCHLUESSEL'
            LIMIT 1;</exec>
        <exec ident="false">INSERT INTO isysgui_catg_custom SET 
            isysgui_catg_custom__type = 2, 
            isysgui_catg_custom__title = 'Eingelagerte Schl&#xFC;ssel', 
            isysgui_catg_custom__config = 'a:1:{s:15:\"c_1648221449001\";a:7:{s:4:\"type\";s:7:\"f_popup\";s:5:\"popup\";s:14:\"report_browser\";s:5:\"title\";s:23:\"Eingelagerte Schl&#xFC;ssel\";s:10:\"identifier\";s:29:\"C__VAR_EINGELAGERTE_SCHLUSSEL\";s:10:\"visibility\";s:7:\"visible\";s:12:\"show_in_list\";i:1;s:11:\"show_inline\";i:0;}}', 
            isysgui_catg_custom__parent = 0, 
            isysgui_catg_custom__list_multi_value = 0, 
            isysgui_catg_custom__const = 'C__CATG__CUSTOM_FIELDS_EINGELAGERTE_SCHLUESSEL', 
            isysgui_catg_custom__status = 2;</exec>
      </sql>
    </query>
    <query>
      <title>Create custom category 'Schl&#xFC;ssel (im Besitz)'.</title>
      <check ident="C_VALUE_EXISTS">SELECT isysgui_catg_custom__id FROM isysgui_catg_custom WHERE isysgui_catg_custom__const = 'C__CATG__CUSTOM_FIELDS_RECEIVED_KEYS' LIMIT 1;</check>
      <sql>
        <exec ident="true">UPDATE isysgui_catg_custom SET 
            isysgui_catg_custom__type = 2, 
            isysgui_catg_custom__title = 'Schl&#xFC;ssel (im Besitz)', 
            isysgui_catg_custom__config = 'a:1:{s:15:\"c_1647951597478\";a:7:{s:4:\"type\";s:7:\"f_popup\";s:5:\"popup\";s:14:\"report_browser\";s:5:\"title\";s:13:\"Received keys\";s:10:\"identifier\";s:22:\"C__ERHALTENE_SCHLUSSEL\";s:10:\"visibility\";s:7:\"visible\";s:12:\"show_in_list\";i:1;s:11:\"show_inline\";i:0;}}', 
            isysgui_catg_custom__parent = 0, 
            isysgui_catg_custom__list_multi_value = 0, 
            isysgui_catg_custom__status = 2
            WHERE isysgui_catg_custom__const = 'C__CATG__CUSTOM_FIELDS_RECEIVED_KEYS'
            LIMIT 1;</exec>
        <exec ident="false">INSERT INTO isysgui_catg_custom SET 
            isysgui_catg_custom__type = 2, 
            isysgui_catg_custom__title = 'Schl&#xFC;ssel (im Besitz)', 
            isysgui_catg_custom__config = 'a:1:{s:15:\"c_1647951597478\";a:7:{s:4:\"type\";s:7:\"f_popup\";s:5:\"popup\";s:14:\"report_browser\";s:5:\"title\";s:13:\"Received keys\";s:10:\"identifier\";s:22:\"C__ERHALTENE_SCHLUSSEL\";s:10:\"visibility\";s:7:\"visible\";s:12:\"show_in_list\";i:1;s:11:\"show_inline\";i:0;}}', 
            isysgui_catg_custom__parent = 0, 
            isysgui_catg_custom__list_multi_value = 0, 
            isysgui_catg_custom__const = 'C__CATG__CUSTOM_FIELDS_RECEIVED_KEYS', 
            isysgui_catg_custom__status = 2;</exec>
      </sql>
    </query>
    <query>
      <title>Create custom category 'Schl&#xFC;ssel'.</title>
      <check ident="C_VALUE_EXISTS">SELECT isysgui_catg_custom__id FROM isysgui_catg_custom WHERE isysgui_catg_custom__const = 'C__CATG__CUSTOM_FIELDS_SCHLUESSELAUSGABE' LIMIT 1;</check>
      <sql>
        <exec ident="true">UPDATE isysgui_catg_custom SET 
            isysgui_catg_custom__type = 2, 
            isysgui_catg_custom__title = 'Schl&#xFC;ssel', 
            isysgui_catg_custom__config = 'a:5:{s:15:\"c_1647943721736\";a:8:{s:4:\"type\";s:7:\"f_popup\";s:5:\"popup\";s:8:\"calendar\";s:5:\"extra\";s:13:\"date-datetime\";s:5:\"title\";s:20:\"Schl&#xFC;sselausgabe am\";s:7:\"default\";s:2:\"-1\";s:10:\"visibility\";s:7:\"visible\";s:12:\"show_in_list\";i:1;s:11:\"show_inline\";i:0;}s:15:\"c_1647943721735\";a:5:{s:4:\"type\";s:6:\"f_text\";s:5:\"title\";s:16:\"Schl&#xFC;sselnummer\";s:10:\"visibility\";s:7:\"visible\";s:12:\"show_in_list\";i:1;s:11:\"show_inline\";i:0;}s:15:\"c_1647948399443\";a:7:{s:4:\"type\";s:7:\"f_popup\";s:5:\"popup\";s:14:\"browser_object\";s:5:\"title\";s:20:\"Schl&#xFC;sselausgabe an\";s:10:\"identifier\";s:2:\"18\";s:10:\"visibility\";s:7:\"visible\";s:12:\"show_in_list\";i:1;s:11:\"show_inline\";i:0;}s:15:\"c_1647947023519\";a:7:{s:4:\"type\";s:7:\"f_popup\";s:5:\"popup\";s:14:\"browser_object\";s:5:\"title\";s:23:\"Schl&#xFC;sselausgabe durch\";s:10:\"identifier\";s:2:\"18\";s:10:\"visibility\";s:7:\"visible\";s:12:\"show_in_list\";i:1;s:11:\"show_inline\";i:0;}s:15:\"c_1648220841059\";a:7:{s:4:\"type\";s:7:\"f_popup\";s:5:\"popup\";s:14:\"browser_object\";s:5:\"title\";s:11:\"Gelagert in\";s:10:\"identifier\";s:2:\"18\";s:10:\"visibility\";s:7:\"visible\";s:12:\"show_in_list\";i:1;s:11:\"show_inline\";i:0;}}', 
            isysgui_catg_custom__parent = 0, 
            isysgui_catg_custom__list_multi_value = 1, 
            isysgui_catg_custom__status = 2
            WHERE isysgui_catg_custom__const = 'C__CATG__CUSTOM_FIELDS_SCHLUESSELAUSGABE'
            LIMIT 1;</exec>
        <exec ident="false">INSERT INTO isysgui_catg_custom SET 
            isysgui_catg_custom__type = 2, 
            isysgui_catg_custom__title = 'Schl&#xFC;ssel', 
            isysgui_catg_custom__config = 'a:5:{s:15:\"c_1647943721736\";a:8:{s:4:\"type\";s:7:\"f_popup\";s:5:\"popup\";s:8:\"calendar\";s:5:\"extra\";s:13:\"date-datetime\";s:5:\"title\";s:20:\"Schl&#xFC;sselausgabe am\";s:7:\"default\";s:2:\"-1\";s:10:\"visibility\";s:7:\"visible\";s:12:\"show_in_list\";i:1;s:11:\"show_inline\";i:0;}s:15:\"c_1647943721735\";a:5:{s:4:\"type\";s:6:\"f_text\";s:5:\"title\";s:16:\"Schl&#xFC;sselnummer\";s:10:\"visibility\";s:7:\"visible\";s:12:\"show_in_list\";i:1;s:11:\"show_inline\";i:0;}s:15:\"c_1647948399443\";a:7:{s:4:\"type\";s:7:\"f_popup\";s:5:\"popup\";s:14:\"browser_object\";s:5:\"title\";s:20:\"Schl&#xFC;sselausgabe an\";s:10:\"identifier\";s:2:\"18\";s:10:\"visibility\";s:7:\"visible\";s:12:\"show_in_list\";i:1;s:11:\"show_inline\";i:0;}s:15:\"c_1647947023519\";a:7:{s:4:\"type\";s:7:\"f_popup\";s:5:\"popup\";s:14:\"browser_object\";s:5:\"title\";s:23:\"Schl&#xFC;sselausgabe durch\";s:10:\"identifier\";s:2:\"18\";s:10:\"visibility\";s:7:\"visible\";s:12:\"show_in_list\";i:1;s:11:\"show_inline\";i:0;}s:15:\"c_1648220841059\";a:7:{s:4:\"type\";s:7:\"f_popup\";s:5:\"popup\";s:14:\"browser_object\";s:5:\"title\";s:11:\"Gelagert in\";s:10:\"identifier\";s:2:\"18\";s:10:\"visibility\";s:7:\"visible\";s:12:\"show_in_list\";i:1;s:11:\"show_inline\";i:0;}}', 
            isysgui_catg_custom__parent = 0, 
            isysgui_catg_custom__list_multi_value = 1, 
            isysgui_catg_custom__const = 'C__CATG__CUSTOM_FIELDS_SCHLUESSELAUSGABE', 
            isysgui_catg_custom__status = 2;</exec>
      </sql>
    </query>
    <query>
      <title>Create custom category 'Zutritt (Schl&#xFC;ssel)'.</title>
      <check ident="C_VALUE_EXISTS">SELECT isysgui_catg_custom__id FROM isysgui_catg_custom WHERE isysgui_catg_custom__const = 'C__CATG__CUSTOM_FIELDS_ZUTRITT_DURCH' LIMIT 1;</check>
      <sql>
        <exec ident="true">UPDATE isysgui_catg_custom SET 
            isysgui_catg_custom__type = 2, 
            isysgui_catg_custom__title = 'Zutritt (Schl&#xFC;ssel)', 
            isysgui_catg_custom__config = 'a:1:{s:15:\"c_1648219168330\";a:7:{s:4:\"type\";s:7:\"f_popup\";s:5:\"popup\";s:14:\"report_browser\";s:5:\"title\";s:13:\"Neues Feld #1\";s:10:\"identifier\";s:31:\"C__VAR_ZUTRITT_ZU_INFRASTRUKTUR\";s:10:\"visibility\";s:7:\"visible\";s:12:\"show_in_list\";i:1;s:11:\"show_inline\";i:0;}}', 
            isysgui_catg_custom__parent = 0, 
            isysgui_catg_custom__list_multi_value = 0, 
            isysgui_catg_custom__status = 2
            WHERE isysgui_catg_custom__const = 'C__CATG__CUSTOM_FIELDS_ZUTRITT_DURCH'
            LIMIT 1;</exec>
        <exec ident="false">INSERT INTO isysgui_catg_custom SET 
            isysgui_catg_custom__type = 2, 
            isysgui_catg_custom__title = 'Zutritt (Schl&#xFC;ssel)', 
            isysgui_catg_custom__config = 'a:1:{s:15:\"c_1648219168330\";a:7:{s:4:\"type\";s:7:\"f_popup\";s:5:\"popup\";s:14:\"report_browser\";s:5:\"title\";s:13:\"Neues Feld #1\";s:10:\"identifier\";s:31:\"C__VAR_ZUTRITT_ZU_INFRASTRUKTUR\";s:10:\"visibility\";s:7:\"visible\";s:12:\"show_in_list\";i:1;s:11:\"show_inline\";i:0;}}', 
            isysgui_catg_custom__parent = 0, 
            isysgui_catg_custom__list_multi_value = 0, 
            isysgui_catg_custom__const = 'C__CATG__CUSTOM_FIELDS_ZUTRITT_DURCH', 
            isysgui_catg_custom__status = 2;</exec>
      </sql>
    </query>
    <query>
      <title>Create custom category 'Zutritt'.</title>
      <check ident="C_VALUE_EXISTS">SELECT isysgui_catg_custom__id FROM isysgui_catg_custom WHERE isysgui_catg_custom__const = 'C__CATG__CUSTOM_FIELDS_ZUTRITTZU' LIMIT 1;</check>
      <sql>
        <exec ident="true">UPDATE isysgui_catg_custom SET 
            isysgui_catg_custom__type = 2, 
            isysgui_catg_custom__title = 'Zutritt', 
            isysgui_catg_custom__config = 'a:1:{s:15:\"c_1657613085964\";a:8:{s:4:\"type\";s:7:\"f_popup\";s:5:\"popup\";s:14:\"browser_object\";s:5:\"title\";s:32:\"Zutritt zu Geb&#xE4;uden und R&#xE4;umen\";s:10:\"identifier\";s:2:\"18\";s:14:\"multiselection\";b:1;s:10:\"visibility\";s:7:\"visible\";s:12:\"show_in_list\";b:0;s:11:\"show_inline\";b:0;}}', 
            isysgui_catg_custom__parent = 0, 
            isysgui_catg_custom__list_multi_value = 0, 
            isysgui_catg_custom__status = 2
            WHERE isysgui_catg_custom__const = 'C__CATG__CUSTOM_FIELDS_ZUTRITTZU'
            LIMIT 1;</exec>
        <exec ident="false">INSERT INTO isysgui_catg_custom SET 
            isysgui_catg_custom__type = 2, 
            isysgui_catg_custom__title = 'Zutritt', 
            isysgui_catg_custom__config = 'a:1:{s:15:\"c_1657613085964\";a:8:{s:4:\"type\";s:7:\"f_popup\";s:5:\"popup\";s:14:\"browser_object\";s:5:\"title\";s:32:\"Zutritt zu Geb&#xE4;uden und R&#xE4;umen\";s:10:\"identifier\";s:2:\"18\";s:14:\"multiselection\";b:1;s:10:\"visibility\";s:7:\"visible\";s:12:\"show_in_list\";b:0;s:11:\"show_inline\";b:0;}}', 
            isysgui_catg_custom__parent = 0, 
            isysgui_catg_custom__list_multi_value = 0, 
            isysgui_catg_custom__const = 'C__CATG__CUSTOM_FIELDS_ZUTRITTZU', 
            isysgui_catg_custom__status = 2;</exec>
      </sql>
    </query>
    <query>
      <title>Create overview page assignment between object type 'C__KEY_BOX' and global category C__CATG__GLOBAL.</title>
      <check ident="C_VALUE_EXISTS">SELECT * 
                    FROM isys_obj_type_2_isysgui_catg_overview
                    WHERE isys_obj_type__id = (SELECT isys_obj_type__id FROM isys_obj_type WHERE isys_obj_type__const = 'C__KEY_BOX' LIMIT 1)
                    AND isysgui_catg__id = (SELECT isysgui_catg__id FROM isysgui_catg WHERE isysgui_catg__const = 'C__CATG__GLOBAL' LIMIT 1) 
                    LIMIT 1;</check>
      <sql>
        <exec ident="true">UPDATE isys_obj_type_2_isysgui_catg_overview 
                    SET isys_obj_type_2_isysgui_catg_overview__sort = 0
                    WHERE isys_obj_type__id = (SELECT isys_obj_type__id FROM isys_obj_type WHERE isys_obj_type__const = 'C__KEY_BOX' LIMIT 1)
                    AND isysgui_catg__id = (SELECT isysgui_catg__id FROM isysgui_catg WHERE isysgui_catg__const = 'C__CATG__GLOBAL' LIMIT 1);</exec>
        <exec ident="false">INSERT INTO isys_obj_type_2_isysgui_catg_overview 
                    SET isys_obj_type__id = (SELECT isys_obj_type__id FROM isys_obj_type WHERE isys_obj_type__const = 'C__KEY_BOX' LIMIT 1),
                    isysgui_catg__id = (SELECT isysgui_catg__id FROM isysgui_catg WHERE isysgui_catg__const = 'C__CATG__GLOBAL' LIMIT 1),
                    isys_obj_type_2_isysgui_catg_overview__sort = 0;</exec>
      </sql>
    </query>
    <query>
      <title>Create overview page assignment between object type 'C__KEYS' and global category C__CATG__GLOBAL.</title>
      <check ident="C_VALUE_EXISTS">SELECT * 
                    FROM isys_obj_type_2_isysgui_catg_overview
                    WHERE isys_obj_type__id = (SELECT isys_obj_type__id FROM isys_obj_type WHERE isys_obj_type__const = 'C__KEYS' LIMIT 1)
                    AND isysgui_catg__id = (SELECT isysgui_catg__id FROM isysgui_catg WHERE isysgui_catg__const = 'C__CATG__GLOBAL' LIMIT 1) 
                    LIMIT 1;</check>
      <sql>
        <exec ident="true">UPDATE isys_obj_type_2_isysgui_catg_overview 
                    SET isys_obj_type_2_isysgui_catg_overview__sort = 0
                    WHERE isys_obj_type__id = (SELECT isys_obj_type__id FROM isys_obj_type WHERE isys_obj_type__const = 'C__KEYS' LIMIT 1)
                    AND isysgui_catg__id = (SELECT isysgui_catg__id FROM isysgui_catg WHERE isysgui_catg__const = 'C__CATG__GLOBAL' LIMIT 1);</exec>
        <exec ident="false">INSERT INTO isys_obj_type_2_isysgui_catg_overview 
                    SET isys_obj_type__id = (SELECT isys_obj_type__id FROM isys_obj_type WHERE isys_obj_type__const = 'C__KEYS' LIMIT 1),
                    isysgui_catg__id = (SELECT isysgui_catg__id FROM isysgui_catg WHERE isysgui_catg__const = 'C__CATG__GLOBAL' LIMIT 1),
                    isys_obj_type_2_isysgui_catg_overview__sort = 0;</exec>
      </sql>
    </query>
    <query>
      <title>Create report category 'Audit'.</title>
      <check ident="C_VALUE_EXISTS">SELECT isys_report_category__id FROM isys_report_category WHERE isys_report_category__const = 'C__REPORT_CATEGORY__AUDIT' LIMIT 1;</check>
      <sql>
        <exec ident="true">UPDATE isys_report_category SET 
            isys_report_category__title = 'Audit' 
            WHERE isys_report_category__const = 'C__REPORT_CATEGORY__AUDIT'
            LIMIT 1;</exec>
        <exec ident="false">INSERT INTO isys_report_category SET 
            isys_report_category__title = 'Audit', 
            isys_report_category__const = 'C__REPORT_CATEGORY__AUDIT';</exec>
      </sql>
    </query>
    <query>
      <title>Create report 'Ausgegebene Schl&#xFC;ssel'.</title>
      <check ident="C_VALUE_EXISTS">SELECT isys_report__id FROM isys_report WHERE isys_report__const = 'C__AUSGEGEBENE_SCHLUSSEL' LIMIT 1;</check>
      <sql>
        <exec ident="true">UPDATE isys_report SET 
            isys_report__title = 'Ausgegebene Schl&#xFC;ssel', 
            isys_report__description = '', 
            isys_report__query = 'SELECT \nobj_main.isys_obj__id AS \'__id__\', \nobj_main.isys_obj__title AS \'LC__UNIVERSAL__TITLE###0_1\', \nj5.isys_obj__title AS \'Ausgegeben an###4_84\', \nj7.isys_obj__title AS \'Ausgegeben durch###4_84\', \nj2.isys_catg_custom_fields_list__field_content AS \'locales::fmt_date::Schl&#xFC;sselausgabe am###4_84\', \nj3.isys_catg_custom_fields_list__field_content AS \'Schl&#xFC;sselnummer###4_84\' \n\n FROM isys_obj AS obj_main \nINNER JOIN isys_cmdb_status AS obj_main_status ON obj_main_status.isys_cmdb_status__id = obj_main.isys_obj__isys_cmdb_status__id \nLEFT JOIN isys_catg_custom_fields_list AS ROOT_C__CATG__CUSTOM_FIELDS_SCHLUESSELAUSGABE ON obj_main.isys_obj__id = ROOT_C__CATG__CUSTOM_FIELDS_SCHLUESSELAUSGABE.isys_catg_custom_fields_list__isys_obj__id\n                                AND ROOT_C__CATG__CUSTOM_FIELDS_SCHLUESSELAUSGABE.isys_catg_custom_fields_list__isysgui_catg_custom__id = (SELECT isysgui_catg_custom__id FROM isysgui_catg_custom WHERE isysgui_catg_custom__const = \'C__CATG__CUSTOM_FIELDS_SCHLUESSELAUSGABE\')\n                                AND ROOT_C__CATG__CUSTOM_FIELDS_SCHLUESSELAUSGABE.isys_catg_custom_fields_list__field_type = \'commentary\'  LEFT JOIN isys_catg_custom_fields_list AS j2 ON obj_main.isys_obj__id = j2.isys_catg_custom_fields_list__isys_obj__id AND j2.isys_catg_custom_fields_list__field_key = \'c_1647943721736\' \n                                AND j2.isys_catg_custom_fields_list__data__id = ROOT_C__CATG__CUSTOM_FIELDS_SCHLUESSELAUSGABE.isys_catg_custom_fields_list__data__id  \n LEFT JOIN isys_catg_custom_fields_list AS j3 ON obj_main.isys_obj__id = j3.isys_catg_custom_fields_list__isys_obj__id AND j3.isys_catg_custom_fields_list__field_key = \'c_1647943721735\'  AND j3.isys_catg_custom_fields_list__data__id = ROOT_C__CATG__CUSTOM_FIELDS_SCHLUESSELAUSGABE.isys_catg_custom_fields_list__data__id  \n LEFT JOIN isys_catg_custom_fields_list AS j4 ON obj_main.isys_obj__id = j4.isys_catg_custom_fields_list__isys_obj__id AND j4.isys_catg_custom_fields_list__field_key = \'c_1647948399443\'  AND j4.isys_catg_custom_fields_list__data__id = ROOT_C__CATG__CUSTOM_FIELDS_SCHLUESSELAUSGABE.isys_catg_custom_fields_list__data__id  \n LEFT JOIN isys_obj AS j5 ON j4.isys_catg_custom_fields_list__field_content = j5.isys_obj__id  \n LEFT JOIN isys_catg_custom_fields_list AS j6 ON obj_main.isys_obj__id = j6.isys_catg_custom_fields_list__isys_obj__id AND j6.isys_catg_custom_fields_list__field_key = \'c_1647947023519\'  AND j6.isys_catg_custom_fields_list__data__id = ROOT_C__CATG__CUSTOM_FIELDS_SCHLUESSELAUSGABE.isys_catg_custom_fields_list__data__id  \n LEFT JOIN isys_obj AS j7 ON j6.isys_catg_custom_fields_list__field_content = j7.isys_obj__id  \nLEFT JOIN isys_obj_type AS j8 ON j8.isys_obj_type__id = obj_main.isys_obj__isys_obj_type__id \n\nWHERE TRUE \n AND  ( (j8.isys_obj_type__id != \'60\' ) AND (j8.isys_obj_type__id != \'63\' ) ) AND ( (j5.isys_obj__id PLACEHOLDER.2 \'object-id\' ) )\n ORDER BY obj_main.isys_obj__title DESC', 
            isys_report__query_row = '', 
            isys_report__last_edited = NOW(), 
            isys_report__user_specific = 0, 
            isys_report__querybuilder_data = '{\"main_object\":[{\"g\":{\"C__CATG__GLOBAL\":[\"title\"]}},{\"g_custom\":{\"C__CATG__CUSTOM_FIELDS_SCHLUESSELAUSGABE\":[\"f_popup_c_1647948399443\"]}},{\"g_custom\":{\"C__CATG__CUSTOM_FIELDS_SCHLUESSELAUSGABE\":[\"f_popup_c_1647947023519\"]}},{\"g_custom\":{\"C__CATG__CUSTOM_FIELDS_SCHLUESSELAUSGABE\":[\"f_popup_c_1647943721736\"]}},{\"g_custom\":{\"C__CATG__CUSTOM_FIELDS_SCHLUESSELAUSGABE\":[\"f_text_c_1647943721735\"]}}],\"lvls\":null,\"conditions\":{\"1\":[{\"category\":\"C__CATG__CUSTOM_FIELDS_SCHLUESSELAUSGABE\",\"property\":\"C__CATG__CUSTOM_FIELDS_SCHLUESSELAUSGABE-f_popup_c_1647948399443\",\"comparison\":\"PLACEHOLDER\",\"value\":\"object-id\",\"user_input\":\"\"}]},\"default_sorting\":null,\"sorting_direction\":\"DESC\",\"statusFilter\":\"0\"}', 
            isys_report__isys_report_category__id = (
                SELECT isys_report_category__id
                FROM isys_report_category
                WHERE isys_report_category__const = 'C__REPORT_CATEGORY__AUDIT'),
            isys_report__empty_values = 1, 
            isys_report__display_relations = 0, 
            isys_report__category_report = 1, 
            isys_report__compressed_multivalue_results = 0,
            isys_report__show_html = 0
            WHERE isys_report__const = 'C__AUSGEGEBENE_SCHLUSSEL'
            LIMIT 1;</exec>
        <exec ident="false">INSERT INTO isys_report SET 
            isys_report__title = 'Ausgegebene Schl&#xFC;ssel', 
            isys_report__description = '', 
            isys_report__query = 'SELECT \nobj_main.isys_obj__id AS \'__id__\', \nobj_main.isys_obj__title AS \'LC__UNIVERSAL__TITLE###0_1\', \nj5.isys_obj__title AS \'Ausgegeben an###4_84\', \nj7.isys_obj__title AS \'Ausgegeben durch###4_84\', \nj2.isys_catg_custom_fields_list__field_content AS \'locales::fmt_date::Schl&#xFC;sselausgabe am###4_84\', \nj3.isys_catg_custom_fields_list__field_content AS \'Schl&#xFC;sselnummer###4_84\' \n\n FROM isys_obj AS obj_main \nINNER JOIN isys_cmdb_status AS obj_main_status ON obj_main_status.isys_cmdb_status__id = obj_main.isys_obj__isys_cmdb_status__id \nLEFT JOIN isys_catg_custom_fields_list AS ROOT_C__CATG__CUSTOM_FIELDS_SCHLUESSELAUSGABE ON obj_main.isys_obj__id = ROOT_C__CATG__CUSTOM_FIELDS_SCHLUESSELAUSGABE.isys_catg_custom_fields_list__isys_obj__id\n                                AND ROOT_C__CATG__CUSTOM_FIELDS_SCHLUESSELAUSGABE.isys_catg_custom_fields_list__isysgui_catg_custom__id = (SELECT isysgui_catg_custom__id FROM isysgui_catg_custom WHERE isysgui_catg_custom__const = \'C__CATG__CUSTOM_FIELDS_SCHLUESSELAUSGABE\')\n                                AND ROOT_C__CATG__CUSTOM_FIELDS_SCHLUESSELAUSGABE.isys_catg_custom_fields_list__field_type = \'commentary\'  LEFT JOIN isys_catg_custom_fields_list AS j2 ON obj_main.isys_obj__id = j2.isys_catg_custom_fields_list__isys_obj__id AND j2.isys_catg_custom_fields_list__field_key = \'c_1647943721736\' \n                                AND j2.isys_catg_custom_fields_list__data__id = ROOT_C__CATG__CUSTOM_FIELDS_SCHLUESSELAUSGABE.isys_catg_custom_fields_list__data__id  \n LEFT JOIN isys_catg_custom_fields_list AS j3 ON obj_main.isys_obj__id = j3.isys_catg_custom_fields_list__isys_obj__id AND j3.isys_catg_custom_fields_list__field_key = \'c_1647943721735\'  AND j3.isys_catg_custom_fields_list__data__id = ROOT_C__CATG__CUSTOM_FIELDS_SCHLUESSELAUSGABE.isys_catg_custom_fields_list__data__id  \n LEFT JOIN isys_catg_custom_fields_list AS j4 ON obj_main.isys_obj__id = j4.isys_catg_custom_fields_list__isys_obj__id AND j4.isys_catg_custom_fields_list__field_key = \'c_1647948399443\'  AND j4.isys_catg_custom_fields_list__data__id = ROOT_C__CATG__CUSTOM_FIELDS_SCHLUESSELAUSGABE.isys_catg_custom_fields_list__data__id  \n LEFT JOIN isys_obj AS j5 ON j4.isys_catg_custom_fields_list__field_content = j5.isys_obj__id  \n LEFT JOIN isys_catg_custom_fields_list AS j6 ON obj_main.isys_obj__id = j6.isys_catg_custom_fields_list__isys_obj__id AND j6.isys_catg_custom_fields_list__field_key = \'c_1647947023519\'  AND j6.isys_catg_custom_fields_list__data__id = ROOT_C__CATG__CUSTOM_FIELDS_SCHLUESSELAUSGABE.isys_catg_custom_fields_list__data__id  \n LEFT JOIN isys_obj AS j7 ON j6.isys_catg_custom_fields_list__field_content = j7.isys_obj__id  \nLEFT JOIN isys_obj_type AS j8 ON j8.isys_obj_type__id = obj_main.isys_obj__isys_obj_type__id \n\nWHERE TRUE \n AND  ( (j8.isys_obj_type__id != \'60\' ) AND (j8.isys_obj_type__id != \'63\' ) ) AND ( (j5.isys_obj__id PLACEHOLDER.2 \'object-id\' ) )\n ORDER BY obj_main.isys_obj__title DESC', 
            isys_report__query_row = '', 
            isys_report__datetime = NOW(), 
            isys_report__last_edited = NOW(), 
            isys_report__type = 'c', 
            isys_report__user_specific = 0, 
            isys_report__querybuilder_data = '{\"main_object\":[{\"g\":{\"C__CATG__GLOBAL\":[\"title\"]}},{\"g_custom\":{\"C__CATG__CUSTOM_FIELDS_SCHLUESSELAUSGABE\":[\"f_popup_c_1647948399443\"]}},{\"g_custom\":{\"C__CATG__CUSTOM_FIELDS_SCHLUESSELAUSGABE\":[\"f_popup_c_1647947023519\"]}},{\"g_custom\":{\"C__CATG__CUSTOM_FIELDS_SCHLUESSELAUSGABE\":[\"f_popup_c_1647943721736\"]}},{\"g_custom\":{\"C__CATG__CUSTOM_FIELDS_SCHLUESSELAUSGABE\":[\"f_text_c_1647943721735\"]}}],\"lvls\":null,\"conditions\":{\"1\":[{\"category\":\"C__CATG__CUSTOM_FIELDS_SCHLUESSELAUSGABE\",\"property\":\"C__CATG__CUSTOM_FIELDS_SCHLUESSELAUSGABE-f_popup_c_1647948399443\",\"comparison\":\"PLACEHOLDER\",\"value\":\"object-id\",\"user_input\":\"\"}]},\"default_sorting\":null,\"sorting_direction\":\"DESC\",\"statusFilter\":\"0\"}', 
            isys_report__isys_report_category__id = (
                SELECT isys_report_category__id
                FROM isys_report_category
                WHERE isys_report_category__const = 'C__REPORT_CATEGORY__AUDIT'), 
            isys_report__empty_values = 1, 
            isys_report__display_relations = 0, 
            isys_report__category_report = 1, 
            isys_report__const = 'C__AUSGEGEBENE_SCHLUSSEL', 
            isys_report__compressed_multivalue_results = 0,
            isys_report__show_html = 0;</exec>
      </sql>
    </query>
    <query>
      <title>Create report category 'Schl&#xFC;sselverwaltung'.</title>
      <check ident="C_VALUE_EXISTS">SELECT isys_report_category__id FROM isys_report_category WHERE isys_report_category__const = 'C__REPORT_CATEGORY__SCHLSSELVERWALTUNG' LIMIT 1;</check>
      <sql>
        <exec ident="true">UPDATE isys_report_category SET 
            isys_report_category__title = 'Schl&#xFC;sselverwaltung' 
            WHERE isys_report_category__const = 'C__REPORT_CATEGORY__SCHLSSELVERWALTUNG'
            LIMIT 1;</exec>
        <exec ident="false">INSERT INTO isys_report_category SET 
            isys_report_category__title = 'Schl&#xFC;sselverwaltung', 
            isys_report_category__const = 'C__REPORT_CATEGORY__SCHLSSELVERWALTUNG';</exec>
      </sql>
    </query>
    <query>
      <title>Create report 'Key book'.</title>
      <check ident="C_VALUE_EXISTS">SELECT isys_report__id FROM isys_report WHERE isys_report__const = 'C__C6EB2025DD77FDC23621F5825059C' LIMIT 1;</check>
      <sql>
        <exec ident="true">UPDATE isys_report SET 
            isys_report__title = 'Key book', 
            isys_report__description = '', 
            isys_report__query = 'SELECT \nobj_main.isys_obj__id AS \'__id__\', \nobj_main.isys_obj__title AS \'LC__UNIVERSAL__TITLE###0_1\', \nj3.isys_catg_custom_fields_list__field_content AS \'Schl&#xFC;sselnummer###4_84\', \nj2.isys_catg_custom_fields_list__field_content AS \'locales::fmt_date::Schl&#xFC;sselausgabe am###4_84\', \nj5.isys_obj__title AS \'Schl&#xFC;sselausgabe an###4_84\', \nj7.isys_obj__title AS \'Schl&#xFC;sselausgabe durch###4_84\', \nj9.isys_obj__title AS \'LC__UNIVERSAL__TITLE#Gelagert in###catg_1\', \nj12.isys_obj__title AS \'LC__UNIVERSAL__TITLE#LC__CMDB__CATG__LOCATION#Gelagert in###catg_1\' \n\n FROM isys_obj AS obj_main \nINNER JOIN isys_cmdb_status AS obj_main_status ON obj_main_status.isys_cmdb_status__id = obj_main.isys_obj__isys_cmdb_status__id \nLEFT JOIN isys_catg_custom_fields_list AS ROOT_C__CATG__CUSTOM_FIELDS_SCHLUESSELAUSGABE ON obj_main.isys_obj__id = ROOT_C__CATG__CUSTOM_FIELDS_SCHLUESSELAUSGABE.isys_catg_custom_fields_list__isys_obj__id\n                                AND ROOT_C__CATG__CUSTOM_FIELDS_SCHLUESSELAUSGABE.isys_catg_custom_fields_list__isysgui_catg_custom__id = (SELECT isysgui_catg_custom__id FROM isysgui_catg_custom WHERE isysgui_catg_custom__const = \'C__CATG__CUSTOM_FIELDS_SCHLUESSELAUSGABE\')\n                                AND ROOT_C__CATG__CUSTOM_FIELDS_SCHLUESSELAUSGABE.isys_catg_custom_fields_list__field_type = \'commentary\'  LEFT JOIN isys_catg_custom_fields_list AS j2 ON obj_main.isys_obj__id = j2.isys_catg_custom_fields_list__isys_obj__id AND j2.isys_catg_custom_fields_list__field_key = \'c_1647943721736\' \n                                AND j2.isys_catg_custom_fields_list__data__id = ROOT_C__CATG__CUSTOM_FIELDS_SCHLUESSELAUSGABE.isys_catg_custom_fields_list__data__id  \n LEFT JOIN isys_catg_custom_fields_list AS j3 ON obj_main.isys_obj__id = j3.isys_catg_custom_fields_list__isys_obj__id AND j3.isys_catg_custom_fields_list__field_key = \'c_1647943721735\'  AND j3.isys_catg_custom_fields_list__data__id = ROOT_C__CATG__CUSTOM_FIELDS_SCHLUESSELAUSGABE.isys_catg_custom_fields_list__data__id  \n LEFT JOIN isys_catg_custom_fields_list AS j4 ON obj_main.isys_obj__id = j4.isys_catg_custom_fields_list__isys_obj__id AND j4.isys_catg_custom_fields_list__field_key = \'c_1647948399443\'  AND j4.isys_catg_custom_fields_list__data__id = ROOT_C__CATG__CUSTOM_FIELDS_SCHLUESSELAUSGABE.isys_catg_custom_fields_list__data__id  \n LEFT JOIN isys_obj AS j5 ON j4.isys_catg_custom_fields_list__field_content = j5.isys_obj__id  \n LEFT JOIN isys_catg_custom_fields_list AS j6 ON obj_main.isys_obj__id = j6.isys_catg_custom_fields_list__isys_obj__id AND j6.isys_catg_custom_fields_list__field_key = \'c_1647947023519\'  AND j6.isys_catg_custom_fields_list__data__id = ROOT_C__CATG__CUSTOM_FIELDS_SCHLUESSELAUSGABE.isys_catg_custom_fields_list__data__id  \n LEFT JOIN isys_obj AS j7 ON j6.isys_catg_custom_fields_list__field_content = j7.isys_obj__id  \n LEFT JOIN isys_catg_custom_fields_list AS j8 ON obj_main.isys_obj__id = j8.isys_catg_custom_fields_list__isys_obj__id AND j8.isys_catg_custom_fields_list__field_key = \'c_1648220841059\'  AND j8.isys_catg_custom_fields_list__data__id = ROOT_C__CATG__CUSTOM_FIELDS_SCHLUESSELAUSGABE.isys_catg_custom_fields_list__data__id  \n LEFT JOIN isys_obj AS j9 ON j8.isys_catg_custom_fields_list__field_content = j9.isys_obj__id  \nLEFT JOIN isys_catg_location_list AS j11 ON j9.isys_obj__id = j11.isys_catg_location_list__isys_obj__id \nLEFT JOIN isys_obj AS j12 ON j11.isys_catg_location_list__parentid = j12.isys_obj__id \nLEFT JOIN isys_obj_type AS j14 ON j14.isys_obj_type__id = obj_main.isys_obj__isys_obj_type__id \n\nWHERE TRUE \n AND  ( (j14.isys_obj_type__id != \'60\' ) AND (j14.isys_obj_type__id != \'63\' ) ) AND ( (j14.isys_obj_type__id = \'160\' ) )\n ORDER BY obj_main.isys_obj__title DESC', 
            isys_report__query_row = '', 
            isys_report__last_edited = NOW(), 
            isys_report__user_specific = 0, 
            isys_report__querybuilder_data = '{\"main_object\":[{\"g\":{\"C__CATG__GLOBAL\":[\"title\"]}},{\"g_custom\":{\"C__CATG__CUSTOM_FIELDS_SCHLUESSELAUSGABE\":[\"f_text_c_1647943721735\"]}},{\"g_custom\":{\"C__CATG__CUSTOM_FIELDS_SCHLUESSELAUSGABE\":[\"f_popup_c_1647943721736\"]}},{\"g_custom\":{\"C__CATG__CUSTOM_FIELDS_SCHLUESSELAUSGABE\":[\"f_popup_c_1647948399443\"]}},{\"g_custom\":{\"C__CATG__CUSTOM_FIELDS_SCHLUESSELAUSGABE\":[\"f_popup_c_1647947023519\"]}},{\"g_custom\":{\"C__CATG__CUSTOM_FIELDS_SCHLUESSELAUSGABE\":[\"f_popup_c_1648220841059\"]}}],\"lvls\":{\"1\":{\"C__CATG__CUSTOM_FIELDS_SCHLUESSELAUSGABE-f_popup_c_1648220841059\":[{\"g\":{\"C__CATG__GLOBAL\":[\"title\"]}},{\"g\":{\"C__CATG__LOCATION\":[\"parent\"]}}]},\"2\":{\"C__CATG__CUSTOM_FIELDS_SCHLUESSELAUSGABE-f_popup_c_1648220841059--C__CATG__LOCATION-parent\":[{\"g\":{\"C__CATG__GLOBAL\":[\"title\"]}}]}},\"conditions\":[[{\"category\":\"C__CATG__GLOBAL\",\"property\":\"C__CATG__GLOBAL-type\",\"comparison\":\"=\",\"value\":\"160\"}]],\"default_sorting\":null,\"sorting_direction\":\"DESC\",\"statusFilter\":\"0\"}', 
            isys_report__isys_report_category__id = (
                SELECT isys_report_category__id
                FROM isys_report_category
                WHERE isys_report_category__const = 'C__REPORT_CATEGORY__SCHLSSELVERWALTUNG'),
            isys_report__empty_values = 1, 
            isys_report__display_relations = 0, 
            isys_report__category_report = 0, 
            isys_report__compressed_multivalue_results = 1,
            isys_report__show_html = 0
            WHERE isys_report__const = 'C__C6EB2025DD77FDC23621F5825059C'
            LIMIT 1;</exec>
        <exec ident="false">INSERT INTO isys_report SET 
            isys_report__title = 'Key book', 
            isys_report__description = '', 
            isys_report__query = 'SELECT \nobj_main.isys_obj__id AS \'__id__\', \nobj_main.isys_obj__title AS \'LC__UNIVERSAL__TITLE###0_1\', \nj3.isys_catg_custom_fields_list__field_content AS \'Schl&#xFC;sselnummer###4_84\', \nj2.isys_catg_custom_fields_list__field_content AS \'locales::fmt_date::Schl&#xFC;sselausgabe am###4_84\', \nj5.isys_obj__title AS \'Schl&#xFC;sselausgabe an###4_84\', \nj7.isys_obj__title AS \'Schl&#xFC;sselausgabe durch###4_84\', \nj9.isys_obj__title AS \'LC__UNIVERSAL__TITLE#Gelagert in###catg_1\', \nj12.isys_obj__title AS \'LC__UNIVERSAL__TITLE#LC__CMDB__CATG__LOCATION#Gelagert in###catg_1\' \n\n FROM isys_obj AS obj_main \nINNER JOIN isys_cmdb_status AS obj_main_status ON obj_main_status.isys_cmdb_status__id = obj_main.isys_obj__isys_cmdb_status__id \nLEFT JOIN isys_catg_custom_fields_list AS ROOT_C__CATG__CUSTOM_FIELDS_SCHLUESSELAUSGABE ON obj_main.isys_obj__id = ROOT_C__CATG__CUSTOM_FIELDS_SCHLUESSELAUSGABE.isys_catg_custom_fields_list__isys_obj__id\n                                AND ROOT_C__CATG__CUSTOM_FIELDS_SCHLUESSELAUSGABE.isys_catg_custom_fields_list__isysgui_catg_custom__id = (SELECT isysgui_catg_custom__id FROM isysgui_catg_custom WHERE isysgui_catg_custom__const = \'C__CATG__CUSTOM_FIELDS_SCHLUESSELAUSGABE\')\n                                AND ROOT_C__CATG__CUSTOM_FIELDS_SCHLUESSELAUSGABE.isys_catg_custom_fields_list__field_type = \'commentary\'  LEFT JOIN isys_catg_custom_fields_list AS j2 ON obj_main.isys_obj__id = j2.isys_catg_custom_fields_list__isys_obj__id AND j2.isys_catg_custom_fields_list__field_key = \'c_1647943721736\' \n                                AND j2.isys_catg_custom_fields_list__data__id = ROOT_C__CATG__CUSTOM_FIELDS_SCHLUESSELAUSGABE.isys_catg_custom_fields_list__data__id  \n LEFT JOIN isys_catg_custom_fields_list AS j3 ON obj_main.isys_obj__id = j3.isys_catg_custom_fields_list__isys_obj__id AND j3.isys_catg_custom_fields_list__field_key = \'c_1647943721735\'  AND j3.isys_catg_custom_fields_list__data__id = ROOT_C__CATG__CUSTOM_FIELDS_SCHLUESSELAUSGABE.isys_catg_custom_fields_list__data__id  \n LEFT JOIN isys_catg_custom_fields_list AS j4 ON obj_main.isys_obj__id = j4.isys_catg_custom_fields_list__isys_obj__id AND j4.isys_catg_custom_fields_list__field_key = \'c_1647948399443\'  AND j4.isys_catg_custom_fields_list__data__id = ROOT_C__CATG__CUSTOM_FIELDS_SCHLUESSELAUSGABE.isys_catg_custom_fields_list__data__id  \n LEFT JOIN isys_obj AS j5 ON j4.isys_catg_custom_fields_list__field_content = j5.isys_obj__id  \n LEFT JOIN isys_catg_custom_fields_list AS j6 ON obj_main.isys_obj__id = j6.isys_catg_custom_fields_list__isys_obj__id AND j6.isys_catg_custom_fields_list__field_key = \'c_1647947023519\'  AND j6.isys_catg_custom_fields_list__data__id = ROOT_C__CATG__CUSTOM_FIELDS_SCHLUESSELAUSGABE.isys_catg_custom_fields_list__data__id  \n LEFT JOIN isys_obj AS j7 ON j6.isys_catg_custom_fields_list__field_content = j7.isys_obj__id  \n LEFT JOIN isys_catg_custom_fields_list AS j8 ON obj_main.isys_obj__id = j8.isys_catg_custom_fields_list__isys_obj__id AND j8.isys_catg_custom_fields_list__field_key = \'c_1648220841059\'  AND j8.isys_catg_custom_fields_list__data__id = ROOT_C__CATG__CUSTOM_FIELDS_SCHLUESSELAUSGABE.isys_catg_custom_fields_list__data__id  \n LEFT JOIN isys_obj AS j9 ON j8.isys_catg_custom_fields_list__field_content = j9.isys_obj__id  \nLEFT JOIN isys_catg_location_list AS j11 ON j9.isys_obj__id = j11.isys_catg_location_list__isys_obj__id \nLEFT JOIN isys_obj AS j12 ON j11.isys_catg_location_list__parentid = j12.isys_obj__id \nLEFT JOIN isys_obj_type AS j14 ON j14.isys_obj_type__id = obj_main.isys_obj__isys_obj_type__id \n\nWHERE TRUE \n AND  ( (j14.isys_obj_type__id != \'60\' ) AND (j14.isys_obj_type__id != \'63\' ) ) AND ( (j14.isys_obj_type__id = \'160\' ) )\n ORDER BY obj_main.isys_obj__title DESC', 
            isys_report__query_row = '', 
            isys_report__datetime = NOW(), 
            isys_report__last_edited = NOW(), 
            isys_report__type = 'c', 
            isys_report__user_specific = 0, 
            isys_report__querybuilder_data = '{\"main_object\":[{\"g\":{\"C__CATG__GLOBAL\":[\"title\"]}},{\"g_custom\":{\"C__CATG__CUSTOM_FIELDS_SCHLUESSELAUSGABE\":[\"f_text_c_1647943721735\"]}},{\"g_custom\":{\"C__CATG__CUSTOM_FIELDS_SCHLUESSELAUSGABE\":[\"f_popup_c_1647943721736\"]}},{\"g_custom\":{\"C__CATG__CUSTOM_FIELDS_SCHLUESSELAUSGABE\":[\"f_popup_c_1647948399443\"]}},{\"g_custom\":{\"C__CATG__CUSTOM_FIELDS_SCHLUESSELAUSGABE\":[\"f_popup_c_1647947023519\"]}},{\"g_custom\":{\"C__CATG__CUSTOM_FIELDS_SCHLUESSELAUSGABE\":[\"f_popup_c_1648220841059\"]}}],\"lvls\":{\"1\":{\"C__CATG__CUSTOM_FIELDS_SCHLUESSELAUSGABE-f_popup_c_1648220841059\":[{\"g\":{\"C__CATG__GLOBAL\":[\"title\"]}},{\"g\":{\"C__CATG__LOCATION\":[\"parent\"]}}]},\"2\":{\"C__CATG__CUSTOM_FIELDS_SCHLUESSELAUSGABE-f_popup_c_1648220841059--C__CATG__LOCATION-parent\":[{\"g\":{\"C__CATG__GLOBAL\":[\"title\"]}}]}},\"conditions\":[[{\"category\":\"C__CATG__GLOBAL\",\"property\":\"C__CATG__GLOBAL-type\",\"comparison\":\"=\",\"value\":\"160\"}]],\"default_sorting\":null,\"sorting_direction\":\"DESC\",\"statusFilter\":\"0\"}', 
            isys_report__isys_report_category__id = (
                SELECT isys_report_category__id
                FROM isys_report_category
                WHERE isys_report_category__const = 'C__REPORT_CATEGORY__SCHLSSELVERWALTUNG'), 
            isys_report__empty_values = 1, 
            isys_report__display_relations = 0, 
            isys_report__category_report = 0, 
            isys_report__const = 'C__C6EB2025DD77FDC23621F5825059C', 
            isys_report__compressed_multivalue_results = 1,
            isys_report__show_html = 0;</exec>
      </sql>
    </query>
    <query>
      <title>Create report category 'Schl&#xFC;sselverwaltung'.</title>
      <check ident="C_VALUE_EXISTS">SELECT isys_report_category__id FROM isys_report_category WHERE isys_report_category__const = 'C__REPORT_CATEGORY__SCHLSSELVERWALTUNG' LIMIT 1;</check>
      <sql>
        <exec ident="true">UPDATE isys_report_category SET 
            isys_report_category__title = 'Schl&#xFC;sselverwaltung' 
            WHERE isys_report_category__const = 'C__REPORT_CATEGORY__SCHLSSELVERWALTUNG'
            LIMIT 1;</exec>
        <exec ident="false">INSERT INTO isys_report_category SET 
            isys_report_category__title = 'Schl&#xFC;sselverwaltung', 
            isys_report_category__const = 'C__REPORT_CATEGORY__SCHLSSELVERWALTUNG';</exec>
      </sql>
    </query>
    <query>
      <title>Create report 'Var: Received keys'.</title>
      <check ident="C_VALUE_EXISTS">SELECT isys_report__id FROM isys_report WHERE isys_report__const = 'C__ERHALTENE_SCHLUSSEL' LIMIT 1;</check>
      <sql>
        <exec ident="true">UPDATE isys_report SET 
            isys_report__title = 'Var: Received keys', 
            isys_report__description = '', 
            isys_report__query = 'SELECT \nobj_main.isys_obj__id AS \'__id__\', \nobj_main.isys_obj__title AS \'LC__UNIVERSAL__TITLE###0_1\', \nj3.isys_catg_custom_fields_list__field_content AS \'Key number###4_84\', \nj5.isys_obj__title AS \'Key issuance to###4_84\', \nj7.isys_obj__title AS \'Key issued by###4_84\', \nj2.isys_catg_custom_fields_list__field_content AS \'locales::fmt_date::Key issuance on###4_84\' \n\n FROM isys_obj AS obj_main \nINNER JOIN isys_cmdb_status AS obj_main_status ON obj_main_status.isys_cmdb_status__id = obj_main.isys_obj__isys_cmdb_status__id \nLEFT JOIN isys_catg_custom_fields_list AS ROOT_C__CATG__CUSTOM_FIELDS_SCHLUESSELAUSGABE ON obj_main.isys_obj__id = ROOT_C__CATG__CUSTOM_FIELDS_SCHLUESSELAUSGABE.isys_catg_custom_fields_list__isys_obj__id\n                                AND ROOT_C__CATG__CUSTOM_FIELDS_SCHLUESSELAUSGABE.isys_catg_custom_fields_list__isysgui_catg_custom__id = (SELECT isysgui_catg_custom__id FROM isysgui_catg_custom WHERE isysgui_catg_custom__const = \'C__CATG__CUSTOM_FIELDS_SCHLUESSELAUSGABE\')\n                                AND ROOT_C__CATG__CUSTOM_FIELDS_SCHLUESSELAUSGABE.isys_catg_custom_fields_list__field_type = \'commentary\'  LEFT JOIN isys_catg_custom_fields_list AS j2 ON obj_main.isys_obj__id = j2.isys_catg_custom_fields_list__isys_obj__id AND j2.isys_catg_custom_fields_list__field_key = \'c_1647943721736\' \n                                AND j2.isys_catg_custom_fields_list__data__id = ROOT_C__CATG__CUSTOM_FIELDS_SCHLUESSELAUSGABE.isys_catg_custom_fields_list__data__id  \n LEFT JOIN isys_catg_custom_fields_list AS j3 ON obj_main.isys_obj__id = j3.isys_catg_custom_fields_list__isys_obj__id AND j3.isys_catg_custom_fields_list__field_key = \'c_1647943721735\'  AND j3.isys_catg_custom_fields_list__data__id = ROOT_C__CATG__CUSTOM_FIELDS_SCHLUESSELAUSGABE.isys_catg_custom_fields_list__data__id  \n LEFT JOIN isys_catg_custom_fields_list AS j4 ON obj_main.isys_obj__id = j4.isys_catg_custom_fields_list__isys_obj__id AND j4.isys_catg_custom_fields_list__field_key = \'c_1647948399443\'  AND j4.isys_catg_custom_fields_list__data__id = ROOT_C__CATG__CUSTOM_FIELDS_SCHLUESSELAUSGABE.isys_catg_custom_fields_list__data__id  \n LEFT JOIN isys_obj AS j5 ON j4.isys_catg_custom_fields_list__field_content = j5.isys_obj__id  \n LEFT JOIN isys_catg_custom_fields_list AS j6 ON obj_main.isys_obj__id = j6.isys_catg_custom_fields_list__isys_obj__id AND j6.isys_catg_custom_fields_list__field_key = \'c_1647947023519\'  AND j6.isys_catg_custom_fields_list__data__id = ROOT_C__CATG__CUSTOM_FIELDS_SCHLUESSELAUSGABE.isys_catg_custom_fields_list__data__id  \n LEFT JOIN isys_obj AS j7 ON j6.isys_catg_custom_fields_list__field_content = j7.isys_obj__id  \nLEFT JOIN isys_obj_type AS j8 ON j8.isys_obj_type__id = obj_main.isys_obj__isys_obj_type__id \n\nWHERE TRUE \n AND  ( (j8.isys_obj_type__id != \'60\' ) AND (j8.isys_obj_type__id != \'63\' ) ) AND ( (j5.isys_obj__id PLACEHOLDER.2 \'object-id\' ) )\n ORDER BY obj_main.isys_obj__title DESC', 
            isys_report__query_row = '', 
            isys_report__last_edited = NOW(), 
            isys_report__user_specific = 0, 
            isys_report__querybuilder_data = '{\"main_object\":[{\"g\":{\"C__CATG__GLOBAL\":[\"title\"]}},{\"g_custom\":{\"C__CATG__CUSTOM_FIELDS_SCHLUESSELAUSGABE\":[\"f_text_c_1647943721735\"]}},{\"g_custom\":{\"C__CATG__CUSTOM_FIELDS_SCHLUESSELAUSGABE\":[\"f_popup_c_1647948399443\"]}},{\"g_custom\":{\"C__CATG__CUSTOM_FIELDS_SCHLUESSELAUSGABE\":[\"f_popup_c_1647947023519\"]}},{\"g_custom\":{\"C__CATG__CUSTOM_FIELDS_SCHLUESSELAUSGABE\":[\"f_popup_c_1647943721736\"]}}],\"lvls\":null,\"conditions\":[[{\"category\":\"C__CATG__CUSTOM_FIELDS_SCHLUESSELAUSGABE\",\"property\":\"C__CATG__CUSTOM_FIELDS_SCHLUESSELAUSGABE-f_popup_c_1647948399443\",\"comparison\":\"PLACEHOLDER\",\"value\":\"object-id\",\"user_input\":\"\"}]],\"default_sorting\":null,\"sorting_direction\":\"DESC\",\"statusFilter\":\"0\"}', 
            isys_report__isys_report_category__id = (
                SELECT isys_report_category__id
                FROM isys_report_category
                WHERE isys_report_category__const = 'C__REPORT_CATEGORY__SCHLSSELVERWALTUNG'),
            isys_report__empty_values = 1, 
            isys_report__display_relations = 0, 
            isys_report__category_report = 1, 
            isys_report__compressed_multivalue_results = 0,
            isys_report__show_html = 0
            WHERE isys_report__const = 'C__ERHALTENE_SCHLUSSEL'
            LIMIT 1;</exec>
        <exec ident="false">INSERT INTO isys_report SET 
            isys_report__title = 'Var: Received keys', 
            isys_report__description = '', 
            isys_report__query = 'SELECT \nobj_main.isys_obj__id AS \'__id__\', \nobj_main.isys_obj__title AS \'LC__UNIVERSAL__TITLE###0_1\', \nj3.isys_catg_custom_fields_list__field_content AS \'Key number###4_84\', \nj5.isys_obj__title AS \'Key issuance to###4_84\', \nj7.isys_obj__title AS \'Key issued by###4_84\', \nj2.isys_catg_custom_fields_list__field_content AS \'locales::fmt_date::Key issuance on###4_84\' \n\n FROM isys_obj AS obj_main \nINNER JOIN isys_cmdb_status AS obj_main_status ON obj_main_status.isys_cmdb_status__id = obj_main.isys_obj__isys_cmdb_status__id \nLEFT JOIN isys_catg_custom_fields_list AS ROOT_C__CATG__CUSTOM_FIELDS_SCHLUESSELAUSGABE ON obj_main.isys_obj__id = ROOT_C__CATG__CUSTOM_FIELDS_SCHLUESSELAUSGABE.isys_catg_custom_fields_list__isys_obj__id\n                                AND ROOT_C__CATG__CUSTOM_FIELDS_SCHLUESSELAUSGABE.isys_catg_custom_fields_list__isysgui_catg_custom__id = (SELECT isysgui_catg_custom__id FROM isysgui_catg_custom WHERE isysgui_catg_custom__const = \'C__CATG__CUSTOM_FIELDS_SCHLUESSELAUSGABE\')\n                                AND ROOT_C__CATG__CUSTOM_FIELDS_SCHLUESSELAUSGABE.isys_catg_custom_fields_list__field_type = \'commentary\'  LEFT JOIN isys_catg_custom_fields_list AS j2 ON obj_main.isys_obj__id = j2.isys_catg_custom_fields_list__isys_obj__id AND j2.isys_catg_custom_fields_list__field_key = \'c_1647943721736\' \n                                AND j2.isys_catg_custom_fields_list__data__id = ROOT_C__CATG__CUSTOM_FIELDS_SCHLUESSELAUSGABE.isys_catg_custom_fields_list__data__id  \n LEFT JOIN isys_catg_custom_fields_list AS j3 ON obj_main.isys_obj__id = j3.isys_catg_custom_fields_list__isys_obj__id AND j3.isys_catg_custom_fields_list__field_key = \'c_1647943721735\'  AND j3.isys_catg_custom_fields_list__data__id = ROOT_C__CATG__CUSTOM_FIELDS_SCHLUESSELAUSGABE.isys_catg_custom_fields_list__data__id  \n LEFT JOIN isys_catg_custom_fields_list AS j4 ON obj_main.isys_obj__id = j4.isys_catg_custom_fields_list__isys_obj__id AND j4.isys_catg_custom_fields_list__field_key = \'c_1647948399443\'  AND j4.isys_catg_custom_fields_list__data__id = ROOT_C__CATG__CUSTOM_FIELDS_SCHLUESSELAUSGABE.isys_catg_custom_fields_list__data__id  \n LEFT JOIN isys_obj AS j5 ON j4.isys_catg_custom_fields_list__field_content = j5.isys_obj__id  \n LEFT JOIN isys_catg_custom_fields_list AS j6 ON obj_main.isys_obj__id = j6.isys_catg_custom_fields_list__isys_obj__id AND j6.isys_catg_custom_fields_list__field_key = \'c_1647947023519\'  AND j6.isys_catg_custom_fields_list__data__id = ROOT_C__CATG__CUSTOM_FIELDS_SCHLUESSELAUSGABE.isys_catg_custom_fields_list__data__id  \n LEFT JOIN isys_obj AS j7 ON j6.isys_catg_custom_fields_list__field_content = j7.isys_obj__id  \nLEFT JOIN isys_obj_type AS j8 ON j8.isys_obj_type__id = obj_main.isys_obj__isys_obj_type__id \n\nWHERE TRUE \n AND  ( (j8.isys_obj_type__id != \'60\' ) AND (j8.isys_obj_type__id != \'63\' ) ) AND ( (j5.isys_obj__id PLACEHOLDER.2 \'object-id\' ) )\n ORDER BY obj_main.isys_obj__title DESC', 
            isys_report__query_row = '', 
            isys_report__datetime = NOW(), 
            isys_report__last_edited = NOW(), 
            isys_report__type = 'c', 
            isys_report__user_specific = 0, 
            isys_report__querybuilder_data = '{\"main_object\":[{\"g\":{\"C__CATG__GLOBAL\":[\"title\"]}},{\"g_custom\":{\"C__CATG__CUSTOM_FIELDS_SCHLUESSELAUSGABE\":[\"f_text_c_1647943721735\"]}},{\"g_custom\":{\"C__CATG__CUSTOM_FIELDS_SCHLUESSELAUSGABE\":[\"f_popup_c_1647948399443\"]}},{\"g_custom\":{\"C__CATG__CUSTOM_FIELDS_SCHLUESSELAUSGABE\":[\"f_popup_c_1647947023519\"]}},{\"g_custom\":{\"C__CATG__CUSTOM_FIELDS_SCHLUESSELAUSGABE\":[\"f_popup_c_1647943721736\"]}}],\"lvls\":null,\"conditions\":[[{\"category\":\"C__CATG__CUSTOM_FIELDS_SCHLUESSELAUSGABE\",\"property\":\"C__CATG__CUSTOM_FIELDS_SCHLUESSELAUSGABE-f_popup_c_1647948399443\",\"comparison\":\"PLACEHOLDER\",\"value\":\"object-id\",\"user_input\":\"\"}]],\"default_sorting\":null,\"sorting_direction\":\"DESC\",\"statusFilter\":\"0\"}', 
            isys_report__isys_report_category__id = (
                SELECT isys_report_category__id
                FROM isys_report_category
                WHERE isys_report_category__const = 'C__REPORT_CATEGORY__SCHLSSELVERWALTUNG'), 
            isys_report__empty_values = 1, 
            isys_report__display_relations = 0, 
            isys_report__category_report = 1, 
            isys_report__const = 'C__ERHALTENE_SCHLUSSEL', 
            isys_report__compressed_multivalue_results = 0,
            isys_report__show_html = 0;</exec>
      </sql>
    </query>
    <query>
      <title>Create report category 'Schl&#xFC;sselverwaltung'.</title>
      <check ident="C_VALUE_EXISTS">SELECT isys_report_category__id FROM isys_report_category WHERE isys_report_category__const = 'C__REPORT_CATEGORY__SCHLSSELVERWALTUNG' LIMIT 1;</check>
      <sql>
        <exec ident="true">UPDATE isys_report_category SET 
            isys_report_category__title = 'Schl&#xFC;sselverwaltung' 
            WHERE isys_report_category__const = 'C__REPORT_CATEGORY__SCHLSSELVERWALTUNG'
            LIMIT 1;</exec>
        <exec ident="false">INSERT INTO isys_report_category SET 
            isys_report_category__title = 'Schl&#xFC;sselverwaltung', 
            isys_report_category__const = 'C__REPORT_CATEGORY__SCHLSSELVERWALTUNG';</exec>
      </sql>
    </query>
    <query>
      <title>Create report 'Var: Eingelagerte Schl&#xFC;ssel'.</title>
      <check ident="C_VALUE_EXISTS">SELECT isys_report__id FROM isys_report WHERE isys_report__const = 'C__VAR_EINGELAGERTE_SCHLUSSEL' LIMIT 1;</check>
      <sql>
        <exec ident="true">UPDATE isys_report SET 
            isys_report__title = 'Var: Eingelagerte Schl&#xFC;ssel', 
            isys_report__description = '', 
            isys_report__query = 'SELECT \nobj_main.isys_obj__id AS \'__id__\', \nobj_main.isys_obj__title AS \'LC__UNIVERSAL__TITLE###0_1\', \nj2.isys_catg_custom_fields_list__field_content AS \'Key number###4_84\', \nj4.isys_obj__title AS \'Stored at###4_84\' \n\n FROM isys_obj AS obj_main \nINNER JOIN isys_cmdb_status AS obj_main_status ON obj_main_status.isys_cmdb_status__id = obj_main.isys_obj__isys_cmdb_status__id \nLEFT JOIN isys_catg_custom_fields_list AS ROOT_C__CATG__CUSTOM_FIELDS_SCHLUESSELAUSGABE ON obj_main.isys_obj__id = ROOT_C__CATG__CUSTOM_FIELDS_SCHLUESSELAUSGABE.isys_catg_custom_fields_list__isys_obj__id\n                                AND ROOT_C__CATG__CUSTOM_FIELDS_SCHLUESSELAUSGABE.isys_catg_custom_fields_list__isysgui_catg_custom__id = (SELECT isysgui_catg_custom__id FROM isysgui_catg_custom WHERE isysgui_catg_custom__const = \'C__CATG__CUSTOM_FIELDS_SCHLUESSELAUSGABE\')\n                                AND ROOT_C__CATG__CUSTOM_FIELDS_SCHLUESSELAUSGABE.isys_catg_custom_fields_list__field_type = \'commentary\'  LEFT JOIN isys_catg_custom_fields_list AS j2 ON obj_main.isys_obj__id = j2.isys_catg_custom_fields_list__isys_obj__id AND j2.isys_catg_custom_fields_list__field_key = \'c_1647943721735\' \n                                AND j2.isys_catg_custom_fields_list__data__id = ROOT_C__CATG__CUSTOM_FIELDS_SCHLUESSELAUSGABE.isys_catg_custom_fields_list__data__id  \n LEFT JOIN isys_catg_custom_fields_list AS j3 ON obj_main.isys_obj__id = j3.isys_catg_custom_fields_list__isys_obj__id AND j3.isys_catg_custom_fields_list__field_key = \'c_1648220841059\'  AND j3.isys_catg_custom_fields_list__data__id = ROOT_C__CATG__CUSTOM_FIELDS_SCHLUESSELAUSGABE.isys_catg_custom_fields_list__data__id  \n LEFT JOIN isys_obj AS j4 ON j3.isys_catg_custom_fields_list__field_content = j4.isys_obj__id  \nLEFT JOIN isys_obj_type AS j5 ON j5.isys_obj_type__id = obj_main.isys_obj__isys_obj_type__id \n\nWHERE TRUE \n AND  ( (j5.isys_obj_type__id != \'60\' ) AND (j5.isys_obj_type__id != \'63\' ) ) AND ( (j4.isys_obj__id PLACEHOLDER.2 \'object-id\' ) )\n ORDER BY obj_main.isys_obj__title DESC', 
            isys_report__query_row = '', 
            isys_report__last_edited = NOW(), 
            isys_report__user_specific = 0, 
            isys_report__querybuilder_data = '{\"main_object\":[{\"g\":{\"C__CATG__GLOBAL\":[\"title\"]}},{\"g_custom\":{\"C__CATG__CUSTOM_FIELDS_SCHLUESSELAUSGABE\":[\"f_text_c_1647943721735\"]}},{\"g_custom\":{\"C__CATG__CUSTOM_FIELDS_SCHLUESSELAUSGABE\":[\"f_popup_c_1648220841059\"]}}],\"lvls\":null,\"conditions\":[[{\"category\":\"C__CATG__CUSTOM_FIELDS_SCHLUESSELAUSGABE\",\"property\":\"C__CATG__CUSTOM_FIELDS_SCHLUESSELAUSGABE-f_popup_c_1648220841059\",\"comparison\":\"PLACEHOLDER\",\"value\":\"object-id\",\"user_input\":\"\"}]],\"default_sorting\":null,\"sorting_direction\":\"DESC\",\"statusFilter\":\"0\"}', 
            isys_report__isys_report_category__id = (
                SELECT isys_report_category__id
                FROM isys_report_category
                WHERE isys_report_category__const = 'C__REPORT_CATEGORY__SCHLSSELVERWALTUNG'),
            isys_report__empty_values = 1, 
            isys_report__display_relations = 0, 
            isys_report__category_report = 1, 
            isys_report__compressed_multivalue_results = 0,
            isys_report__show_html = 0
            WHERE isys_report__const = 'C__VAR_EINGELAGERTE_SCHLUSSEL'
            LIMIT 1;</exec>
        <exec ident="false">INSERT INTO isys_report SET 
            isys_report__title = 'Var: Eingelagerte Schl&#xFC;ssel', 
            isys_report__description = '', 
            isys_report__query = 'SELECT \nobj_main.isys_obj__id AS \'__id__\', \nobj_main.isys_obj__title AS \'LC__UNIVERSAL__TITLE###0_1\', \nj2.isys_catg_custom_fields_list__field_content AS \'Key number###4_84\', \nj4.isys_obj__title AS \'Stored at###4_84\' \n\n FROM isys_obj AS obj_main \nINNER JOIN isys_cmdb_status AS obj_main_status ON obj_main_status.isys_cmdb_status__id = obj_main.isys_obj__isys_cmdb_status__id \nLEFT JOIN isys_catg_custom_fields_list AS ROOT_C__CATG__CUSTOM_FIELDS_SCHLUESSELAUSGABE ON obj_main.isys_obj__id = ROOT_C__CATG__CUSTOM_FIELDS_SCHLUESSELAUSGABE.isys_catg_custom_fields_list__isys_obj__id\n                                AND ROOT_C__CATG__CUSTOM_FIELDS_SCHLUESSELAUSGABE.isys_catg_custom_fields_list__isysgui_catg_custom__id = (SELECT isysgui_catg_custom__id FROM isysgui_catg_custom WHERE isysgui_catg_custom__const = \'C__CATG__CUSTOM_FIELDS_SCHLUESSELAUSGABE\')\n                                AND ROOT_C__CATG__CUSTOM_FIELDS_SCHLUESSELAUSGABE.isys_catg_custom_fields_list__field_type = \'commentary\'  LEFT JOIN isys_catg_custom_fields_list AS j2 ON obj_main.isys_obj__id = j2.isys_catg_custom_fields_list__isys_obj__id AND j2.isys_catg_custom_fields_list__field_key = \'c_1647943721735\' \n                                AND j2.isys_catg_custom_fields_list__data__id = ROOT_C__CATG__CUSTOM_FIELDS_SCHLUESSELAUSGABE.isys_catg_custom_fields_list__data__id  \n LEFT JOIN isys_catg_custom_fields_list AS j3 ON obj_main.isys_obj__id = j3.isys_catg_custom_fields_list__isys_obj__id AND j3.isys_catg_custom_fields_list__field_key = \'c_1648220841059\'  AND j3.isys_catg_custom_fields_list__data__id = ROOT_C__CATG__CUSTOM_FIELDS_SCHLUESSELAUSGABE.isys_catg_custom_fields_list__data__id  \n LEFT JOIN isys_obj AS j4 ON j3.isys_catg_custom_fields_list__field_content = j4.isys_obj__id  \nLEFT JOIN isys_obj_type AS j5 ON j5.isys_obj_type__id = obj_main.isys_obj__isys_obj_type__id \n\nWHERE TRUE \n AND  ( (j5.isys_obj_type__id != \'60\' ) AND (j5.isys_obj_type__id != \'63\' ) ) AND ( (j4.isys_obj__id PLACEHOLDER.2 \'object-id\' ) )\n ORDER BY obj_main.isys_obj__title DESC', 
            isys_report__query_row = '', 
            isys_report__datetime = NOW(), 
            isys_report__last_edited = NOW(), 
            isys_report__type = 'c', 
            isys_report__user_specific = 0, 
            isys_report__querybuilder_data = '{\"main_object\":[{\"g\":{\"C__CATG__GLOBAL\":[\"title\"]}},{\"g_custom\":{\"C__CATG__CUSTOM_FIELDS_SCHLUESSELAUSGABE\":[\"f_text_c_1647943721735\"]}},{\"g_custom\":{\"C__CATG__CUSTOM_FIELDS_SCHLUESSELAUSGABE\":[\"f_popup_c_1648220841059\"]}}],\"lvls\":null,\"conditions\":[[{\"category\":\"C__CATG__CUSTOM_FIELDS_SCHLUESSELAUSGABE\",\"property\":\"C__CATG__CUSTOM_FIELDS_SCHLUESSELAUSGABE-f_popup_c_1648220841059\",\"comparison\":\"PLACEHOLDER\",\"value\":\"object-id\",\"user_input\":\"\"}]],\"default_sorting\":null,\"sorting_direction\":\"DESC\",\"statusFilter\":\"0\"}', 
            isys_report__isys_report_category__id = (
                SELECT isys_report_category__id
                FROM isys_report_category
                WHERE isys_report_category__const = 'C__REPORT_CATEGORY__SCHLSSELVERWALTUNG'), 
            isys_report__empty_values = 1, 
            isys_report__display_relations = 0, 
            isys_report__category_report = 1, 
            isys_report__const = 'C__VAR_EINGELAGERTE_SCHLUSSEL', 
            isys_report__compressed_multivalue_results = 0,
            isys_report__show_html = 0;</exec>
      </sql>
    </query>
    <query>
      <title>Create report category 'Schl&#xFC;sselverwaltung'.</title>
      <check ident="C_VALUE_EXISTS">SELECT isys_report_category__id FROM isys_report_category WHERE isys_report_category__const = 'C__REPORT_CATEGORY__SCHLSSELVERWALTUNG' LIMIT 1;</check>
      <sql>
        <exec ident="true">UPDATE isys_report_category SET 
            isys_report_category__title = 'Schl&#xFC;sselverwaltung' 
            WHERE isys_report_category__const = 'C__REPORT_CATEGORY__SCHLSSELVERWALTUNG'
            LIMIT 1;</exec>
        <exec ident="false">INSERT INTO isys_report_category SET 
            isys_report_category__title = 'Schl&#xFC;sselverwaltung', 
            isys_report_category__const = 'C__REPORT_CATEGORY__SCHLSSELVERWALTUNG';</exec>
      </sql>
    </query>
    <query>
      <title>Create report 'Var: Zutritt zur Infrastruktur'.</title>
      <check ident="C_VALUE_EXISTS">SELECT isys_report__id FROM isys_report WHERE isys_report__const = 'C__VAR_ZUTRITT_ZU_INFRASTRUKTUR' LIMIT 1;</check>
      <sql>
        <exec ident="true">UPDATE isys_report SET 
            isys_report__title = 'Var: Zutritt zur Infrastruktur', 
            isys_report__description = '', 
            isys_report__query = 'SELECT \nobj_main.isys_obj__id AS \'__id__\', \nobj_main.isys_obj__title AS \'LC__UNIVERSAL__TITLE###0_1\', \nj2.isys_catg_custom_fields_list__field_content AS \'Schl&#xFC;sselnummer###4_84\', \nj4.isys_obj__title AS \'LC__UNIVERSAL__TITLE#Schl&#xFC;sselausgabe an###catg_1\', \nj8.isys_cats_person_list__phone_company AS \'LC__CONTACT__PERSON_TELEPHONE_COMPANY#Schl&#xFC;sselausgabe an###cats_49\', \nj8.isys_cats_person_list__phone_home AS \'LC__CONTACT__PERSON_TELEPHONE_HOME#Schl&#xFC;sselausgabe an###cats_49\', \nj6.isys_obj__title AS \'LC__UNIVERSAL__TITLE#Gelagert in###catg_1\', \nj11.isys_catg_location_list__parentid AS \'isys_cmdb_dao_category_g_location::dynamic_property_callback_location_path::isys_catg_location_list__parentid::LC__CMDB__CATG__LOCATION_PATH#Gelagert in###catg_26\' \n\n FROM isys_obj AS obj_main \nINNER JOIN isys_cmdb_status AS obj_main_status ON obj_main_status.isys_cmdb_status__id = obj_main.isys_obj__isys_cmdb_status__id \nLEFT JOIN isys_catg_custom_fields_list AS ROOT_C__CATG__CUSTOM_FIELDS_SCHLUESSELAUSGABE ON obj_main.isys_obj__id = ROOT_C__CATG__CUSTOM_FIELDS_SCHLUESSELAUSGABE.isys_catg_custom_fields_list__isys_obj__id\n                                AND ROOT_C__CATG__CUSTOM_FIELDS_SCHLUESSELAUSGABE.isys_catg_custom_fields_list__isysgui_catg_custom__id = (SELECT isysgui_catg_custom__id FROM isysgui_catg_custom WHERE isysgui_catg_custom__const = \'C__CATG__CUSTOM_FIELDS_SCHLUESSELAUSGABE\')\n                                AND ROOT_C__CATG__CUSTOM_FIELDS_SCHLUESSELAUSGABE.isys_catg_custom_fields_list__field_type = \'commentary\'  LEFT JOIN isys_catg_custom_fields_list AS j2 ON obj_main.isys_obj__id = j2.isys_catg_custom_fields_list__isys_obj__id AND j2.isys_catg_custom_fields_list__field_key = \'c_1647943721735\' \n                                AND j2.isys_catg_custom_fields_list__data__id = ROOT_C__CATG__CUSTOM_FIELDS_SCHLUESSELAUSGABE.isys_catg_custom_fields_list__data__id  \n LEFT JOIN isys_catg_custom_fields_list AS j3 ON obj_main.isys_obj__id = j3.isys_catg_custom_fields_list__isys_obj__id AND j3.isys_catg_custom_fields_list__field_key = \'c_1647948399443\'  AND j3.isys_catg_custom_fields_list__data__id = ROOT_C__CATG__CUSTOM_FIELDS_SCHLUESSELAUSGABE.isys_catg_custom_fields_list__data__id  \n LEFT JOIN isys_obj AS j4 ON j3.isys_catg_custom_fields_list__field_content = j4.isys_obj__id  \n LEFT JOIN isys_catg_custom_fields_list AS j5 ON obj_main.isys_obj__id = j5.isys_catg_custom_fields_list__isys_obj__id AND j5.isys_catg_custom_fields_list__field_key = \'c_1648220841059\'  AND j5.isys_catg_custom_fields_list__data__id = ROOT_C__CATG__CUSTOM_FIELDS_SCHLUESSELAUSGABE.isys_catg_custom_fields_list__data__id  \n LEFT JOIN isys_obj AS j6 ON j5.isys_catg_custom_fields_list__field_content = j6.isys_obj__id  \nLEFT JOIN isys_cats_person_list AS j8 ON j8.isys_cats_person_list__isys_obj__id = j4.isys_obj__id  \nLEFT JOIN isys_catg_location_list AS j11 ON j6.isys_obj__id = j11.isys_catg_location_list__isys_obj__id \nLEFT JOIN isys_obj_type AS j13 ON j13.isys_obj_type__id = obj_main.isys_obj__isys_obj_type__id \nLEFT JOIN isys_catg_custom_fields_list AS ROOT_C__CATG__CUSTOM_FIELDS_ZUTRITTZU ON obj_main.isys_obj__id = ROOT_C__CATG__CUSTOM_FIELDS_ZUTRITTZU.isys_catg_custom_fields_list__isys_obj__id\n                                AND ROOT_C__CATG__CUSTOM_FIELDS_ZUTRITTZU.isys_catg_custom_fields_list__isysgui_catg_custom__id = (SELECT isysgui_catg_custom__id FROM isysgui_catg_custom WHERE isysgui_catg_custom__const = \'C__CATG__CUSTOM_FIELDS_ZUTRITTZU\')\n                                AND ROOT_C__CATG__CUSTOM_FIELDS_ZUTRITTZU.isys_catg_custom_fields_list__field_type = \'commentary\'  LEFT JOIN isys_catg_custom_fields_list AS j15 ON obj_main.isys_obj__id = j15.isys_catg_custom_fields_list__isys_obj__id AND j15.isys_catg_custom_fields_list__field_key = \'c_1657613085964\' \n                                AND j15.isys_catg_custom_fields_list__data__id = ROOT_C__CATG__CUSTOM_FIELDS_ZUTRITTZU.isys_catg_custom_fields_list__data__id  \n LEFT JOIN isys_obj AS j16 ON j15.isys_catg_custom_fields_list__field_content = j16.isys_obj__id  \n\nWHERE TRUE \n AND  ( (j13.isys_obj_type__id != \'60\' ) AND (j13.isys_obj_type__id != \'63\' ) ) AND ( (j16.isys_obj__id PLACEHOLDER.2 \'object-id\' ) )\n ORDER BY obj_main.isys_obj__title DESC', 
            isys_report__query_row = '', 
            isys_report__last_edited = NOW(), 
            isys_report__user_specific = 0, 
            isys_report__querybuilder_data = '{\"main_object\":[{\"g\":{\"C__CATG__GLOBAL\":[\"title\"]}},{\"g_custom\":{\"C__CATG__CUSTOM_FIELDS_SCHLUESSELAUSGABE\":[\"f_text_c_1647943721735\"]}},{\"g_custom\":{\"C__CATG__CUSTOM_FIELDS_SCHLUESSELAUSGABE\":[\"f_popup_c_1647948399443\"]}},{\"g_custom\":{\"C__CATG__CUSTOM_FIELDS_SCHLUESSELAUSGABE\":[\"f_popup_c_1648220841059\"]}}],\"lvls\":{\"1\":{\"C__CATG__CUSTOM_FIELDS_SCHLUESSELAUSGABE-f_popup_c_1647948399443\":[{\"g\":{\"C__CATG__GLOBAL\":[\"title\"]}},{\"s\":{\"C__CATS__PERSON_MASTER\":[\"phone_company\"]}},{\"s\":{\"C__CATS__PERSON_MASTER\":[\"phone_home\"]}}],\"C__CATG__CUSTOM_FIELDS_SCHLUESSELAUSGABE-f_popup_c_1648220841059\":[{\"g\":{\"C__CATG__GLOBAL\":[\"title\"]}},{\"g\":{\"C__CATG__LOCATION\":[\"_location_path\"]}}]}},\"conditions\":[[{\"category\":\"C__CATG__CUSTOM_FIELDS_ZUTRITTZU\",\"property\":\"C__CATG__CUSTOM_FIELDS_ZUTRITTZU-f_popup_c_1657613085964\",\"comparison\":\"PLACEHOLDER\",\"value\":\"object-id\",\"user_input\":\"\"}]],\"default_sorting\":null,\"sorting_direction\":\"DESC\",\"statusFilter\":\"0\"}', 
            isys_report__isys_report_category__id = (
                SELECT isys_report_category__id
                FROM isys_report_category
                WHERE isys_report_category__const = 'C__REPORT_CATEGORY__SCHLSSELVERWALTUNG'),
            isys_report__empty_values = 1, 
            isys_report__display_relations = 0, 
            isys_report__category_report = 1, 
            isys_report__compressed_multivalue_results = 0,
            isys_report__show_html = 0
            WHERE isys_report__const = 'C__VAR_ZUTRITT_ZU_INFRASTRUKTUR'
            LIMIT 1;</exec>
        <exec ident="false">INSERT INTO isys_report SET 
            isys_report__title = 'Var: Zutritt zur Infrastruktur', 
            isys_report__description = '', 
            isys_report__query = 'SELECT \nobj_main.isys_obj__id AS \'__id__\', \nobj_main.isys_obj__title AS \'LC__UNIVERSAL__TITLE###0_1\', \nj2.isys_catg_custom_fields_list__field_content AS \'Schl&#xFC;sselnummer###4_84\', \nj4.isys_obj__title AS \'LC__UNIVERSAL__TITLE#Schl&#xFC;sselausgabe an###catg_1\', \nj8.isys_cats_person_list__phone_company AS \'LC__CONTACT__PERSON_TELEPHONE_COMPANY#Schl&#xFC;sselausgabe an###cats_49\', \nj8.isys_cats_person_list__phone_home AS \'LC__CONTACT__PERSON_TELEPHONE_HOME#Schl&#xFC;sselausgabe an###cats_49\', \nj6.isys_obj__title AS \'LC__UNIVERSAL__TITLE#Gelagert in###catg_1\', \nj11.isys_catg_location_list__parentid AS \'isys_cmdb_dao_category_g_location::dynamic_property_callback_location_path::isys_catg_location_list__parentid::LC__CMDB__CATG__LOCATION_PATH#Gelagert in###catg_26\' \n\n FROM isys_obj AS obj_main \nINNER JOIN isys_cmdb_status AS obj_main_status ON obj_main_status.isys_cmdb_status__id = obj_main.isys_obj__isys_cmdb_status__id \nLEFT JOIN isys_catg_custom_fields_list AS ROOT_C__CATG__CUSTOM_FIELDS_SCHLUESSELAUSGABE ON obj_main.isys_obj__id = ROOT_C__CATG__CUSTOM_FIELDS_SCHLUESSELAUSGABE.isys_catg_custom_fields_list__isys_obj__id\n                                AND ROOT_C__CATG__CUSTOM_FIELDS_SCHLUESSELAUSGABE.isys_catg_custom_fields_list__isysgui_catg_custom__id = (SELECT isysgui_catg_custom__id FROM isysgui_catg_custom WHERE isysgui_catg_custom__const = \'C__CATG__CUSTOM_FIELDS_SCHLUESSELAUSGABE\')\n                                AND ROOT_C__CATG__CUSTOM_FIELDS_SCHLUESSELAUSGABE.isys_catg_custom_fields_list__field_type = \'commentary\'  LEFT JOIN isys_catg_custom_fields_list AS j2 ON obj_main.isys_obj__id = j2.isys_catg_custom_fields_list__isys_obj__id AND j2.isys_catg_custom_fields_list__field_key = \'c_1647943721735\' \n                                AND j2.isys_catg_custom_fields_list__data__id = ROOT_C__CATG__CUSTOM_FIELDS_SCHLUESSELAUSGABE.isys_catg_custom_fields_list__data__id  \n LEFT JOIN isys_catg_custom_fields_list AS j3 ON obj_main.isys_obj__id = j3.isys_catg_custom_fields_list__isys_obj__id AND j3.isys_catg_custom_fields_list__field_key = \'c_1647948399443\'  AND j3.isys_catg_custom_fields_list__data__id = ROOT_C__CATG__CUSTOM_FIELDS_SCHLUESSELAUSGABE.isys_catg_custom_fields_list__data__id  \n LEFT JOIN isys_obj AS j4 ON j3.isys_catg_custom_fields_list__field_content = j4.isys_obj__id  \n LEFT JOIN isys_catg_custom_fields_list AS j5 ON obj_main.isys_obj__id = j5.isys_catg_custom_fields_list__isys_obj__id AND j5.isys_catg_custom_fields_list__field_key = \'c_1648220841059\'  AND j5.isys_catg_custom_fields_list__data__id = ROOT_C__CATG__CUSTOM_FIELDS_SCHLUESSELAUSGABE.isys_catg_custom_fields_list__data__id  \n LEFT JOIN isys_obj AS j6 ON j5.isys_catg_custom_fields_list__field_content = j6.isys_obj__id  \nLEFT JOIN isys_cats_person_list AS j8 ON j8.isys_cats_person_list__isys_obj__id = j4.isys_obj__id  \nLEFT JOIN isys_catg_location_list AS j11 ON j6.isys_obj__id = j11.isys_catg_location_list__isys_obj__id \nLEFT JOIN isys_obj_type AS j13 ON j13.isys_obj_type__id = obj_main.isys_obj__isys_obj_type__id \nLEFT JOIN isys_catg_custom_fields_list AS ROOT_C__CATG__CUSTOM_FIELDS_ZUTRITTZU ON obj_main.isys_obj__id = ROOT_C__CATG__CUSTOM_FIELDS_ZUTRITTZU.isys_catg_custom_fields_list__isys_obj__id\n                                AND ROOT_C__CATG__CUSTOM_FIELDS_ZUTRITTZU.isys_catg_custom_fields_list__isysgui_catg_custom__id = (SELECT isysgui_catg_custom__id FROM isysgui_catg_custom WHERE isysgui_catg_custom__const = \'C__CATG__CUSTOM_FIELDS_ZUTRITTZU\')\n                                AND ROOT_C__CATG__CUSTOM_FIELDS_ZUTRITTZU.isys_catg_custom_fields_list__field_type = \'commentary\'  LEFT JOIN isys_catg_custom_fields_list AS j15 ON obj_main.isys_obj__id = j15.isys_catg_custom_fields_list__isys_obj__id AND j15.isys_catg_custom_fields_list__field_key = \'c_1657613085964\' \n                                AND j15.isys_catg_custom_fields_list__data__id = ROOT_C__CATG__CUSTOM_FIELDS_ZUTRITTZU.isys_catg_custom_fields_list__data__id  \n LEFT JOIN isys_obj AS j16 ON j15.isys_catg_custom_fields_list__field_content = j16.isys_obj__id  \n\nWHERE TRUE \n AND  ( (j13.isys_obj_type__id != \'60\' ) AND (j13.isys_obj_type__id != \'63\' ) ) AND ( (j16.isys_obj__id PLACEHOLDER.2 \'object-id\' ) )\n ORDER BY obj_main.isys_obj__title DESC', 
            isys_report__query_row = '', 
            isys_report__datetime = NOW(), 
            isys_report__last_edited = NOW(), 
            isys_report__type = 'c', 
            isys_report__user_specific = 0, 
            isys_report__querybuilder_data = '{\"main_object\":[{\"g\":{\"C__CATG__GLOBAL\":[\"title\"]}},{\"g_custom\":{\"C__CATG__CUSTOM_FIELDS_SCHLUESSELAUSGABE\":[\"f_text_c_1647943721735\"]}},{\"g_custom\":{\"C__CATG__CUSTOM_FIELDS_SCHLUESSELAUSGABE\":[\"f_popup_c_1647948399443\"]}},{\"g_custom\":{\"C__CATG__CUSTOM_FIELDS_SCHLUESSELAUSGABE\":[\"f_popup_c_1648220841059\"]}}],\"lvls\":{\"1\":{\"C__CATG__CUSTOM_FIELDS_SCHLUESSELAUSGABE-f_popup_c_1647948399443\":[{\"g\":{\"C__CATG__GLOBAL\":[\"title\"]}},{\"s\":{\"C__CATS__PERSON_MASTER\":[\"phone_company\"]}},{\"s\":{\"C__CATS__PERSON_MASTER\":[\"phone_home\"]}}],\"C__CATG__CUSTOM_FIELDS_SCHLUESSELAUSGABE-f_popup_c_1648220841059\":[{\"g\":{\"C__CATG__GLOBAL\":[\"title\"]}},{\"g\":{\"C__CATG__LOCATION\":[\"_location_path\"]}}]}},\"conditions\":[[{\"category\":\"C__CATG__CUSTOM_FIELDS_ZUTRITTZU\",\"property\":\"C__CATG__CUSTOM_FIELDS_ZUTRITTZU-f_popup_c_1657613085964\",\"comparison\":\"PLACEHOLDER\",\"value\":\"object-id\",\"user_input\":\"\"}]],\"default_sorting\":null,\"sorting_direction\":\"DESC\",\"statusFilter\":\"0\"}', 
            isys_report__isys_report_category__id = (
                SELECT isys_report_category__id
                FROM isys_report_category
                WHERE isys_report_category__const = 'C__REPORT_CATEGORY__SCHLSSELVERWALTUNG'), 
            isys_report__empty_values = 1, 
            isys_report__display_relations = 0, 
            isys_report__category_report = 1, 
            isys_report__const = 'C__VAR_ZUTRITT_ZU_INFRASTRUKTUR', 
            isys_report__compressed_multivalue_results = 0,
            isys_report__show_html = 0;</exec>
      </sql>
    </query>
  </queries>
</isys>
