<?xml version="1.0" encoding="UTF-8"?>
<!DOCTYPE isys [
        <!ELEMENT isys (info|queries)*>
        <!ELEMENT info (title|version|requirement|directory|revision|release)*>
        <!ELEMENT title (#PCDATA)>
        <!ELEMENT version (#PCDATA)>
        <!ELEMENT requirement (revision|version)*>
        <!ELEMENT revision (#PCDATA)>
        <!ELEMENT directory (#PCDATA)>
        <!ELEMENT release (#PCDATA)>
        <!ELEMENT queries (query)*>
        <!ELEMENT query (id|title|check|errmsg|sql)*>
        <!ELEMENT id (#PCDATA)>
        <!ELEMENT check (#PCDATA)>
        <!ATTLIST check ident CDATA #REQUIRED>
        <!ELEMENT errmsg (#PCDATA)>
        <!ELEMENT sql (exec)*>
        <!ELEMENT exec (#PCDATA)>
        <!ATTLIST exec ident CDATA #REQUIRED>
        ]>
<isys>
    <info>
        <title>Relocate-CI</title>
        <version>1.0</version>
        <release>2014-11-04</release>
    </info>
    <queries>

        <query>
            <id>1</id>
            <title>Creating a new logbook source "C__LOGBOOK_SOURCE__RELOCATE_CI"</title>
            <check ident="C_VALUE_EXISTS">SELECT isys_logbook_source__id FROM isys_logbook_source WHERE isys_logbook_source__const LIKE 'C__LOGBOOK_SOURCE__RELOCATE_CI'</check>
            <sql>
                <exec ident="false">
                    INSERT INTO isys_logbook_source (`isys_logbook_source__title`, `isys_logbook_source__description`, `isys_logbook_source__const`, `isys_logbook_source__property`, `isys_logbook_source__status`)
                    VALUES ('LC__LOGBOOK_SOURCE__RELOCATE_CI', 'Will be used, when a object gets moved by "relocate-ci" module', 'C__LOGBOOK_SOURCE__RELOCATE_CI', '0', '1');
                </exec>
            </sql>
        </query>

        <query>
            <id>2</id>
            <title>Adding the virtual "relocate" category to some object types.</title>
            <check ident="C_VALUE_EXISTS">SELECT * FROM isysgui_catg WHERE isysgui_catg__const = 'C__CATG__VIRTUAL_RELOCATE_CI'</check>
            <sql>
                <exec ident="false">
                    INSERT INTO isysgui_catg SET
                    isysgui_catg__isys_tree_group__id = NULL,
                    isysgui_catg__type = '0',
                    isysgui_catg__title = 'LC__CATG__VIRTUAL_RELOCATE_CI',
                    isysgui_catg__const = 'C__CATG__VIRTUAL_RELOCATE_CI',
                    isysgui_catg__source_table = 'isys_catg_virtual',
                    isysgui_catg__class_name = 'isys_cmdb_dao_category_g_virtual_relocate_ci',
                    isysgui_catg__list_multi_value = '0',
                    isysgui_catg__search = '0',
                    isysgui_catg__status = '2',
                    isysgui_catg__standard = '0',
                    isysgui_catg__overview = '0';

                    SET @CAT = (SELECT isysgui_catg__id FROM isysgui_catg WHERE isysgui_catg__const = 'C__CATG__VIRTUAL_RELOCATE_CI');

                    SET @WORKSTATION = (SELECT isys_obj_type__id FROM isys_obj_type WHERE isys_obj_type__const = 'C__OBJTYPE__WORKSTATION');
                    SET @PERSON = (SELECT isys_obj_type__id FROM isys_obj_type WHERE isys_obj_type__const = 'C__OBJTYPE__PERSON');
                    SET @CLIENT = (SELECT isys_obj_type__id FROM isys_obj_type WHERE isys_obj_type__const = 'C__OBJTYPE__CLIENT');
                    SET @MONITOR = (SELECT isys_obj_type__id FROM isys_obj_type WHERE isys_obj_type__const = 'C__OBJTYPE__MONITOR');

                    INSERT INTO isys_obj_type_2_isysgui_catg
                    (isys_obj_type_2_isysgui_catg__isys_obj_type__id, isys_obj_type_2_isysgui_catg__isysgui_catg__id)
                    VALUES (@WORKSTATION, @CAT), (@PERSON, @CAT), (@CLIENT, @CAT), (@MONITOR, @CAT);
                </exec>
            </sql>
        </query>

        <query>
            <id>3</id>
            <title>Adding the "Relocate CI" person group rights</title>
            <check ident="C_VALUE_EXISTS">SELECT isys_auth__id FROM isys_auth LEFT JOIN isys_module ON isys_module__id = isys_auth__isys_module__id WHERE isys_module__const = 'C__MODULE__RELOCATE_CI';</check>
            <sql>
                <exec ident="false">
                    SET @MODULE = (SELECT isys_module__id FROM isys_module WHERE isys_module__const = 'C__MODULE__RELOCATE_CI');
                    SET @GROUP_ADMIN = (SELECT isys_obj__id FROM isys_obj WHERE isys_obj__const = 'C__OBJ__PERSON_GROUP_ADMIN');
                    SET @GROUP_AUTHOR = (SELECT isys_obj__id FROM isys_obj WHERE isys_obj__const = 'C__OBJ__PERSON_GROUP_AUTHOR');
                    SET @GROUP_EDITOR = (SELECT isys_obj__id FROM isys_obj WHERE isys_obj__const = 'C__OBJ__PERSON_GROUP_EDITOR');
                    SET @GROUP_READER = (SELECT isys_obj__id FROM isys_obj WHERE isys_obj__const = 'C__OBJ__PERSON_GROUP_READER');

                    INSERT INTO isys_auth (isys_auth__isys_obj__id, isys_auth__type, isys_auth__isys_module__id, isys_auth__path)
                    VALUES (@GROUP_ADMIN, 9, @MODULE, 'RELOCATE_GUI'),
                    (@GROUP_ADMIN, 1, @MODULE, 'RELOCATE_LOGBOOK'),
                    (@GROUP_AUTHOR, 9, @MODULE, 'RELOCATE_GUI'),
                    (@GROUP_AUTHOR, 1, @MODULE, 'RELOCATE_LOGBOOK'),
                    (@GROUP_EDITOR, 9, @MODULE, 'RELOCATE_GUI'),
                    (@GROUP_EDITOR, 1, @MODULE, 'RELOCATE_LOGBOOK'),
                    (@GROUP_READER, 1, @MODULE, 'RELOCATE_GUI'),
                    (@GROUP_READER, 1, @MODULE, 'RELOCATE_LOGBOOK');
                </exec>
            </sql>
        </query>

        <query>
            <title>Set correct unit reference</title>
            <check ident="C_VALUE_EXISTS">
                SELECT isys_module__id
                FROM isys_module
                WHERE isys_module__const = 'C__MODULE__RELOCATE_CI'
                LIMIT 1;
            </check>
            <sql>
                <exec ident="true">
                    UPDATE isys_module
                    SET isys_module__icon = 'images/axialis/transportation/delivery.svg'
                    WHERE isys_module__const = 'C__MODULE__RELOCATE_CI'
                    LIMIT 1;
                </exec>
            </sql>
        </query>

        <query>
            <title>Set new add-on icon</title>
            <check ident="C_VALUE_EXISTS">
                SELECT isys_module__id
                FROM isys_module
                WHERE isys_module__const = 'C__MODULE__RELOCATE_CI'
                LIMIT 1;
            </check>
            <sql>
                <exec ident="true">
                    UPDATE isys_module
                    SET isys_module__icon = 'src/classes/modules/relocate_ci/assets/add-on-icon.svg'
                    WHERE isys_module__const = 'C__MODULE__RELOCATE_CI'
                    LIMIT 1;
                </exec>
            </sql>
        </query>

    </queries>
</isys>
