<?xml version="1.0" encoding="UTF-8"?>
<!--suppress ALL -->
<isys>
	<queries>

        <query>
            <title>Set new add-on icon</title>
            <check ident="C_VALUE_EXISTS">
                SELECT isys_module__id
                FROM isys_module
                WHERE isys_module__const = 'C__MODULE__API'
                LIMIT 1;
            </check>
            <sql>
                <exec ident="true">
                    UPDATE isys_module
                    SET isys_module__icon = 'src/classes/modules/api/assets/add-on-icon.svg'
                    WHERE isys_module__const = 'C__MODULE__API'
                    LIMIT 1;
                </exec>
            </sql>
        </query>

    </queries>
</isys>
