<?xml version="1.0" encoding="UTF-8"?>
<!--suppress ALL -->
<isys>
    <queries>
        <query>
            <id>1</id>
            <title>Create table: isys_catg_workflow_list</title>
            <check ident="C_CREATE_TABLE">isys_catg_workflow_list</check>
            <sql>
                <exec ident="false">
                    CREATE TABLE `isys_catg_workflow_list` (
                    `isys_catg_workflow_list__id` int(10) unsigned NOT NULL AUTO_INCREMENT,
                    `isys_catg_workflow_list__title` varchar(255) COLLATE utf8_unicode_ci DEFAULT NULL,
                    `isys_catg_workflow_list__description` text COLLATE utf8_unicode_ci,
                    `isys_catg_workflow_list__status` int(10) unsigned DEFAULT NULL,
                    `isys_catg_workflow_list__property` int(10) unsigned DEFAULT NULL,
                    `isys_catg_workflow_list__isys_obj__id` int(10) unsigned DEFAULT NULL,
                    PRIMARY KEY (`isys_catg_workflow_list__id`),
                    KEY `isys_catg_workflow_list__isys_obj__id` (`isys_catg_workflow_list__isys_obj__id`),
                    KEY `isys_catg_workflow_list__status` (`isys_catg_workflow_list__status`),
                    CONSTRAINT `isys_catg_workflow_list_ibfk_1` FOREIGN KEY (`isys_catg_workflow_list__isys_obj__id`) REFERENCES `isys_obj` (`isys_obj__id`) ON DELETE CASCADE ON UPDATE CASCADE
                    ) ENGINE=InnoDB DEFAULT CHARSET=utf8 COLLATE=utf8_unicode_ci;
                </exec>
            </sql>
        </query>

        <query>
            <id>8</id>
            <title>Create table: isys_workflow_category</title>
            <check ident="C_CREATE_TABLE">isys_workflow_category</check>
            <sql>
                <exec ident="false">
                    CREATE TABLE `isys_workflow_category` (
                    `isys_workflow_category__id` int(10) unsigned NOT NULL AUTO_INCREMENT,
                    `isys_workflow_category__title` varchar(255) COLLATE utf8_unicode_ci DEFAULT NULL,
                    `isys_workflow_category__description` text COLLATE utf8_unicode_ci,
                    `isys_workflow_category__sort` int(10) unsigned DEFAULT NULL,
                    `isys_workflow_category__const` varchar(255) COLLATE utf8_unicode_ci DEFAULT NULL,
                    `isys_workflow_category__property` int(10) unsigned DEFAULT NULL,
                    `isys_workflow_category__status` int(1) DEFAULT NULL,
                    PRIMARY KEY (`isys_workflow_category__id`),
                    KEY `isys_workflow_category__status` (`isys_workflow_category__status`),
                    KEY `isys_workflow_category__title` (`isys_workflow_category__title`)
                    ) ENGINE=InnoDB DEFAULT CHARSET=utf8 COLLATE=utf8_unicode_ci;
                </exec>
            </sql>
        </query>

        <query>
            <id>11</id>
            <title>Create table: isys_workflow_type</title>
            <check ident="C_CREATE_TABLE">isys_workflow_type</check>
            <sql>
                <exec ident="false">
                    CREATE TABLE `isys_workflow_type` (
                    `isys_workflow_type__id` int(10) unsigned NOT NULL AUTO_INCREMENT,
                    `isys_workflow_type__title` varchar(255) COLLATE utf8_unicode_ci DEFAULT NULL,
                    `isys_workflow_type__const` varchar(255) COLLATE utf8_unicode_ci DEFAULT NULL,
                    `isys_workflow_type__occurrence` int(10) unsigned DEFAULT NULL,
                    `isys_workflow_type__datetime` datetime DEFAULT NULL,
                    `isys_workflow_type__status` int(1) DEFAULT NULL,
                    `isys_workflow_type__sort` int(10) unsigned DEFAULT NULL,
                    PRIMARY KEY (`isys_workflow_type__id`),
                    KEY `isys_workflow_type__status` (`isys_workflow_type__status`)
                    ) ENGINE=InnoDB DEFAULT CHARSET=utf8 COLLATE=utf8_unicode_ci;
                </exec>
            </sql>
        </query>

        <query>
            <id>2</id>
            <title>Create table: isys_workflow</title>
            <check ident="C_CREATE_TABLE">isys_workflow</check>
            <sql>
                <exec ident="false">
                    CREATE TABLE `isys_workflow` (
                    `isys_workflow__id` int(10) NOT NULL AUTO_INCREMENT,
                    `isys_workflow__isys_workflow__id` int(10) DEFAULT NULL,
                    `isys_workflow__isys_contact__id` int(10) unsigned DEFAULT NULL,
                    `isys_workflow__isys_workflow_type__id` int(10) unsigned DEFAULT NULL,
                    `isys_workflow__isys_workflow_category__id` int(10) unsigned DEFAULT NULL,
                    `isys_workflow__isys_obj__id` int(10) unsigned DEFAULT NULL,
                    `isys_workflow__title` varchar(255) COLLATE utf8_unicode_ci DEFAULT NULL,
                    `isys_workflow__occurrence` int(10) unsigned DEFAULT NULL,
                    `isys_workflow__exception` int(10) unsigned DEFAULT NULL,
                    `isys_workflow__datetime` datetime DEFAULT NULL,
                    `isys_workflow__status` int(1) DEFAULT NULL,
                    `isys_workflow__property` int(10) unsigned DEFAULT NULL,
                    `isys_workflow__sort` int(10) unsigned DEFAULT NULL,
                    PRIMARY KEY (`isys_workflow__id`),
                    KEY `isys_workflow__isys_workflow__id` (`isys_workflow__isys_workflow__id`),
                    KEY `isys_workflow__isys_contact__id` (`isys_workflow__isys_contact__id`),
                    KEY `isys_workflow__isys_workflow_type__id` (`isys_workflow__isys_workflow_type__id`),
                    KEY `isys_workflow__isys_workflow_category__id` (`isys_workflow__isys_workflow_category__id`),
                    KEY `isys_workflow__isys_obj__id` (`isys_workflow__isys_obj__id`),
                    KEY `isys_workflow__status` (`isys_workflow__status`),
                    CONSTRAINT `isys_workflow_ibfk_1` FOREIGN KEY (`isys_workflow__isys_workflow_type__id`) REFERENCES `isys_workflow_type` (`isys_workflow_type__id`),
                    CONSTRAINT `isys_workflow_ibfk_2` FOREIGN KEY (`isys_workflow__isys_workflow_category__id`) REFERENCES `isys_workflow_category` (`isys_workflow_category__id`),
                    CONSTRAINT `isys_workflow_ibfk_3` FOREIGN KEY (`isys_workflow__isys_workflow_category__id`) REFERENCES `isys_workflow_category` (`isys_workflow_category__id`) ON DELETE SET NULL ON UPDATE CASCADE
                    ) ENGINE=InnoDB DEFAULT CHARSET=utf8 COLLATE=utf8_unicode_ci;
                </exec>
            </sql>
        </query>

        <query>
            <id>10</id>
            <title>Create table: isys_workflow_template_parameter</title>
            <check ident="C_CREATE_TABLE">isys_workflow_template_parameter</check>
            <sql>
                <exec ident="false">
                    CREATE TABLE `isys_workflow_template_parameter` (
                    `isys_workflow_template_parameter__id` int(10) unsigned NOT NULL AUTO_INCREMENT,
                    `isys_workflow_template_parameter__type` int(10) unsigned DEFAULT NULL,
                    `isys_workflow_template_parameter__title` varchar(255) COLLATE utf8_unicode_ci DEFAULT NULL,
                    `isys_workflow_template_parameter__key` varchar(255) COLLATE utf8_unicode_ci DEFAULT NULL,
                    `isys_workflow_template_parameter__sort` int(10) unsigned DEFAULT NULL,
                    `isys_workflow_template_parameter__status` int(1) DEFAULT NULL,
                    `isys_workflow_template_parameter__property` int(10) unsigned DEFAULT NULL,
                    PRIMARY KEY (`isys_workflow_template_parameter__id`),
                    KEY `isys_workflow_template_parameter__status` (`isys_workflow_template_parameter__status`)
                    ) ENGINE=InnoDB DEFAULT CHARSET=utf8 COLLATE=utf8_unicode_ci;
                </exec>
            </sql>
        </query>

        <query>
            <id>2</id>
            <title>Create table: isys_wf_type_2_wf_tp</title>
            <check ident="C_CREATE_TABLE">isys_wf_type_2_wf_tp</check>
            <sql>
                <exec ident="false">
                    CREATE TABLE `isys_wf_type_2_wf_tp` (
                    `isys_wf_type_2_wf_tp__id` int(10) unsigned NOT NULL AUTO_INCREMENT,
                    `isys_wf_type_2_wf_tp__isys_workflow_type__id` int(10) unsigned NOT NULL,
                    `isys_wf_type_2_wf_tp__isys_workflow_template_parameter__id` int(10) unsigned NOT NULL,
                    PRIMARY KEY (`isys_wf_type_2_wf_tp__id`),
                    KEY `isys_wf_type_2_wf_tp__isys_workflow_type__id` (`isys_wf_type_2_wf_tp__isys_workflow_type__id`),
                    KEY `isys_wf_type_2_wf_tp__isys_workflow_template_parameter__id` (`isys_wf_type_2_wf_tp__isys_workflow_template_parameter__id`),
                    CONSTRAINT `isys_wf_type_2_wf_tp_ibfk_1` FOREIGN KEY (`isys_wf_type_2_wf_tp__isys_workflow_type__id`) REFERENCES `isys_workflow_type` (`isys_workflow_type__id`),
                    CONSTRAINT `isys_wf_type_2_wf_tp_ibfk_2` FOREIGN KEY (`isys_wf_type_2_wf_tp__isys_workflow_template_parameter__id`) REFERENCES `isys_workflow_template_parameter` (`isys_workflow_template_parameter__id`)
                    ) ENGINE=InnoDB DEFAULT CHARSET=utf8 COLLATE=utf8_unicode_ci;
                </exec>
            </sql>
        </query>

        <query>
            <id>3</id>
            <title>Create table: isys_workflow_2_isys_obj</title>
            <check ident="C_CREATE_TABLE">isys_workflow_2_isys_obj</check>
            <sql>
                <exec ident="false">
                    CREATE TABLE `isys_workflow_2_isys_obj` (
                    `isys_workflow_2_isys_obj__id` int(11) NOT NULL AUTO_INCREMENT,
                    `isys_workflow_2_isys_obj__isys_workflow__id` int(11) NOT NULL,
                    `isys_workflow_2_isys_obj__isys_obj__id` int(11) unsigned NOT NULL,
                    PRIMARY KEY (`isys_workflow_2_isys_obj__id`),
                    KEY `isys_workflow_2_isys_obj__isys_workflow__id` (`isys_workflow_2_isys_obj__isys_workflow__id`),
                    KEY `isys_workflow_2_isys_obj__isys_obj__id` (`isys_workflow_2_isys_obj__isys_obj__id`),
                    CONSTRAINT `isys_workflow_2_isys_obj_ibfk_1` FOREIGN KEY (`isys_workflow_2_isys_obj__isys_workflow__id`) REFERENCES `isys_workflow` (`isys_workflow__id`) ON DELETE CASCADE ON UPDATE CASCADE,
                    CONSTRAINT `isys_workflow_2_isys_obj_ibfk_2` FOREIGN KEY (`isys_workflow_2_isys_obj__isys_obj__id`) REFERENCES `isys_obj` (`isys_obj__id`) ON DELETE CASCADE ON UPDATE CASCADE
                    ) ENGINE=InnoDB DEFAULT CHARSET=utf8 COLLATE=utf8_unicode_ci;
                </exec>
            </sql>
        </query>

        <query>
            <id>7</id>
            <title>Create table: isys_workflow_action_type</title>
            <check ident="C_CREATE_TABLE">isys_workflow_action_type</check>
            <sql>
                <exec ident="false">
                    CREATE TABLE `isys_workflow_action_type` (
                    `isys_workflow_action_type__id` int(10) unsigned NOT NULL AUTO_INCREMENT,
                    `isys_workflow_action_type__title` varchar(255) COLLATE utf8_unicode_ci DEFAULT NULL,
                    `isys_workflow_action_type__class` varchar(255) COLLATE utf8_unicode_ci DEFAULT NULL,
                    `isys_workflow_action_type__const` varchar(255) COLLATE utf8_unicode_ci DEFAULT NULL,
                    `isys_workflow_action_type__datetime` datetime DEFAULT NULL,
                    `isys_workflow_action_type__status` int(1) DEFAULT NULL,
                    PRIMARY KEY (`isys_workflow_action_type__id`),
                    KEY `isys_workflow_action_type__status` (`isys_workflow_action_type__status`)
                    ) ENGINE=InnoDB DEFAULT CHARSET=utf8 COLLATE=utf8_unicode_ci;
                </exec>
            </sql>
        </query>

        <query>
            <id>6</id>
            <title>Create table: isys_workflow_action</title>
            <check ident="C_CREATE_TABLE">isys_workflow_action</check>
            <sql>
                <exec ident="false">
                    CREATE TABLE `isys_workflow_action` (
                    `isys_workflow_action__id` int(10) NOT NULL AUTO_INCREMENT,
                    `isys_workflow_action__isys_contact__id` int(10) unsigned DEFAULT NULL,
                    `isys_workflow_action__isys_workflow_action_type__id` int(10) unsigned DEFAULT NULL,
                    `isys_workflow_action__datetime` datetime DEFAULT NULL,
                    `isys_workflow_action__property` int(10) unsigned DEFAULT NULL,
                    `isys_workflow_action__sort` int(10) unsigned DEFAULT NULL,
                    PRIMARY KEY (`isys_workflow_action__id`),
                    KEY `isys_workflow_action__isys_contact__id` (`isys_workflow_action__isys_contact__id`),
                    KEY `isys_workflow_action__isys_workflow_action_type__id` (`isys_workflow_action__isys_workflow_action_type__id`),
                    CONSTRAINT `isys_workflow_action_ibfk_1` FOREIGN KEY (`isys_workflow_action__isys_workflow_action_type__id`) REFERENCES `isys_workflow_action_type` (`isys_workflow_action_type__id`)
                    ) ENGINE=InnoDB DEFAULT CHARSET=utf8 COLLATE=utf8_unicode_ci;

                </exec>
            </sql>
        </query>

        <query>
            <id>4</id>
            <title>Create table: isys_workflow_2_isys_workflow_action</title>
            <check ident="C_CREATE_TABLE">isys_workflow_2_isys_workflow_action</check>
            <sql>
                <exec ident="false">
                    CREATE TABLE `isys_workflow_2_isys_workflow_action` (
                    `isys_workflow_2_isys_workflow_action__id` int(10) unsigned NOT NULL AUTO_INCREMENT,
                    `isys_workflow_2_isys_workflow_action__isys_workflow__id` int(10) NOT NULL,
                    `isys_workflow_2_isys_workflow_action__isys_workflow_action__id` int(10) NOT NULL,
                    PRIMARY KEY (`isys_workflow_2_isys_workflow_action__id`),
                    KEY `isys_workflow_2_isys_workflow_action__isys_workflow__id` (`isys_workflow_2_isys_workflow_action__isys_workflow__id`),
                    KEY `isys_workflow_2_isys_workflow_action__isys_workflow_action__id` (`isys_workflow_2_isys_workflow_action__isys_workflow_action__id`),
                    CONSTRAINT `isys_workflow_2_isys_workflow_action_ibfk_1` FOREIGN KEY (`isys_workflow_2_isys_workflow_action__isys_workflow__id`) REFERENCES `isys_workflow` (`isys_workflow__id`) ON DELETE CASCADE,
                    CONSTRAINT `isys_workflow_2_isys_workflow_action_ibfk_2` FOREIGN KEY (`isys_workflow_2_isys_workflow_action__isys_workflow_action__id`) REFERENCES `isys_workflow_action` (`isys_workflow_action__id`)
                    ) ENGINE=InnoDB DEFAULT CHARSET=utf8 COLLATE=utf8_unicode_ci;
                </exec>
            </sql>
        </query>

        <query>
            <id>5</id>
            <title>Create table: isys_workflow_action_parameter</title>
            <check ident="C_CREATE_TABLE">isys_workflow_action_parameter</check>
            <sql>
                <exec ident="false">
                    CREATE TABLE `isys_workflow_action_parameter` (
                    `isys_workflow_action_parameter__id` int(10) unsigned NOT NULL AUTO_INCREMENT,
                    `isys_workflow_action_parameter__isys_workflow_action__id` int(10) DEFAULT NULL,
                    `isys_workflow_action_parameter__isys_wf_template_parameter__id` int(10) unsigned DEFAULT NULL,
                    `isys_workflow_action_parameter__key` varchar(255) COLLATE utf8_unicode_ci DEFAULT NULL,
                    `isys_workflow_action_parameter__int` int(10) unsigned DEFAULT NULL,
                    `isys_workflow_action_parameter__string` varchar(255) COLLATE utf8_unicode_ci DEFAULT NULL,
                    `isys_workflow_action_parameter__text` text COLLATE utf8_unicode_ci,
                    `isys_workflow_action_parameter__datetime` datetime DEFAULT NULL,
                    PRIMARY KEY (`isys_workflow_action_parameter__id`),
                    KEY `isys_workflow_action_parameter__isys_workflow_action__id` (`isys_workflow_action_parameter__isys_workflow_action__id`),
                    KEY `isys_workflow_action_parameter__isys_wf_template_parameter__id` (`isys_workflow_action_parameter__isys_wf_template_parameter__id`),
                    CONSTRAINT `isys_workflow_action_parameter_ibfk_2` FOREIGN KEY (`isys_workflow_action_parameter__isys_wf_template_parameter__id`) REFERENCES `isys_workflow_template_parameter` (`isys_workflow_template_parameter__id`) ON DELETE SET NULL ON UPDATE CASCADE,
                    CONSTRAINT `isys_workflow_action_parameter_ibfk_3` FOREIGN KEY (`isys_workflow_action_parameter__isys_workflow_action__id`) REFERENCES `isys_workflow_action` (`isys_workflow_action__id`) ON DELETE CASCADE ON UPDATE CASCADE
                    ) ENGINE=InnoDB DEFAULT CHARSET=utf8 COLLATE=utf8_unicode_ci;
                </exec>
            </sql>
        </query>

        <query>
            <id>9</id>
            <title>Create table: isys_workflow_status</title>
            <check ident="C_CREATE_TABLE">isys_workflow_status</check>
            <sql>
                <exec ident="false">
                    CREATE TABLE `isys_workflow_status` (
                    `isys_workflow_status__id` int(10) unsigned NOT NULL AUTO_INCREMENT,
                    `isys_workflow_status__title` varchar(255) COLLATE utf8_unicode_ci DEFAULT NULL,
                    `isys_workflow_status__description` text COLLATE utf8_unicode_ci,
                    `isys_workflow_status__const` varchar(255) COLLATE utf8_unicode_ci DEFAULT NULL,
                    `isys_workflow_status__sort` int(10) unsigned DEFAULT NULL,
                    `isys_workflow_status__property` int(10) unsigned DEFAULT NULL,
                    `isys_workflow_status__status` int(1) DEFAULT NULL,
                    PRIMARY KEY (`isys_workflow_status__id`),
                    KEY `isys_workflow_status__status` (`isys_workflow_status__status`)
                    ) ENGINE=InnoDB DEFAULT CHARSET=utf8 COLLATE=utf8_unicode_ci;
                </exec>
            </sql>
        </query>

        <query>
            <id>9</id>
            <title>Create table: isys_task_event</title>
            <check ident="C_CREATE_TABLE">isys_task_event</check>
            <sql>
                <exec ident="false">
                    CREATE TABLE `isys_task_event` (
                    `isys_task_event__id` int(11) NOT NULL AUTO_INCREMENT,
                    `isys_task_event__title` varchar(255) DEFAULT NULL,
                    `isys_task_event__description` text,
                    `isys_task_event__const` varchar(255) NOT NULL,
                    `isys_task_event__email_subject_de` text,
                    `isys_task_event__email_body_de` text NOT NULL,
                    `isys_task_event__email_subject_en` text NOT NULL,
                    `isys_task_event__email_body_en` text NOT NULL,
                    `isys_task_event__tpl` varchar(255) NOT NULL,
                    PRIMARY KEY (`isys_task_event__id`)
                    ) ENGINE=InnoDB DEFAULT CHARSET=utf8;
                </exec>
            </sql>
        </query>

        <query>
            <id>12</id>
            <title>Migrate old rights from verwaltung to workflow</title>
            <check ident="C_VALUE_EXISTS">
                SELECT isys_auth__id
                FROM isys_auth
                WHERE isys_auth__isys_module__id = (SELECT isys_module__id FROM isys_module WHERE isys_module__const = 'C__MODULE__SYSTEM' LIMIT 1)
                AND isys_auth__path LIKE 'WORKFLOW%';
            </check>
            <sql>
                <exec ident="true">
                    SET @SYSTEM = (SELECT isys_module__id FROM isys_module WHERE isys_module__const = 'C__MODULE__SYSTEM' LIMIT 1);
                    SET @WORKFLOW = (SELECT isys_module__id FROM isys_module WHERE isys_module__const = 'C__MODULE__WORKFLOW' LIMIT 1);

                    UPDATE isys_auth
                    SET isys_auth__isys_module__id = @WORKFLOW
                    WHERE isys_auth__isys_module__id = @SYSTEM
                    AND isys_auth__path LIKE 'WORKFLOW%';
                </exec>
            </sql>
        </query>

        <query>
            <id>12</id>
            <title>Create default rights for workflow add-on</title>
            <check ident="C_VALUE_EXISTS">
                SELECT isys_auth__isys_module__id FROM isys_auth WHERE isys_auth__isys_module__id = (SELECT isys_module__id FROM isys_module WHERE isys_module__const = 'C__MODULE__WORKFLOW');
            </check>
            <sql>
                <exec ident="false">
                    SET @WORKFLOW = (SELECT isys_module__id FROM isys_module WHERE isys_module__const = 'C__MODULE__WORKFLOW');
                    SET @ADMIN = (SELECT isys_obj__id FROM isys_obj WHERE isys_obj__const = 'C__OBJ__PERSON_GROUP_ADMIN');
                    SET @EDITOR = (SELECT isys_obj__id FROM isys_obj WHERE isys_obj__const = 'C__OBJ__PERSON_GROUP_EDITOR');
                    SET @AUTHOR = (SELECT isys_obj__id FROM isys_obj WHERE isys_obj__const = 'C__OBJ__PERSON_GROUP_AUTHOR');
                    SET @READER = (SELECT isys_obj__id FROM isys_obj WHERE isys_obj__const = 'C__OBJ__PERSON_GROUP_READER');
                    SET @ARCHIVAR = (SELECT isys_obj__id FROM isys_obj WHERE isys_obj__const = 'C__OBJ__PERSON_GROUP_ARCHIVAR');

                    INSERT INTO `isys_auth` (isys_auth__isys_obj__id, isys_auth__type, isys_auth__isys_module__id, isys_auth__path, isys_auth__status)
                    VALUES
                    (@READER,1,@WORKFLOW,'WORKFLOW/*',2),
                    (@READER,1,@WORKFLOW,'WORKFLOW',2),
                    (@EDITOR,3,@WORKFLOW,'WORKFLOW/*',2),
                    (@EDITOR,3,@WORKFLOW,'WORKFLOW',2),
                    (@AUTHOR,15,@WORKFLOW,'WORKFLOW/*',2),
                    (@AUTHOR,15,@WORKFLOW,'WORKFLOW',2),
                    (@ADMIN,2049,@WORKFLOW,'WORKFLOW/*',2),
                    (@ADMIN,2049,@WORKFLOW,'WORKFLOW',2),
                    (@ARCHIVAR,3,@WORKFLOW,'WORKFLOW/*',2),
                    (@ARCHIVAR,3,@WORKFLOW,'WORKFLOW',2);
                </exec>
            </sql>
        </query>

        <query>
            <id>13</id>
            <title>Create logbook event</title>
            <check ident="C_VALUE_EXISTS">
                SELECT isys_logbook_event__id FROM isys_logbook_event WHERE isys_logbook_event__const = 'C__LOGBOOK_ENTRY__WORKFLOW_CREATED';
            </check>
            <sql>
                <exec ident="false">
                    INSERT INTO `isys_logbook_event` (isys_logbook_event__title, isys_logbook_event__description, isys_logbook_event__const) VALUES ('LC__LOGBOOK_ENTRY__WORKFLOW_CREATED','Workflow creation','C__LOGBOOK_ENTRY__WORKFLOW_CREATED');
                </exec>
            </sql>
        </query>

        <query>
            <id>15</id>
            <title>Create workflow types </title>
            <check ident="C_VALUE_EXISTS">
                SELECT isys_workflow_type__id FROM isys_workflow_type WHERE isys_workflow_type__const = 'C__WORKFLOW_TYPE__TASK';
            </check>
            <sql>
                <exec ident="false">
                    INSERT INTO `isys_workflow_type` (isys_workflow_type__title, isys_workflow_type__const, isys_workflow_type__occurrence, isys_workflow_type__datetime, isys_workflow_type__status, isys_workflow_type__sort)
                    VALUES
                    ('Task','C__WORKFLOW_TYPE__TASK',0,NOW(),2,0),
                    ('Checklist','C__WORKFLOW_TYPE__CHECKLIST',1,NOW(),2,0);
                </exec>
            </sql>
        </query>

        <query>
            <id>16</id>
            <title>Create parameters workflow templates </title>
            <check ident="C_VALUE_EXISTS">
                SELECT isys_workflow_template_parameter__id FROM isys_workflow_template_parameter WHERE isys_workflow_template_parameter__title = 'LC__TASK__DETAIL__WORKORDER__START_DATE';
            </check>
            <sql>
                <exec ident="false">
                    INSERT INTO `isys_workflow_template_parameter` (isys_workflow_template_parameter__id, isys_workflow_template_parameter__type, isys_workflow_template_parameter__title, isys_workflow_template_parameter__key, isys_workflow_template_parameter__sort, isys_workflow_template_parameter__status, isys_workflow_template_parameter__property)
                    VALUES
                    (1, 4,'LC__TASK__DETAIL__WORKORDER__START_DATE','task__start_date',1,2,0),
                    (2, 4,'LC__TASK__DETAIL__WORKORDER__END_DATE','task__end_date',2,2,0),
                    (3, 3,'LC__TASK__DETAIL__WORKORDER__DESCRIPTION','task__description',3,2,0),
                    (4, 2,'LC__TASK__DETAIL__WORKORDER__CC_TO','task__cc_to',4,2,0),
                    (5, 4,'LC__TASK__DETAIL__WORKORDER__START_DATE','checklist__start_date',1,2,0),
                    (6, 4,'LC__TASK__DETAIL__WORKORDER__END_DATE','checklist__end_date',2,2,0),
                    (7, 3,'LC__TASK__DETAIL__WORKORDER__DESCRIPTION','checklist__description',3,2,0),
                    (8, 2,'LC__TASK__DETAIL__WORKORDER__CC_TO','checklist__cc_to',4,2,0),
                    (9, 1,'LC__TASK__DETAIL__WORKORDER__NOTIFICATION','task__date_diff',5,2,0),
                    (10, 1,'LC__TASK__DETAIL__WORKORDER__NOTIFICATION','checklist__date_diff',5,2,0);
                </exec>
            </sql>
        </query>

        <query>
            <id>17</id>
            <title>Create relations between workflow type and workflow template parameter</title>
            <check ident="C_VALUE_EXISTS">
                SELECT isys_wf_type_2_wf_tp__id FROM isys_wf_type_2_wf_tp WHERE 1 LIMIT 1;
            </check>
            <sql>
                <exec ident="false">
                    SET @TASK = (SELECT isys_workflow_type__id FROM isys_workflow_type WHERE isys_workflow_type__const = 'C__WORKFLOW_TYPE__TASK');
                    SET @CHECKLIST = (SELECT isys_workflow_type__id FROM isys_workflow_type WHERE isys_workflow_type__const = 'C__WORKFLOW_TYPE__CHECKLIST');

                    INSERT INTO `isys_wf_type_2_wf_tp` (isys_wf_type_2_wf_tp__isys_workflow_type__id, isys_wf_type_2_wf_tp__isys_workflow_template_parameter__id)
                    VALUES
                    (@TASK,(SELECT isys_workflow_template_parameter__id FROM isys_workflow_template_parameter WHERE isys_workflow_template_parameter__key = 'task__start_date' LIMIT 1)),
                    (@TASK,(SELECT isys_workflow_template_parameter__id FROM isys_workflow_template_parameter WHERE isys_workflow_template_parameter__key = 'task__end_date' LIMIT 1)),
                    (@TASK,(SELECT isys_workflow_template_parameter__id FROM isys_workflow_template_parameter WHERE isys_workflow_template_parameter__key = 'task__description' LIMIT 1)),
                    (@TASK,(SELECT isys_workflow_template_parameter__id FROM isys_workflow_template_parameter WHERE isys_workflow_template_parameter__key = 'task__cc_to' LIMIT 1)),
                    (@TASK,(SELECT isys_workflow_template_parameter__id FROM isys_workflow_template_parameter WHERE isys_workflow_template_parameter__key = 'task__date_diff' LIMIT 1)),
                    (@CHECKLIST,(SELECT isys_workflow_template_parameter__id FROM isys_workflow_template_parameter WHERE isys_workflow_template_parameter__key = 'checklist__start_date' LIMIT 1)),
                    (@CHECKLIST,(SELECT isys_workflow_template_parameter__id FROM isys_workflow_template_parameter WHERE isys_workflow_template_parameter__key = 'checklist__end_date' LIMIT 1)),
                    (@CHECKLIST,(SELECT isys_workflow_template_parameter__id FROM isys_workflow_template_parameter WHERE isys_workflow_template_parameter__key = 'checklist__description' LIMIT 1)),
                    (@CHECKLIST,(SELECT isys_workflow_template_parameter__id FROM isys_workflow_template_parameter WHERE isys_workflow_template_parameter__key = 'checklist__cc_to' LIMIT 1)),
                    (@CHECKLIST,(SELECT isys_workflow_template_parameter__id FROM isys_workflow_template_parameter WHERE isys_workflow_template_parameter__key = 'checklist__date_diff' LIMIT 1));
                </exec>
            </sql>
        </query>

        <query>
            <id>18</id>
            <title>Create workflow action types</title>
            <check ident="C_VALUE_EXISTS">
                SELECT isys_workflow_action_type__id FROM isys_workflow_action_type WHERE isys_workflow_action_type__const = 'C__WORKFLOW__ACTION__TYPE__NEW';
            </check>
            <sql>
                <exec ident="false">
                    INSERT INTO `isys_workflow_action_type` (isys_workflow_action_type__title, isys_workflow_action_type__class, isys_workflow_action_type__const, isys_workflow_action_type__datetime, isys_workflow_action_type__status)
                    VALUES
                    ('LC__WORKFLOW__ACTION__TYPE__NEW','isys_workflow_action_new','C__WORKFLOW__ACTION__TYPE__NEW',NOW(),2),
                    ('LC__WORKFLOW__ACTION__TYPE__ASSIGN','isys_workflow_action_assign','C__WORKFLOW__ACTION__TYPE__ASSIGN',NOW(),2),
                    ('LC__WORKFLOW__ACTION__TYPE__ACCEPT','isys_workflow_action_accept','C__WORKFLOW__ACTION__TYPE__ACCEPT',NOW(),2),
                    ('LC__WORKFLOW__ACTION__TYPE__NOTIFICATION','isys_workflow_action_notification','C__WORKFLOW__ACTION__TYPE__NOTIFICATION',NOW(),2),
                    ('LC__WORKFLOW__ACTION__TYPE__CANCEL','isys_workflow_action_cancel','C__WORKFLOW__ACTION__TYPE__CANCEL',NOW(),2),
                    ('LC__WORKFLOW__ACTION__TYPE__COMPLETE','isys_workflow_action_complete','C__WORKFLOW__ACTION__TYPE__COMPLETE',NOW(),2);
                </exec>
            </sql>
        </query>

        <query>
            <id>19</id>
            <title>Create workflow status</title>
            <check ident="C_VALUE_EXISTS">
                SELECT isys_workflow_status__id FROM isys_workflow_status WHERE isys_workflow_status__const = 'C__TASK__STATUS__INIT';
            </check>
            <sql>
                <exec ident="false">
                    INSERT INTO `isys_workflow_status` (isys_workflow_status__title, isys_workflow_status__description, isys_workflow_status__const, isys_workflow_status__sort, isys_workflow_status__property, isys_workflow_status__status)
                    VALUES
                    ('LC__TASK__STATUS__INIT',NULL,'C__TASK__STATUS__INIT',5,0,2),
                    ('LC__TASK__STATUS__ASSIGNMENT',NULL,'C__TASK__STATUS__ASSIGNMENT',5,0,2),
                    ('LC__TASK__STATUS__OPEN',NULL,'C__TASK__STATUS__OPEN',5,0,2),
                    ('LC__TASK__STATUS__PROCESSING',NULL,'C__TASK__STATUS__PROCESSING',5,0,2),
                    ('LC__TASK__STATUS__END',NULL,'C__TASK__STATUS__END',5,0,2),
                    ('LC__TASK__STATUS__CLOSE',NULL,'C__TASK__STATUS__CLOSE',5,0,2),
                    ('LC__TASK__STATUS__CANCEL',NULL,'C__TASK__STATUS__CANCEL',5,0,2),
                    ('LC__TASK__STATUS__ACCEPT',NULL,'C__TASK__STATUS__ACCEPT',5,0,2);
                </exec>
            </sql>
        </query>

        <query>
            <id>20</id>
            <title>Create catg workflow</title>
            <check ident="C_VALUE_EXISTS">
                SELECT isysgui_catg__id FROM isysgui_catg WHERE isysgui_catg__const = 'C__CATG__WORKFLOW';
            </check>
            <sql>
                <exec ident="false">
                    INSERT INTO `isysgui_catg` (`isysgui_catg__type`, `isysgui_catg__title`, `isysgui_catg__description`, `isysgui_catg__const`, `isysgui_catg__source_table`, `isysgui_catg__class_name`, `isysgui_catg__sort`, `isysgui_catg__parent`, `isysgui_catg__list_multi_value`, `isysgui_catg__property`, `isysgui_catg__search`, `isysgui_catg__status`, `isysgui_catg__standard`, `isysgui_catg__overview`) VALUES (1,'LC__CMDB__CATG__WORKFLOW','list of assigned workflows','C__CATG__WORKFLOW','isys_catg_workflow','isys_cmdb_dao_category_g_workflow',235,NULL,1,0,1,2,0,1);
                </exec>
            </sql>
        </query>

        <query>
            <id>19</id>
            <title>Create workflow event tasks</title>
            <check ident="C_VALUE_EXISTS">
                SELECT isys_task_event__id FROM isys_task_event WHERE 1 LIMIT 1;
            </check>
            <sql>
                <exec ident="false">
                    INSERT INTO `isys_task_event` (isys_task_event__title, isys_task_event__description, isys_task_event__const, isys_task_event__email_subject_de, isys_task_event__email_body_de, isys_task_event__email_subject_en, isys_task_event__email_body_en, isys_task_event__tpl)
                    VALUES
                    ('C__EMAIL_TEMPLATE__TASK__BEFORE_ENDDATE','C__EMAIL_TEMPLATE__TASK__BEFORE_ENDDATE','C__EMAIL_TEMPLATE__TASK__BEFORE_ENDDATE','C__EMAIL_TEMPLATE__TASK__BEFORE_ENDDATE','C__EMAIL_TEMPLATE__TASK__BEFORE_ENDDATE','','','C__EMAIL_TEMPLATE__TASK__BEFORE_ENDDATE.tpl'),
                    ('C__EMAIL_TEMPLATE__TASK__NOTIFICATION','C__EMAIL_TEMPLATE__TASK__NOTIFICATION','C__EMAIL_TEMPLATE__TASK__NOTIFICATION','Es wurde soeben ein Workflow erstellt.','Guten Tag,\r\n\r\n[{$g_task.initiator.fullname}] hat soeben ein Workflow erstellt:\r\n\r\nID\r\n     [{$g_task.id}]\r\nTitel\r\n     [{$g_task.title}]\r\nBeschreibung\r\n     [{$g_task.message}]\r\nStatus\r\n     [{$g_task.status}]\r\nLink\r\n     [{$g_task.link}]\r\nbetroffene Objekte\r\n[{foreach from=$g_task.objects item=\"object\"}]\r\n     #[{$object.id}] [{$object.title}] ([{$object.type}]) [{$object.link}]\r\n[{/foreach}]\r\n\r\n','There is a new workflow.','Hello,\r\n\r\n[{$g_task.initiator.fullname}] has created a new workflow:\r\n\r\nID\r\n     [{$g_task.id}]\r\ntitle\r\n     [{$g_task.title}]\r\ndescription\r\n     [{$g_task.message}]\r\nstatus\r\n     [{$g_task.status}]\r\nlink\r\n     [{$g_task.link}]\r\nassigned objects\r\n[{foreach from=$g_task.objects item=\"object\"}]\r\n     #[{$object.id}] [{$object.title}] ([{$object.type}]) [{$object.link}]\r\n[{/foreach}]\r\n','C__EMAIL_TEMPLATE__TASK__NOTIFICATION.tpl'),
                    ('C__EMAIL_TEMPLATE__TASK__ACCEPT','C__EMAIL_TEMPLATE__TASK__ACCEPT','C__EMAIL_TEMPLATE__TASK__ACCEPT','Statusveränderung auf \'[{$g_task.status}]\' bei Workflow #[{$g_task.id}]','Guten Tag,\r\n\r\n[{$g_task.initiator.fullname}] hat soeben einen Workflow erstellt:\r\n\r\nID\r\n [{$g_task.id}]\r\nTitel\r\n [{$g_task.title}]\r\nBeschreibung\r\n [{$g_task.message}]\r\nStatus\r\n [{$g_task.status}]\r\nLink\r\n [{$g_task.link}]\r\nbetroffene Objekte\r\n[{foreach from=$g_task.objects item=\"object\"}]\r\n #[{$object.id}] [{$object.title}] ([{$object.type}]) [{$object.link}]\r\n[{/foreach}]\r\n\r\n','Status of workflow #[{$g_task.id}] changed to \'[{$g_task.status}]\'.','Hello,\r\n\r\nStatus of workflow changed to \'[{$g_task.status}]\'.\r\n\r\nID\r\n     [{$g_task.id}]\r\ntitle\r\n     [{$g_task.title}]\r\ndescription\r\n     [{$g_task.message}]\r\nstatus\r\n     [{$g_task.status}]\r\nlink\r\n     [{$g_task.link}]\r\nassigned objects\r\n[{foreach from=$g_task.objects item=\"object\"}]\r\n     #[{$object.id}] [{$object.title}] ([{$object.type}]) [{$object.link}]\r\n[{/foreach}]\r\n','C__EMAIL_TEMPLATE__TASK__ACCEPT.tpl'),
                    ('C__EMAIL_TEMPLATE__TASK__STATUS_OPEN','C__EMAIL_TEMPLATE__TASK__STATUS_OPEN','C__EMAIL_TEMPLATE__TASK__STATUS_OPEN','C__EMAIL_TEMPLATE__TASK__STATUS_OPEN','C__EMAIL_TEMPLATE__TASK__STATUS_OPEN','','','C__EMAIL_TEMPLATE__TASK__STATUS_OPEN.tpl'),
                    ('C__EMAIL_TEMPLATE__TASK__STATUS_DUE','C__EMAIL_TEMPLATE__TASK__STATUS_DUE','C__EMAIL_TEMPLATE__TASK__STATUS_DUE','C__EMAIL_TEMPLATE__TASK__STATUS_DUE','C__EMAIL_TEMPLATE__TASK__STATUS_DUE','','','C__EMAIL_TEMPLATE__TASK__STATUS_DUE.tpl'),
                    ('C__EMAIL_TEMPLATE__TASK__STATUS_CLOSED','C__EMAIL_TEMPLATE__TASK__STATUS_CLOSED','C__EMAIL_TEMPLATE__TASK__STATUS_CLOSED','Workflow #[{$g_task.id}] wurde abgebrochen.','Guten Tag,\r\n\r\nder Workflow #[{$g_task.id}] wurde abgebrochen.\r\n\r\nID\r\n [{$g_task.id}]\r\nTitel\r\n [{$g_task.title}]\r\nBeschreibung\r\n [{$g_task.message}]\r\nStatus\r\n [{$g_task.status}]\r\nLink\r\n [{$g_task.link}]\r\nbetroffene Objekte\r\n[{foreach from=$g_task.objects item=\"object\"}]\r\n #[{$object.id}] [{$object.title}] ([{$object.type}]) [{$object.link}]\r\n[{/foreach}]\r\n','Workflow #[{$g_task.id}] was aborted.','Hello,\r\n\r\nWorkflow #[{$g_task.id}] was aborted.\r\n\r\nID\r\n     [{$g_task.id}]\r\ntitle\r\n     [{$g_task.title}]\r\ndescription\r\n     [{$g_task.message}]\r\nstatus\r\n     [{$g_task.status}]\r\nlink\r\n     [{$g_task.link}]\r\nassigned objects\r\n[{foreach from=$g_task.objects item=\"object\"}]\r\n     #[{$object.id}] [{$object.title}] ([{$object.type}]) [{$object.link}]\r\n[{/foreach}]\r\n','C__EMAIL_TEMPLATE__TASK__STATUS_CLOSED.tpl'),
                    ('C__EMAIL_TEMPLATE__TASK__COMPLETION_ACCEPTED','C__EMAIL_TEMPLATE__TASK__COMPLETION_ACCEPTED','C__EMAIL_TEMPLATE__TASK__COMPLETION_ACCEPTED','Workflow #[{$g_task.id}] wurde erfolgreich abgeschlossen','Guten Tag,\r\n\r\nder Workflow #[{$g_task.id}] wurde erfolgreich abgeschlossen.\r\n\r\nID\r\n [{$g_task.id}]\r\nTitel\r\n [{$g_task.title}]\r\nBeschreibung\r\n [{$g_task.message}]\r\nStatus\r\n [{$g_task.status}]\r\nLink\r\n [{$g_task.link}]\r\nbetroffene Objekte\r\n[{foreach from=$g_task.objects item=\"object\"}]\r\n #[{$object.id}] [{$object.title}] ([{$object.type}]) [{$object.link}]\r\n[{/foreach}]\r\n','Workflow #[{$g_task.id}] was successfully completed.','Hello,\r\n\r\nWorkflow #[{$g_task.id}] was successfully completed.\r\n\r\nID\r\n     [{$g_task.id}]\r\ntitle\r\n     [{$g_task.title}]\r\ndescription\r\n     [{$g_task.message}]\r\nstatus\r\n     [{$g_task.status}]\r\nlink\r\n     [{$g_task.link}]\r\nassigned objects\r\n[{foreach from=$g_task.objects item=\"object\"}]\r\n     #[{$object.id}] [{$object.title}] ([{$object.type}]) [{$object.link}]\r\n[{/foreach}]\r\n','C__EMAIL_TEMPLATE__TASK__COMPLETION_ACCEPTED.tpl');
                </exec>
            </sql>
        </query>

        <query>
            <title>Set correct unit reference</title>
            <check ident="C_VALUE_EXISTS">
                SELECT isys_module__id
                FROM isys_module
                WHERE isys_module__const = 'C__MODULE__WORKFLOW'
                LIMIT 1;
            </check>
            <sql>
                <exec ident="true">
                    UPDATE isys_module
                    SET isys_module__icon = 'src/classes/modules/workflow/assets/add-on-icon.svg'
                    WHERE isys_module__const = 'C__MODULE__WORKFLOW'
                    LIMIT 1;
                </exec>
            </sql>
        </query>
    </queries>
</isys>
