[{"type":"2","title":"Abteilung","configuration":"a:1:{s:15:\"c_1610102881450\";a:7:{s:4:\"type\";s:7:\"f_popup\";s:5:\"popup\";s:11:\"dialog_plus\";s:5:\"title\";s:9:\"Abteilung\";s:10:\"identifier\";s:9:\"Abteilung\";s:10:\"visibility\";s:7:\"visible\";s:12:\"show_in_list\";i:1;s:11:\"show_inline\";i:0;}}","parent":"0","sort":"0","constant":"C__CATG__CUSTOM_FIELDS_ABTEILUNG","sourceTable":"isys_catg_custom_fields_list","className":"isys_cmdb_dao_category_g_custom_fields","listMultiValue":"0","status":"2","objectTypeAssignment":["C__OBJTYPE__WORKSTATION","C__OBJTYPE__GENERIC_TEMPLATE"]},{"type":"2","title":"Anwendungs-Info","configuration":"a:8:{s:15:\"c_1610972287385\";a:6:{s:4:\"type\";s:7:\"f_popup\";s:5:\"popup\";s:14:\"browser_object\";s:5:\"title\";s:25:\"verantwortlicher IT-Admin\";s:10:\"visibility\";s:7:\"visible\";s:12:\"show_in_list\";i:1;s:11:\"show_inline\";i:0;}s:15:\"c_1610972302945\";a:5:{s:4:\"type\";s:2:\"hr\";s:5:\"title\";s:5:\"Linie\";s:10:\"visibility\";s:7:\"visible\";s:12:\"show_in_list\";i:1;s:11:\"show_inline\";i:0;}s:15:\"c_1610972311260\";a:7:{s:4:\"type\";s:7:\"f_popup\";s:5:\"popup\";s:11:\"dialog_plus\";s:5:\"title\";s:28:\"verantwortliche Orga-Einheit\";s:10:\"identifier\";s:9:\"Abteilung\";s:10:\"visibility\";s:7:\"visible\";s:12:\"show_in_list\";i:1;s:11:\"show_inline\";i:0;}s:15:\"c_1610972328670\";a:7:{s:4:\"type\";s:7:\"f_popup\";s:5:\"popup\";s:11:\"dialog_plus\";s:5:\"title\";s:21:\"nutzende Orga-Einheit\";s:10:\"identifier\";s:9:\"Abteilung\";s:10:\"visibility\";s:7:\"visible\";s:12:\"show_in_list\";i:1;s:11:\"show_inline\";i:0;}s:15:\"c_1610972343972\";a:5:{s:4:\"type\";s:10:\"f_textarea\";s:5:\"title\";s:21:\"Aufgabe der Anwendung\";s:10:\"visibility\";s:7:\"visible\";s:12:\"show_in_list\";i:1;s:11:\"show_inline\";i:0;}s:15:\"c_1610972370374\";a:5:{s:4:\"type\";s:2:\"hr\";s:5:\"title\";s:5:\"Linie\";s:10:\"visibility\";s:7:\"visible\";s:12:\"show_in_list\";i:1;s:11:\"show_inline\";i:0;}s:15:\"c_1610972396020\";a:7:{s:4:\"type\";s:7:\"f_popup\";s:5:\"popup\";s:11:\"dialog_plus\";s:5:\"title\";s:39:\"Vergabe der Berechtigungen in Anwendung\";s:10:\"identifier\";s:9:\"Abteilung\";s:10:\"visibility\";s:7:\"visible\";s:12:\"show_in_list\";i:1;s:11:\"show_inline\";i:0;}s:15:\"c_1610972420147\";a:5:{s:4:\"type\";s:10:\"f_textarea\";s:5:\"title\";s:45:\"Erl\u00e4uterungen zur Vergabe der Berechtigungen\";s:10:\"visibility\";s:7:\"visible\";s:12:\"show_in_list\";i:1;s:11:\"show_inline\";i:0;}}","parent":"0","sort":"0","constant":"C__CATG__CUSTOM_FIELDS_SOFTWARE_INFO","sourceTable":"isys_catg_custom_fields_list","className":"isys_cmdb_dao_category_g_custom_fields","listMultiValue":"0","status":"2","objectTypeAssignment":["C__OBJTYPE__APPLICATION","C__OBJTYPE__GENERIC_TEMPLATE"]},{"type":"2","title":"Dokumentation Berechtigungen","configuration":"a:4:{s:15:\"c_1640719010695\";a:5:{s:4:\"type\";s:4:\"html\";s:5:\"title\";s:590:\"<table border=\"2\">    <tr>        <td>Verwendung der Gruppe<\/td>        <td>Alle Verwendungen, f\u00fcr die die Gruppe genutzt wird<\/td>    <\/tr>    <tr>        <td>Beschreibung der Berechtigungen<\/td>        <td>Dokumentation was erreicht werden soll und welche Berechtigungen dazu an welchen Stellen vergeben werden<\/td>    <\/tr>    <tr>        <td>Betroffene Anwendung<\/td>        <td>Hier wird, sofern vorhanden, die betroffene Anwendung oder das Verzeichnis im FileSystem ausgew\u00e4hlt um den Bezug zwischen Anwendung\/Software und Gruppe            herzustellen        <\/td>    <\/tr><\/table>\";s:10:\"visibility\";s:7:\"visible\";s:12:\"show_in_list\";i:1;s:11:\"show_inline\";i:0;}s:15:\"c_1639602274411\";a:8:{s:4:\"type\";s:7:\"f_popup\";s:5:\"popup\";s:11:\"dialog_plus\";s:5:\"title\";s:10:\"Verwendung\";s:10:\"identifier\";s:10:\"Verwendung\";s:14:\"multiselection\";i:1;s:10:\"visibility\";s:7:\"visible\";s:12:\"show_in_list\";i:1;s:11:\"show_inline\";i:0;}s:15:\"c_1639602343896\";a:8:{s:4:\"type\";s:7:\"f_popup\";s:5:\"popup\";s:14:\"browser_object\";s:5:\"title\";s:20:\"betroffene Anwendung\";s:10:\"identifier\";s:2:\"18\";s:14:\"multiselection\";i:1;s:10:\"visibility\";s:7:\"visible\";s:12:\"show_in_list\";i:1;s:11:\"show_inline\";i:0;}s:15:\"c_1640719137414\";a:5:{s:4:\"type\";s:9:\"f_wysiwyg\";s:5:\"title\";s:24:\"Beschreibung Sollzustand\";s:10:\"visibility\";s:7:\"visible\";s:12:\"show_in_list\";i:1;s:11:\"show_inline\";i:0;}}","parent":"0","sort":"0","constant":"C__CATG__CUSTOM_FIELDS_DOKUMENTATION_BERECHTIGUNGEN","sourceTable":"isys_catg_custom_fields_list","className":"isys_cmdb_dao_category_g_custom_fields","listMultiValue":"0","status":"2","objectTypeAssignment":["C__OBJTYPE__PERSON_GROUP","C__OBJTYPE__GENERIC_TEMPLATE"]},{"type":"2","title":"zur Vergabe von Berechtigungen verwendete Gruppen","configuration":"a:1:{s:15:\"c_1639604261191\";a:7:{s:4:\"type\";s:7:\"f_popup\";s:5:\"popup\";s:14:\"report_browser\";s:5:\"title\";s:18:\"verwendete Gruppen\";s:10:\"identifier\";s:8:\"C__TEST2\";s:10:\"visibility\";s:7:\"visible\";s:12:\"show_in_list\";i:1;s:11:\"show_inline\";i:0;}}","parent":"0","sort":"0","constant":"C__CATG__CUSTOM_FIELDS_ZUR_VERGABE_VON_BERECHTIGUNGEN_VERWENDETE_GRUPPEN","sourceTable":"isys_catg_custom_fields_list","className":"isys_cmdb_dao_category_g_custom_fields","listMultiValue":"0","status":"2","objectTypeAssignment":["C__OBJTYPE__APPLICATION","C__OBJTYPE__GENERIC_TEMPLATE"]}]