{"isys_dialog_plus_custom:Abteilung":[{"title":"Abteilung 1","constant":null,"sort":0},{"title":"test","constant":null,"sort":0},{"title":"Abteilung IT","constant":null,"sort":0},{"title":"Abteilung 2","constant":null,"sort":0},{"title":"Abteilung 3","constant":null,"sort":0},{"title":"Abteilung 4","constant":null,"sort":0},{"title":"Abteilung 5","constant":null,"sort":0},{"title":"Abteilung 6","constant":null,"sort":0},{"title":"Abteilung 7","constant":null,"sort":0},{"title":"alle Abteilungen","constant":null,"sort":0}],"isys_dialog_plus_custom:Verwendung":[{"title":"Vergabe von Rechten innerhalb des Active Directory","constant":null,"sort":0},{"title":"Vergabe von Rechten in Anwendung \u00fcber AD (Mitglieder der AD Gruppe erhalten Rechte in Anwendung)","constant":null,"sort":0},{"title":"Vergabe von Rechten in Anwendung (keine AD Anbindung der Anwendung)","constant":null,"sort":0},{"title":"Nutzung der Gruppe zur Softwareverteilung (Mitglieder der Gruppe erhalten Software)","constant":null,"sort":0},{"title":"Vergabe von Rechten f\u00fcr Ordner im File-System","constant":null,"sort":0},{"title":"Nutzung der Gruppe zur Zuweisung von GPOs an deren Mitglieder","constant":null,"sort":0}]}