[{"title":"verwendete Gruppen","description":"","query":"SELECT\r\nobj_main.isys_obj__id AS '__id__', \r\nj2.isys_catg_accounting_list__inventory_no AS 'LC__CMDB__CATG__ACCOUNTING_INVENTORY_NO###0_38', \r\nobj_main.isys_obj__title AS 'LC__UNIVERSAL__TITLE###0_1', \r\nGROUP_CONCAT(DISTINCT j11.isys_dialog_plus_custom__title SEPARATOR '<br \/>') AS 'Verwendung###4_15', \r\nj12.isys_catg_custom_fields_list__field_content AS 'Beschreibung Sollzustand###4_15',\r\nGROUP_CONCAT(DISTINCT\r\n            CONCAT(j13.isys_cats_person_list__first_name, ' ', j13.isys_cats_person_list__last_name, ' (', j15.isys_catg_mail_addresses_list__title, ')')\r\n            SEPARATOR '<br \/>'\r\n        ) AS 'LC__CONTACT__TREE__MEMBERS###0_9' \r\n\r\n FROM isys_obj AS obj_main \r\nINNER JOIN isys_cmdb_status AS obj_main_status ON obj_main_status.isys_cmdb_status__id = obj_main.isys_obj__isys_cmdb_status__id \r\nLEFT JOIN isys_catg_accounting_list AS j2 ON j2.isys_catg_accounting_list__isys_obj__id = obj_main.isys_obj__id  \r\nLEFT JOIN isys_person_2_group AS j4 ON obj_main.isys_obj__id = j4.isys_person_2_group__isys_obj__id__group \r\nLEFT JOIN isys_cats_person_list AS j6 ON j4.isys_person_2_group__isys_obj__id__person = j6.isys_cats_person_list__isys_obj__id \r\nLEFT JOIN isys_obj AS j9 ON j9.isys_obj__id = j6.isys_cats_person_list__isys_obj__id \r\nLEFT JOIN isys_catg_custom_fields_list AS ROOT_C__CATG__CUSTOM_FIELDS_DOKUMENTATION_BERECHTIGUNGEN ON obj_main.isys_obj__id = ROOT_C__CATG__CUSTOM_FIELDS_DOKUMENTATION_BERECHTIGUNGEN.isys_catg_custom_fields_list__isys_obj__id\r\n                                AND ROOT_C__CATG__CUSTOM_FIELDS_DOKUMENTATION_BERECHTIGUNGEN.isys_catg_custom_fields_list__isysgui_catg_custom__id = (SELECT isysgui_catg_custom__id FROM isysgui_catg_custom WHERE isysgui_catg_custom__const = 'C__CATG__CUSTOM_FIELDS_DOKUMENTATION_BERECHTIGUNGEN')\r\n                                AND ROOT_C__CATG__CUSTOM_FIELDS_DOKUMENTATION_BERECHTIGUNGEN.isys_catg_custom_fields_list__field_type = 'commentary'  LEFT JOIN isys_catg_custom_fields_list AS j10 ON obj_main.isys_obj__id = j10.isys_catg_custom_fields_list__isys_obj__id AND j10.isys_catg_custom_fields_list__field_key = 'c_1639602274411' \r\n                                AND j10.isys_catg_custom_fields_list__data__id = ROOT_C__CATG__CUSTOM_FIELDS_DOKUMENTATION_BERECHTIGUNGEN.isys_catg_custom_fields_list__data__id  \r\n LEFT JOIN isys_dialog_plus_custom AS j11 ON j10.isys_catg_custom_fields_list__field_content = j11.isys_dialog_plus_custom__id  \r\n LEFT JOIN isys_catg_custom_fields_list AS j12 ON obj_main.isys_obj__id = j12.isys_catg_custom_fields_list__isys_obj__id AND j12.isys_catg_custom_fields_list__field_key = 'c_1640719137414'  AND j12.isys_catg_custom_fields_list__data__id = ROOT_C__CATG__CUSTOM_FIELDS_DOKUMENTATION_BERECHTIGUNGEN.isys_catg_custom_fields_list__data__id  \r\nLEFT JOIN isys_cats_person_list AS j13 ON j13.isys_cats_person_list__isys_obj__id = j6.isys_cats_person_list__isys_obj__id  \r\nLEFT JOIN isys_obj AS j14 ON j14.isys_obj__id = j6.isys_cats_person_list__isys_obj__id \r\nLEFT JOIN isys_catg_mail_addresses_list AS j15 ON j15.isys_catg_mail_addresses_list__isys_obj__id = j6.isys_cats_person_list__isys_obj__id  AND j15.isys_catg_mail_addresses_list__primary = 1  \r\nLEFT JOIN isys_obj AS j16 ON j16.isys_obj__id = j6.isys_cats_person_list__isys_obj__id \r\nLEFT JOIN isys_obj_type AS j17 ON j17.isys_obj_type__id = obj_main.isys_obj__isys_obj_type__id \r\n LEFT JOIN isys_catg_custom_fields_list AS j19 ON obj_main.isys_obj__id = j19.isys_catg_custom_fields_list__isys_obj__id AND j19.isys_catg_custom_fields_list__field_key = 'c_1639602343896'  AND j19.isys_catg_custom_fields_list__data__id = ROOT_C__CATG__CUSTOM_FIELDS_DOKUMENTATION_BERECHTIGUNGEN.isys_catg_custom_fields_list__data__id  \r\n LEFT JOIN isys_obj AS j20 ON j19.isys_catg_custom_fields_list__field_content = j20.isys_obj__id  \r\n\r\nWHERE TRUE\r\n  AND  ( (j17.isys_obj_type__id != '60' ) AND (j17.isys_obj_type__id != '63' ) ) AND ( (j20.isys_obj__id PLACEHOLDER.2 'object-id' ) )\r\n--  AND  ( (j17.isys_obj_type__id != '60' ) AND (j17.isys_obj_type__id != '63' ) ) AND ( (j20.isys_obj__id = 82 ) )\r\n  GROUP BY obj_main.isys_obj__id\r\n ORDER BY j2.isys_catg_accounting_list__inventory_no DESC","queryRow":null,"datetime":"2022-01-26 08:00:48","type":"0","userSpecific":"0","querybuilderData":null,"categoryId":"8","emptyValues":"1","displayRelations":"0","categoryReport":"1","constant":"C__TEST2","compressedMultivalueResults":"0","showHtml":"1"}]