<?xml version="1.0" encoding="UTF-8"?>
<!--suppress ALL -->
<isys>
    <delete>
        <file>src/classes/components/isys_component_dao_nagios.class.php</file>
        <file>src/classes/export/isys_export_helper_nagios.class.php</file>
        <!-- CMDB global categories -->
        <file>src/classes/modules/cmdb/dao/category/global/isys_cmdb_dao_category_g_nagios.class.php</file>
        <file>src/classes/modules/cmdb/dao/category/global/isys_cmdb_dao_category_g_nagios_group.class.php</file>
        <file>src/classes/modules/cmdb/dao/category/global/isys_cmdb_dao_category_g_nagios_host_tpl_assigned_objects.class.php</file>
        <file>src/classes/modules/cmdb/dao/category/global/isys_cmdb_dao_category_g_nagios_host_tpl_def.class.php</file>
        <file>src/classes/modules/cmdb/dao/category/global/isys_cmdb_dao_category_g_nagios_refs_services.class.php</file>
        <file>src/classes/modules/cmdb/dao/category/global/isys_cmdb_dao_category_g_nagios_refs_services_backwards.class.php</file>
        <file>src/classes/modules/cmdb/dao/category/global/isys_cmdb_dao_category_g_nagios_service_def.class.php</file>
        <file>src/classes/modules/cmdb/dao/category/global/isys_cmdb_dao_category_g_nagios_service_dep.class.php</file>
        <file>src/classes/modules/cmdb/dao/category/global/isys_cmdb_dao_category_g_nagios_service_refs_tpl_backwards.class.php</file>
        <file>src/classes/modules/cmdb/dao/category/global/isys_cmdb_dao_category_g_nagios_service_tpl_def.class.php</file>
        <!-- CMDB global category lists -->
        <file>src/classes/modules/cmdb/dao/list/isys_cmdb_dao_list_catg_nagios_host_tpl_assigned_objects.class.php</file>
        <file>src/classes/modules/cmdb/dao/list/isys_cmdb_dao_list_catg_nagios_refs_services.class.php</file>
        <file>src/classes/modules/cmdb/dao/list/isys_cmdb_dao_list_catg_nagios_refs_services_backwards.class.php</file>
        <file>src/classes/modules/cmdb/dao/list/isys_cmdb_dao_list_catg_nagios_service_dep.class.php</file>
        <file>src/classes/modules/cmdb/dao/list/isys_cmdb_dao_list_catg_nagios_service_refs_tpl_backwards.class.php</file>
        <!-- CMDB global category UIs -->
        <file>src/classes/modules/cmdb/ui/global/isys_cmdb_ui_category_g_nagios.class.php</file>
        <file>src/classes/modules/cmdb/ui/global/isys_cmdb_ui_category_g_nagios_group.class.php</file>
        <file>src/classes/modules/cmdb/ui/global/isys_cmdb_ui_category_g_nagios_host_tpl_assigned_objects.class.php</file>
        <file>src/classes/modules/cmdb/ui/global/isys_cmdb_ui_category_g_nagios_host_tpl_def.class.php</file>
        <file>src/classes/modules/cmdb/ui/global/isys_cmdb_ui_category_g_nagios_refs_services.class.php</file>
        <file>src/classes/modules/cmdb/ui/global/isys_cmdb_ui_category_g_nagios_refs_services_backwards.class.php</file>
        <file>src/classes/modules/cmdb/ui/global/isys_cmdb_ui_category_g_nagios_service_def.class.php</file>
        <file>src/classes/modules/cmdb/ui/global/isys_cmdb_ui_category_g_nagios_service_dep.class.php</file>
        <file>src/classes/modules/cmdb/ui/global/isys_cmdb_ui_category_g_nagios_service_refs_tpl_backwards.class.php</file>
        <file>src/classes/modules/cmdb/ui/global/isys_cmdb_ui_category_g_nagios_service_tpl_def.class.php</file>

        <!-- CMDB specific categories -->
        <file>src/classes/modules/cmdb/dao/category/specific/isys_cmdb_dao_category_s_person_group_nagios.class.php</file>
        <file>src/classes/modules/cmdb/dao/category/specific/isys_cmdb_dao_category_s_person_nagios.class.php</file>
        <!-- CMDB specific category UIs -->
        <file>src/classes/modules/cmdb/ui/specific/isys_cmdb_ui_category_s_person_group_nagios.class.php</file>
        <file>src/classes/modules/cmdb/ui/specific/isys_cmdb_ui_category_s_person_nagios.class.php</file>

        <!-- Remove example controller configurations -->
        <file>src/handler/config/examples/isys_handler_nagios.inc.php</file>
        <file>src/handler/config/examples/isys_handler_nagios_export.inc.php</file>

        <!-- Remove old icon -->
        <file>src/classes/modules/nagios/assets/img/nagios.png</file>
        <dir>src/classes/modules/nagios/assets/img</dir>
    </delete>
</isys>
