<?xml version="1.0" encoding="UTF-8"?>
<!--suppress ALL -->
<isys>
    <delete>
        <!-- Remove old helper -->
        <file>src/classes/modules/analytics/helper/isys_analytics_helper.class.php</file>
        <dir>src/classes/modules/analytics/helper</dir>

        <!-- Remove unused ajax handler -->
        <file>src/classes/modules/analytics/handler/ajax/isys_ajax_handler_analytics.class.php</file>
        <dir>src/classes/modules/analytics/handler/ajax</dir>
        <dir>src/classes/modules/analytics/handler</dir>
    </delete>
</isys>
