<?xml version="1.0" encoding="UTF-8"?>
<!--suppress ALL -->
<isys>
    <delete>
        <!-- Remove old test files -->

        <!-- Export files -->
        <file>src/classes/modules/document/resources/export/document-template-1.zip</file>
        <file>src/classes/modules/document/resources/export/data.zip</file>
        <file>src/classes/modules/document/resources/export/document-template-85zip</file>
        <file>src/classes/modules/document/resources/export/document-template-6.zip</file>
        <file>src/classes/modules/document/resources/export/document-template-85.zip</file>

        <!-- Import files and directories -->
        <file>src/classes/modules/document/resources/import/3ea54ae6__dok_footer_in_header/images/snag-logo2.png</file>
        <file>src/classes/modules/document/resources/import/3ea54ae6__dok_footer_in_header/images/0eed175d04c9cc4decabc708d6cd07c1.jpg</file>
        <file>src/classes/modules/document/resources/import/3ea54ae6__dok_footer_in_header/images/c4f6602b_footer.png</file>
        <file>src/classes/modules/document/resources/import/3ea54ae6__dok_footer_in_header/images/9fbe8137b5b54a883174f9b469662f03.jpg</file>
        <file>src/classes/modules/document/resources/import/3ea54ae6__dok_footer_in_header/data.json</file>
        <file>src/classes/modules/document/resources/import/3ea54ae6__dok_footer_in_header.zip</file>
        <dir>src/classes/modules/document/resources/import/3ea54ae6__dok_footer_in_header/images</dir>
        <dir>src/classes/modules/document/resources/import/3ea54ae6__dok_footer_in_header</dir>

        <!-- Uploaded files -->
        <file>src/classes/modules/document/resources/upload/c4f6602b_footer.png</file>
        <file>src/classes/modules/document/resources/upload/footer.png</file>
        <file>src/classes/modules/document/resources/upload/snag-logo2.png</file>

        <!-- Removing old popup file -->
        <file>src/classes/modules/document/popups/isys_popup_document_placeholder_edit.class.php</file>
        <file>src/classes/modules/document/popups/isys_popup_document_edit_category_property.class.php</file>
        <file>src/classes/modules/document/popups/isys_popup_document_remove_chapter.class.php</file>
        <file>src/classes/modules/document/templates/popup/remove_chapter.tpl</file>

        <!-- Removing old 'isys_document_format_fpdi.class.php' (was renamed to 'isys_document_format_pdf.class.php') -->
        <file>src/classes/modules/document/format/isys_document_format_fpdi.class.php</file>
    </delete>
</isys>
